id,name,advertiser_id,bc_id,country,agent_id,timezone,consumption,status_id,acquired_date,death_date,status_changed_date,remark,owner_id,deleted_at,created_at,updated_at
1,7615807475371016193,7615807475371016193,1,泰国,139,+7,929.60,,3月16日,,,,23,,2026-09-22 00:05:13,2026-10-06 18:55:31
2,7613729712430432257,7613729712430432257,1,印尼,139,+7,"92,000.00",,3月19日,,,,23,,2026-09-22 00:05:13,2026-10-06 18:55:31
3,7621093057970241537,7621093057970241537,1,印尼,139,+7,462.89,,4月9日,,,,23,,2026-09-22 00:05:13,2026-10-06 18:55:31
4,7615518952940109841,7615518952940109841,1,印尼,139,+8,"6,103.48",,4月11日,,,,23,,2026-09-22 00:05:13,2026-10-06 18:55:31
5,7626583703946346514,7626583703946346514,1,印尼,140,+8,0,31,4月15日,,2026-09-22 00:58:42,,23,2026-10-06 19:48:00,2026-09-22 00:05:13,2026-10-06 18:55:31
6,7626583817210429458,7626583817210429458,2,印尼,140,+8,0,110,4月15日,,2026-10-06 18:55:31,,23,,2026-09-22 01:13:30,2026-10-06 18:55:31
7,7626584024902795282,7626584024902795282,3,泰国,140,+7,"1,555.89",31,4月18日,,,,23,2026-10-06 19:48:00,2026-09-22 01:13:30,2026-10-06 18:55:31
8,7628876329118875666,7628876329118875666,4,巴西,140,-3,270.9,31,4月20日,,,,23,2026-10-06 19:48:00,2026-09-22 01:13:30,2026-10-06 18:55:31
9,7628859609306071047,7628859609306071047,4,巴西,140,-3,0,31,4月20日,,,,23,2026-10-06 19:48:00,2026-09-22 01:13:30,2026-10-06 18:55:31
10,7641178745759612935,7641178745759612935,4,巴西,141,-3,,114,5月26日,2026-10-06,2026-10-06 18:56:13,,23,,2026-09-22 01:13:30,2026-10-06 19:42:48
11,7613269674045734929,7613269674045734929,3,菲律宾,139,8,,31,6月11日,,,,23,2026-10-06 19:48:00,2026-09-22 01:13:30,2026-10-06 18:55:31
12,7613269597101260817,7613269597101260817,3,菲律宾,139,8,,31,6月11日,,,,23,2026-10-06 19:48:00,2026-09-22 01:13:30,2026-10-06 18:55:31
13,7628880301909278727,7628880301909278727,3,菲律宾,140,8,,32,6月18日,2026-10-04,2026-10-04 03:46:52,,23,2026-10-06 19:48:42,2026-09-22 01:13:30,2026-10-06 18:55:31
14,7654429257279520786,7654429257279520786,5,巴铁,140,5,,98,6月23日,,2026-10-06 18:55:31,,23,,2026-09-22 01:13:30,2026-10-06 18:55:31
15,7654427516166946824,7654427516166946824,5,巴铁,140,5,,99,6月23日,,2026-10-06 18:55:31,,23,,2026-09-22 01:13:30,2026-10-06 18:55:31
16,7638836927051120647,7638836927051120647,3,菲律宾,139,8,,31,6月26日,,,,23,2026-10-06 19:48:00,2026-09-22 01:13:30,2026-10-06 18:55:31
17,7654836328988753927,7654836328988753927,3,菲律宾,140,8,,122,6月26日,,2026-10-06 18:56:13,,23,,2026-09-22 01:13:30,2026-10-06 19:42:48
18,7654837178297122834,7654837178297122834,3,菲律宾,140,8,,122,6月26日,2026-10-06,2026-10-06 19:42:48,,23,,2026-09-22 01:13:30,2026-10-06 19:42:48
19,7613689780672446472,7613689780672446472,3,菲律宾,139,8,,32,6月26日,2026-10-04,2026-10-04 03:46:52,,23,2026-10-06 19:48:42,2026-09-22 01:13:30,2026-10-06 18:55:31
20,7652198634626220040,7652198634626220040,1,印尼,140,7,,31,7月9日,,,,23,2026-10-06 19:48:00,2026-09-22 01:13:30,2026-10-06 18:55:31
21,7652198675135987720,7652198675135987720,1,印尼,140,7,,32,7月9日,2026-09-27,2026-09-27 15:05:42,,23,2026-10-06 19:48:42,2026-09-22 01:13:30,2026-10-06 18:55:31
22,7652198623790579720,7652198623790579720,1,印尼,140,7,,32,7月9日,2026-09-27,2026-09-27 15:05:42,,23,2026-10-06 19:48:42,2026-09-22 01:13:30,2026-10-06 18:55:31
23,7658964655922266130,7658964655922266130,1,印尼,142,7,,31,7月21日,,,,23,2026-10-06 19:48:00,2026-09-22 01:13:30,2026-10-06 18:55:31
24,7665253633143439381,7665253633143439381,1,印尼,139,7,,31,7月23日,,,,23,2026-10-06 19:48:00,2026-09-22 01:13:30,2026-10-06 18:55:31
25,7669727553887748117,7669727553887748117,5,菲律宾,142,8,,31,8月10日,,,,23,2026-10-06 19:48:00,2026-09-22 01:13:30,2026-10-06 18:55:31
26,7628529652139229202,7628529652139229202,1,印尼,143,7,,31,8月11日,,,,23,2026-10-06 19:48:00,2026-09-22 01:13:30,2026-10-06 18:55:31
27,7613698427965997057,7613698427965997057,1,印尼,144,7,,32,8月26日,2026-09-22,,,23,2026-10-06 19:48:42,2026-09-22 01:13:30,2026-10-06 18:55:31
28,7669727936123256852,7669727936123256852,1,印尼,142,7,,31,8月27日,,,,23,2026-10-06 19:48:00,2026-09-22 01:13:30,2026-10-06 18:55:31
29,7669728123990212629,7669728123990212629,1,印尼,142,7,,31,8月27日,,,,23,2026-10-06 19:48:00,2026-09-22 01:13:30,2026-10-06 18:55:31
30,7676488778946232328,7676488778946232328,1,印尼,145,7,,31,8月29日,,,,23,2026-10-06 19:48:00,2026-09-22 01:13:30,2026-10-06 18:55:31
31,7581306268039954448,7581306268039954448,1,菲律宾,139,8,,31,9月2日,,,,23,2026-10-06 19:48:00,2026-09-22 01:13:30,2026-10-06 18:55:31
32,7581306220833996816,7581306220833996816,1,菲律宾,139,8,,31,9月2日,,,,23,2026-10-06 19:48:00,2026-09-22 01:13:30,2026-10-06 18:55:31
33,7670469630376574984,7670469630376574984,1,印尼,139,7,,31,9月2日,,,,23,2026-10-06 19:48:00,2026-09-22 01:13:30,2026-10-06 18:55:31
34,7559853288536080391,7559853288536080391,1,印尼,139,8,,32,9月4日,2026-09-27,2026-09-27 15:05:42,,23,2026-10-06 19:48:42,2026-09-22 01:13:30,2026-10-06 18:55:31
35,7613962380741230609,7613962380741230609,1,印尼,140,7,,31,9月4日,,,,23,2026-10-06 19:48:00,2026-09-22 01:13:30,2026-10-06 18:55:31
36,7673406333076537364,7673406333076537364,1,印尼,142,7,,31,9月7日,,,,23,2026-10-06 19:48:00,2026-09-22 01:13:30,2026-10-06 18:55:31
37,7685280435559186439,7685280435559186439,1,印尼,146,7,,32,9月14日,2026-09-22,,,23,2026-10-06 19:48:42,2026-09-22 01:13:30,2026-10-06 18:55:31
38,7669693926332383252,7669693926332383252,1,印尼,139,7,,32,9月15日,2026-09-22,,,23,2026-10-06 19:48:42,2026-09-22 01:13:30,2026-10-06 18:55:31
39,7641878356614447122,7641878356614447122,1,印尼,144,7,,32,9月15日,2026-09-22,,,23,2026-10-06 19:48:42,2026-09-22 01:13:30,2026-10-06 18:55:31
40,7670805360021749778,7670805360021749778,1,印尼,147,7,,32,9月16日,2026-09-27,2026-09-27 15:05:42,,23,2026-10-06 19:48:42,2026-09-22 01:13:30,2026-10-06 18:55:31
41,7678664256887226388,7678664256887226388,1,印尼,148,8,,31,9月17日,,,,23,2026-10-06 19:48:00,2026-09-22 01:13:30,2026-10-06 18:55:31
42,7684196000785137682,7684196000785137682,1,印尼,149,7,,32,9月17日,2026-10-04,2026-10-04 03:46:52,,23,2026-10-06 19:48:42,2026-09-22 01:13:30,2026-10-06 18:55:31
43,7632219290013401095,7632219290013401095,1,印尼,144,8,,32,9月18日,2026-09-27,2026-09-27 15:05:42,,23,2026-10-06 19:48:42,2026-09-22 01:13:30,2026-10-06 18:55:31
44,7667784524238946325,7667784524238946325,1,印尼,139,7,,32,9月18日,2026-09-22,,,23,2026-10-06 19:48:42,2026-09-22 01:13:30,2026-10-06 18:55:31
45,7667784708847190034,7667784708847190034,1,印尼,139,7,,32,9月18日,2026-09-27,2026-09-27 15:05:42,,23,2026-10-06 19:48:42,2026-09-22 01:13:30,2026-10-06 18:55:31
46,7676368462357839879,7676368462357839879,1,印尼,143,7,,32,9月18日,2026-09-22,,,23,2026-10-06 19:48:42,2026-09-22 01:13:30,2026-10-06 18:55:31
47,7676368682771120135,7676368682771120135,1,印尼,143,7,,32,9月18日,2026-09-22,,,23,2026-10-06 19:48:42,2026-09-22 01:13:30,2026-10-06 18:55:31
48,7667783641237618696,7667783641237618696,1,印尼,139,7,,32,9月21日,2026-10-04,2026-10-04 03:46:52,,23,2026-10-06 19:48:42,2026-09-22 01:13:30,2026-10-06 18:55:31
49,7667784085704359944,7667784085704359944,1,印尼,139,7,,32,9月21日,2026-09-27,2026-09-27 15:05:42,,23,2026-10-06 19:48:42,2026-09-22 01:13:30,2026-10-06 18:55:31
50,7678689678438187029,7678689678438187029,1,印尼,148,7,,31,9月23日,,,,23,2026-10-06 19:48:00,2026-09-24 14:10:59,2026-10-06 18:55:31
51,7678688262379716628,7678688262379716628,1,印尼,148,7,,32,9月23日,2026-09-24,2026-09-24 14:11:09,,23,2026-10-06 19:48:42,2026-09-24 14:10:59,2026-10-06 18:55:31
52,7615165250001747986,7615165250001747986,6,巴西,139,-3,"23,275.64",109,3月31日,2026-10-06,2026-10-06 19:42:48,,28,,2026-09-24 16:06:21,2026-10-06 18:55:31
53,7628174029837189128,7628174029837189128,6,巴西,143,-3,7.7,31,4月16日,2026-10-06,2026-10-06 18:55:31,,28,2026-10-06 19:48:00,2026-09-24 16:06:21,2026-10-06 18:55:31
54,7628880276748910599,7628880276748910599,7,泰国,140,+7,0,31,4月21日,,,,28,2026-10-06 19:48:04,2026-09-24 16:06:21,2026-10-06 18:55:31
55,7631409818637008914,7631409818637008914,6,巴西,153,-3,,31,5月8日,2026-10-06,2026-10-06 18:55:31,,28,2026-10-06 19:48:00,2026-09-24 16:06:21,2026-10-06 19:42:48
56,7631409682226872338,7631409682226872338,6,巴西,153,-3,,125,5月8日,2026-10-06,2026-10-06 19:42:48,,28,,2026-09-24 16:06:21,2026-10-06 19:42:48
57,7615516381915758593,7615516381915758593,7,印尼,154,8,,31,6月16日,,,,28,2026-10-06 19:48:04,2026-09-24 16:06:21,2026-10-06 18:55:31
58,7634176817049419794,7634176817049419794,8,巴西,143,-3,,32,6月17日,2026-09-24,,,28,2026-10-06 19:48:42,2026-09-24 16:06:21,2026-10-06 18:55:31
59,7634176807033094162,7634176807033094162,8,巴西,143,-3,,32,6月17日,2026-09-24,,,28,2026-10-06 19:48:42,2026-09-24 16:06:21,2026-10-06 18:55:31
60,7634440316724051975,7634440316724051975,8,巴西,142,-3,,32,6月18日,2026-09-24,,,28,2026-10-06 19:48:42,2026-09-24 16:06:21,2026-10-06 18:55:31
61,7628880441197592583,7628880441197592583,7,印尼,142,7,,31,6月18日,2026-10-06,2026-10-06 18:55:31,,28,2026-10-06 19:48:04,2026-09-24 16:06:21,2026-10-06 18:55:31
62,7652205412862672914,7652205412862672914,8,巴西,140,-3,,32,6月20日,2026-09-24,,,28,2026-10-06 19:48:42,2026-09-24 16:06:21,2026-10-06 18:55:31
63,7652205320357462024,7652205320357462024,8,巴西,140,-3,,32,6月20日,2026-09-24,,,28,2026-10-06 19:48:42,2026-09-24 16:06:21,2026-10-06 18:55:31
64,7652205425806376978,7652205425806376978,8,巴西,140,-3,,32,6月20日,2026-09-24,,,28,2026-10-06 19:48:42,2026-09-24 16:06:21,2026-10-06 18:55:31
65,7652205277879107592,7652205277879107592,8,巴西,140,-3,,32,6月20日,2026-09-24,,,28,2026-10-06 19:48:42,2026-09-24 16:06:21,2026-10-06 18:55:31
66,7652205271136518152,7652205271136518152,8,巴西,140,-3,,32,6月20日,2026-09-24,,,28,2026-10-06 19:48:42,2026-09-24 16:06:21,2026-10-06 18:55:31
67,7652205300652572680,7652205300652572680,8,巴西,140,-3,,32,6月20日,2026-09-24,,,28,2026-10-06 19:48:42,2026-09-24 16:06:21,2026-10-06 18:55:31
68,7654429156335222802,7654429156335222802,7,巴铁,140,5,,32,6月23日,2026-09-24,,,28,2026-10-06 19:48:42,2026-09-24 16:06:21,2026-10-06 18:55:31
69,7654427540655833096,7654427540655833096,8,巴西,140,-3,,32,6月23日,2026-09-24,,,28,2026-10-06 19:48:42,2026-09-24 16:06:21,2026-10-06 18:55:31
70,7654429036998918152,7654429036998918152,8,巴西,140,-3,,32,6月23日,2026-09-24,,,28,2026-10-06 19:48:42,2026-09-24 16:06:21,2026-10-06 18:55:31
71,7654428960868352008,7654428960868352008,8,巴西,140,-3,,32,6月23日,2026-09-24,,,28,2026-10-06 19:48:42,2026-09-24 16:06:21,2026-10-06 18:55:31
72,7654836382023843858,7654836382023843858,7,巴铁,140,5,,31,6月24日,,,,28,2026-10-06 19:48:04,2026-09-24 16:06:21,2026-10-06 18:55:31
73,7654507198143643655,7654507198143643655,7,印尼,140,7,,32,6月24日,2026-09-24,,,28,2026-10-06 19:48:42,2026-09-24 16:06:21,2026-10-06 18:55:31
74,7654507111552303112,7654507111552303112,7,印尼,140,7,,32,6月24日,2026-09-24,,,28,2026-10-06 19:48:42,2026-09-24 16:06:21,2026-10-06 18:55:31
75,7613657657123061776,7613657657123061776,7,菲律宾,139,8,,32,6月26日,2026-09-24,,,28,2026-10-06 19:48:42,2026-09-24 16:06:21,2026-10-06 18:55:31
76,7613689676255313927,7613689676255313927,7,菲律宾,139,8,,31,6月26日,2026-10-06,2026-10-06 18:55:31,,28,2026-10-06 19:48:04,2026-09-24 16:06:21,2026-10-06 18:55:31
77,7656734567390380040,7656734567390380040,7,泰国,140,8,,31,6月30日,,,,28,2026-10-06 19:48:04,2026-09-24 16:06:21,2026-10-06 18:55:31
78,7656734490938736648,7656734490938736648,7,泰国,140,8,,31,6月30日,,,,28,2026-10-06 19:48:04,2026-09-24 16:06:21,2026-10-06 18:55:31
79,7656734396887957511,7656734396887957511,7,泰国,140,8,,31,6月30日,,,,28,2026-10-06 19:48:04,2026-09-24 16:06:21,2026-10-06 18:55:31
80,7656734321075896338,7656734321075896338,7,泰国,140,8,,31,6月30日,,,,28,2026-10-06 19:48:04,2026-09-24 16:06:21,2026-10-06 18:55:31
81,7621392887867080720,7621392887867080720,7,泰国,154,8,,31,6月30日,,,,28,2026-10-06 19:48:04,2026-09-24 16:06:21,2026-10-06 18:55:31
82,7649689638935920660,7649689638935920660,7,印尼,147,7,,32,7月7日,2026-09-24,,,28,2026-10-06 19:48:42,2026-09-24 16:06:21,2026-10-06 18:55:31
83,7652225010010062855,7652225010010062855,7,印尼,140,7,,32,7月9日,2026-09-24,,,28,2026-10-06 19:48:42,2026-09-24 16:06:21,2026-10-06 18:55:31
84,7652225111147266056,7652225111147266056,7,印尼,140,7,,32,7月9日,2026-09-24,,,28,2026-10-06 19:48:42,2026-09-24 16:06:21,2026-10-06 18:55:31
85,7660048359151058952,7660048359151058952,7,印尼,139,7,,31,7月14日,,,,28,2026-10-06 19:48:04,2026-09-24 16:06:21,2026-10-06 18:55:31
86,7657481171114491912,7657481171114491912,6,巴西,142,-3,,32,7月21日,2026-09-24,,,28,2026-10-06 19:48:42,2026-09-24 16:06:21,2026-10-06 18:55:31
87,7657480741925502984,7657480741925502984,6,巴西,142,-3,,31,7月21日,2026-10-06,2026-10-06 18:55:31,,28,2026-10-06 19:48:00,2026-09-24 16:06:21,2026-10-06 18:55:31
88,7658965246557192210,7658965246557192210,9,印尼,142,7,,32,7月21日,2026-09-24,,,28,2026-10-06 19:48:42,2026-09-24 16:06:21,2026-10-06 18:55:31
89,7658964864815300626,7658964864815300626,7,印尼,142,7,,32,7月21日,2026-09-24,,,28,2026-10-06 19:48:42,2026-09-24 16:06:21,2026-10-06 18:55:31
90,7659312825722142728,7659312825722142728,7,印尼,142,7,,32,7月23日,2026-09-24,,,28,2026-10-06 19:48:42,2026-09-24 16:06:21,2026-10-06 18:55:31
91,7658856967262306311,7658856967262306311,7,印尼,142,7,,31,7月27日,2026-10-06,2026-10-06 18:55:31,,28,2026-10-06 19:48:04,2026-09-24 16:06:21,2026-10-06 18:55:31
92,7662271403819368469,7662271403819368469,6,巴西,142,-3,,31,7月28日,2026-10-06,2026-10-06 18:55:31,,28,2026-10-06 19:48:00,2026-09-24 16:06:21,2026-10-06 18:55:31
93,7662271798892970005,7662271798892970005,6,巴西,142,-3,,31,7月28日,2026-10-06,2026-10-06 18:55:31,,28,2026-10-06 19:48:00,2026-09-24 16:06:21,2026-10-06 18:55:31
94,7660035497644982279,7660035497644982279,6,巴西,142,-3,,31,7月31日,2026-10-06,2026-10-06 18:55:31,,28,2026-10-06 19:48:00,2026-09-24 16:06:21,2026-10-06 18:55:31
95,7660035826482479112,7660035826482479112,6,巴西,142,-3,,31,7月31日,2026-10-06,2026-10-06 18:55:31,,28,2026-10-06 19:48:00,2026-09-24 16:06:21,2026-10-06 18:55:31
96,7660036574636425234,7660036574636425234,6,巴西,142,-3,,31,8月3日,2026-10-06,2026-10-06 18:55:31,,28,2026-10-06 19:48:00,2026-09-24 16:06:21,2026-10-06 18:55:31
97,7660036151470129170,7660036151470129170,6,巴西,142,-3,,31,8月3日,2026-10-06,2026-10-06 18:55:31,,28,2026-10-06 19:48:00,2026-09-24 16:06:21,2026-10-06 18:55:31
98,7660035935815565320,7660035935815565320,6,巴西,142,-3,,31,8月3日,,,,28,2026-10-06 19:48:00,2026-09-24 16:06:21,2026-10-06 18:55:31
99,7660036279302815762,7660036279302815762,6,巴西,142,-3,,31,8月3日,,,,28,2026-10-06 19:48:00,2026-09-24 16:06:21,2026-10-06 18:55:31
100,7660878876264005652,7660878876264005652,7,墨西哥,155,-6,,31,8月5日,,,,28,2026-10-06 19:48:04,2026-09-24 16:06:21,2026-10-06 18:55:31
101,7638478270597693460,7638478270597693460,7,墨西哥,155,-6,,31,8月5日,,,,28,2026-10-06 19:48:04,2026-09-24 16:06:21,2026-10-06 18:55:31
102,7669726682361839636,7669726682361839636,7,泰国,142,8,,31,8月10日,,,,28,2026-10-06 19:48:04,2026-09-24 16:06:21,2026-10-06 18:55:31
103,7669724354929803284,7669724354929803284,6,巴西,142,-3,,31,8月10日,2026-10-06,2026-10-06 18:55:31,,28,2026-10-06 19:48:00,2026-09-24 16:06:21,2026-10-06 18:55:31
104,7669724213108015125,7669724213108015125,6,巴西,142,-3,,31,8月10日,2026-10-06,2026-10-06 18:55:31,,28,2026-10-06 19:48:00,2026-09-24 16:06:21,2026-10-06 18:55:31
105,7669724212403322900,7669724212403322900,6,巴西,142,-3,,31,8月10日,2026-10-06,2026-10-06 18:55:31,,28,2026-10-06 19:48:00,2026-09-24 16:06:21,2026-10-06 18:55:31
106,7669724282112458772,7669724282112458772,6,巴西,142,-3,,31,8月10日,,,,28,2026-10-06 19:48:00,2026-09-24 16:06:21,2026-10-06 18:55:31
107,7669724224222871572,7669724224222871572,6,巴西,142,-3,,31,8月10日,,,,28,2026-10-06 19:48:00,2026-09-24 16:06:21,2026-10-06 18:55:31
108,7659664541021847559,7659664541021847559,10,印尼,142,7,,31,8月12日,2026-10-06,2026-10-06 18:55:31,,28,2026-10-06 19:48:04,2026-09-24 16:06:21,2026-10-06 18:55:31
109,7659664261568413703,7659664261568413703,7,印尼,142,7,,32,8月12日,2026-09-24,,,28,2026-10-06 19:48:42,2026-09-24 16:06:21,2026-10-06 18:55:31
110,7667382252032147477,7667382252032147477,7,墨西哥,155,-6,,31,8月12日,,,,28,2026-10-06 19:48:04,2026-09-24 16:06:21,2026-10-06 18:55:31
111,7669724818433949717,7669724818433949717,7,菲律宾,142,8,,31,8月13日,,,,28,2026-10-06 19:48:04,2026-09-24 16:06:21,2026-10-06 18:55:31
112,7669724326014500885,7669724326014500885,6,巴西,142,-3,,31,8月13日,,,,28,2026-10-06 19:48:00,2026-09-24 16:06:21,2026-10-06 18:55:31
113,7667118556928278549,7667118556928278549,11,巴西,139,-3,,31,8月15日,,,,28,2026-10-06 19:48:04,2026-09-24 16:06:21,2026-10-06 18:55:31
114,7667118513827659796,7667118513827659796,11,巴西,139,-3,,31,8月15日,,,,28,2026-10-06 19:48:04,2026-09-24 16:06:21,2026-10-06 18:55:31
115,7667118496146046997,7667118496146046997,11,巴西,139,-3,,31,8月15日,,,,28,2026-10-06 19:48:04,2026-09-24 16:06:21,2026-10-06 18:55:31
116,7628216370014060562,7628216370014060562,7,印尼,156,7,,31,8月17日,,,,28,2026-10-06 19:48:04,2026-09-24 16:06:21,2026-10-06 18:55:31
117,7628274335765020690,7628274335765020690,12,巴铁,156,5,,31,8月17日,,,,28,2026-10-06 19:48:13,2026-09-24 16:06:21,2026-10-06 18:55:31
118,7663375830512435221,7663375830512435221,7,印尼,142,7,,31,8月17日,,,,28,2026-10-06 19:48:04,2026-09-24 16:06:21,2026-10-06 18:55:31
119,7660080623759196167,7660080623759196167,6,巴西,139,-3,,32,8月18日,2026-09-24,,,28,2026-10-06 19:48:42,2026-09-24 16:06:21,2026-10-06 18:55:31
120,7663375054563737620,7663375054563737620,7,印尼,142,7,,31,8月19日,,,,28,2026-10-06 19:48:04,2026-09-24 16:06:21,2026-10-06 18:55:31
121,7663374082661990421,7663374082661990421,7,印尼,142,7,,31,8月19日,,,,28,2026-10-06 19:48:04,2026-09-24 16:06:21,2026-10-06 18:55:31
122,7663372944546136084,7663372944546136084,7,印尼,142,7,,32,8月19日,2026-09-24,,,28,2026-10-06 19:48:42,2026-09-24 16:06:21,2026-10-06 18:55:31
123,7663374207677366292,7663374207677366292,7,印尼,142,7,,31,8月19日,2026-10-06,2026-10-06 18:55:31,,28,2026-10-06 19:48:04,2026-09-24 16:06:21,2026-10-06 18:55:31
124,7663386199630659605,7663386199630659605,12,巴铁,142,5,,31,8月20日,,,,28,2026-10-06 19:48:13,2026-09-24 16:06:21,2026-10-06 18:55:31
125,7666015381017919509,7666015381017919509,,巴西,142,-3,,31,8月22日,,,,28,2026-10-06 19:48:13,2026-09-24 16:06:21,2026-10-06 18:55:31
126,7666015329117716501,7666015329117716501,,巴西,142,-3,,32,8月22日,2026-09-24,,,28,2026-10-06 19:48:42,2026-09-24 16:06:21,2026-10-06 18:55:31
127,7663384545961508884,7663384545961508884,,巴基斯坦,142,5,,31,8月22日,,,,28,2026-10-06 19:48:13,2026-09-24 16:06:21,2026-10-06 18:55:31
128,7663384757612085269,7663384757612085269,,巴基斯坦,142,5,,31,8月22日,,,,28,2026-10-06 19:48:13,2026-09-24 16:06:21,2026-10-06 18:55:31
129,7669728011608178708,7669728011608178708,10,印尼,142,7,,32,8月27日,2026-09-24,,,28,2026-10-06 19:48:42,2026-09-24 16:06:21,2026-10-06 18:55:31
130,7669727269245698068,7669727269245698068,7,印尼,142,7,,32,8月27日,2026-09-24,,,28,2026-10-06 19:48:42,2026-09-24 16:06:21,2026-10-06 18:55:31
131,7669727221770338325,7669727221770338325,7,印尼,142,7,,31,8月27日,,,,28,2026-10-06 19:48:04,2026-09-24 16:06:21,2026-10-06 18:55:31
132,7669727636007976980,7669727636007976980,7,印尼,142,7,,32,8月27日,2026-09-24,,,28,2026-10-06 19:48:42,2026-09-24 16:06:21,2026-10-06 18:55:31
133,7669727430889766932,7669727430889766932,7,印尼,142,7,,31,8月27日,2026-10-06,2026-10-06 18:55:31,,28,2026-10-06 19:48:04,2026-09-24 16:06:21,2026-10-06 18:55:31
134,7644506716381691925,7644506716381691925,6,巴西,147,-3,,32,8月27日,2026-09-24,,,28,2026-10-06 19:48:42,2026-09-24 16:06:21,2026-10-06 18:55:31
135,7639266784068911122,7639266784068911122,6,巴西,139,-3,,32,8月27日,2026-09-24,,,28,2026-10-06 19:48:42,2026-09-24 16:06:21,2026-10-06 18:55:31
136,7675520331892965397,7675520331892965397,6,巴西,145,-3,,31,8月29日,2026-10-06,2026-10-06 18:55:31,,28,2026-10-06 19:48:00,2026-09-24 16:06:21,2026-10-06 18:55:31
137,7663378729183313941,7663378729183313941,6,巴西,142,-3,,31,8月31日,2026-10-06,2026-10-06 18:55:31,,28,2026-10-06 19:48:00,2026-09-24 16:06:21,2026-10-06 18:55:31
138,7663026315964006408,7663026315964006408,6,巴西,139,-3,,32,9月1日,2026-09-24,,,28,2026-10-06 19:48:42,2026-09-24 16:06:21,2026-10-06 18:55:31
139,7678958247159742484,7678958247159742484,6,巴西,149,-3,,31,9月2日,,,,28,2026-10-06 19:48:00,2026-09-24 16:06:21,2026-10-06 18:55:31
140,7678957570966585365,7678957570966585365,6,巴西,149,-3,,31,9月2日,2026-10-06,2026-10-06 18:55:31,,28,2026-10-06 19:48:00,2026-09-24 16:06:21,2026-10-06 18:55:31
141,7619247170075230226,7619247170075230226,6,巴西,140,-3,,31,9月4日,,,,28,2026-10-06 19:48:00,2026-09-24 16:06:21,2026-10-06 18:55:31
142,7619247326208622610,7619247326208622610,6,巴西,140,-3,,31,9月4日,2026-10-06,2026-10-06 18:55:31,,28,2026-10-06 19:48:00,2026-09-24 16:06:21,2026-10-06 18:55:31
143,7614034703523364882,7614034703523364882,13,印尼,140,7,,31,9月4日,,,,28,2026-10-06 19:48:13,2026-09-24 16:06:21,2026-10-06 18:55:31
144,7668621407265488917,7668621407265488917,13,印尼,139,7,,32,9月4日,2026-09-24,,,28,2026-10-06 19:48:42,2026-09-24 16:06:21,2026-10-06 18:55:31
145,7648169839382544405,7648169839382544405,13,菲律宾,139,8,,32,9月8日,2026-09-24,,,28,2026-10-06 19:48:42,2026-09-24 16:06:21,2026-10-06 18:55:31
146,7648169846957719572,7648169846957719572,13,菲律宾,139,8,,32,9月8日,2026-09-24,,,28,2026-10-06 19:48:42,2026-09-24 16:06:21,2026-10-06 18:55:31
147,7675517347588341768,7675517347588341768,6,巴西,145,-3,,31,9月8日,2026-10-06,2026-10-06 18:55:31,,28,2026-10-06 19:48:04,2026-09-24 16:06:21,2026-10-06 18:55:31
148,7667065473086980116,7667065473086980116,6,巴西,155,-3,,31,9月8日,,,,28,2026-10-06 19:48:04,2026-09-24 16:06:21,2026-10-06 18:55:31
149,7678621040005333009,7678621040005333009,7,尼日利亚,156,1,,32,9月9日,2026-09-24,,,28,2026-10-06 19:48:42,2026-09-24 16:06:21,2026-10-06 18:55:31
150,7681221464623710216,7681221464623710216,11,巴西,149,-3,,31,9月10日,2026-10-06,2026-10-06 18:55:31,,28,2026-10-06 19:48:04,2026-09-24 16:06:21,2026-10-06 18:55:31
151,7671104885804318741,7671104885804318741,6,巴西,139,-3,,31,9月12日,2026-10-06,2026-10-06 18:55:31,,28,2026-10-06 19:48:04,2026-09-24 16:06:21,2026-10-06 18:55:31
152,7683093501224681480,7683093501224681480,6,巴西,149,-3,,32,9月14日,2026-09-24,,,28,2026-10-06 19:48:42,2026-09-24 16:06:21,2026-10-06 18:55:31
153,7683095247053701138,7683095247053701138,6,巴西,149,-3,,31,9月15日,,,,28,2026-10-06 19:48:04,2026-09-24 16:06:21,2026-10-06 18:55:31
154,7682686597629444116,7682686597629444116,6,巴西,155,-3,,32,9月15日,2026-09-24,,,28,2026-10-06 19:48:42,2026-09-24 16:06:21,2026-10-06 18:55:31
155,7633628217024053269,7633628217024053269,7,墨西哥,155,-6,,31,9月15日,2026-10-06,2026-10-06 18:55:31,,28,2026-10-06 19:48:04,2026-09-24 16:06:21,2026-10-06 18:55:31
156,7679022272853639188,7679022272853639188,6,巴西,139,-3,,31,9月15日,,,,28,2026-10-06 19:48:04,2026-09-24 16:06:21,2026-10-06 18:55:31
157,7678667596203311125,7678667596203311125,6,巴西,145,-3,,31,9月15日,,,,28,2026-10-06 19:48:04,2026-09-24 16:06:21,2026-10-06 18:55:31
158,7680511371208982548,7680511371208982548,6,巴西,156,-3,,32,9月15日,2026-09-24,,,28,2026-10-06 19:48:42,2026-09-24 16:06:21,2026-10-06 18:55:31
159,7685941799789232149,7685941799789232149,11,巴西,144,-3,,31,9月17日,2026-10-06,2026-10-06 18:55:31,,28,2026-10-06 19:48:04,2026-09-24 16:06:21,2026-10-06 18:55:31
160,7678680179601850389,7678680179601850389,11,巴西,148,-3,,31,9月17日,2026-10-06,2026-10-06 18:55:31,,28,2026-10-06 19:48:13,2026-09-24 16:06:21,2026-10-06 18:55:31
161,7678680024492458005,7678680024492458005,11,巴西,148,-3,,31,9月17日,2026-10-06,2026-10-06 18:55:31,,28,2026-10-06 19:48:13,2026-09-24 16:06:21,2026-10-06 18:55:31
162,7686034328312184853,7686034328312184853,11,巴西,142,-3,,31,9月17日,2026-10-06,2026-10-06 18:55:31,,28,2026-10-06 19:48:13,2026-09-24 16:06:21,2026-10-06 18:55:31
163,7685945101608337429,7685945101608337429,11,巴西,144,-3,,31,9月21日,2026-10-06,2026-10-06 18:55:31,,28,2026-10-06 19:48:13,2026-09-24 16:06:21,2026-10-06 18:55:31
164,7685945085343121428,7685945085343121428,11,巴西,144,-3,,31,9月21日,2026-10-06,2026-10-06 18:55:31,,28,2026-10-06 19:48:13,2026-09-24 16:06:21,2026-10-06 18:55:31
165,7665254981012045844,7665254981012045844,7,印尼,139,7,,31,9月21日,,,,28,2026-10-06 19:48:04,2026-09-24 16:06:21,2026-10-06 18:55:31
166,7652204449437073415,7652204449437073415,7,菲律宾,139,8,,31,9月21日,,,,28,2026-10-06 19:48:04,2026-09-24 16:06:21,2026-10-06 18:55:31
167,7685284098928672789,7685284098928672789,11,巴西,142,-3,,31,9月22日,,,,28,2026-10-06 19:48:13,2026-09-24 16:06:21,2026-10-06 18:55:31
168,7683732807075840021,7683732807075840021,11,巴西,157,-3,,31,9月23日,,,,28,2026-10-06 19:48:13,2026-09-24 16:06:21,2026-10-06 18:55:31
169,7681701217446871058,7681701217446871058,11,巴西,139,-3,,31,9月23日,,,,28,2026-10-06 19:48:13,2026-09-24 16:06:21,2026-10-06 18:55:31
170,7660854300905586695,7660854300905586695,11,巴西,143,-3,,31,9月23日,,,,28,2026-10-06 19:48:13,2026-09-24 16:06:21,2026-10-06 18:55:31
171,7688662069423702036,7688662069423702036,7,尼日利亚,155,1,,31,9月23日,2026-10-06,2026-10-06 18:55:31,,28,2026-10-06 19:48:04,2026-09-24 16:06:21,2026-10-06 18:55:31
172,7686768250597081106,7686768250597081106,14,巴西,158,-3,,31,9月23日,2026-10-06,2026-10-06 18:55:31,,28,2026-10-06 19:48:13,2026-09-24 16:06:21,2026-10-06 18:55:31
173,7686700151854923796,7686700151854923796,14,巴西,158,-3,,31,9月23日,2026-10-06,2026-10-06 18:55:31,,28,2026-10-06 19:48:13,2026-09-24 16:06:21,2026-10-06 18:55:31
174,7686409468654911509,7686409468654911509,14,巴西,158,-3,,31,9月23日,2026-10-06,2026-10-06 18:55:31,,28,2026-10-06 19:48:13,2026-09-24 16:06:21,2026-10-06 18:55:31
175,7686768186990624786,7686768186990624786,14,巴西,158,-3,,31,9月23日,2026-10-06,2026-10-06 18:55:31,,28,2026-10-06 19:48:13,2026-09-24 16:06:21,2026-10-06 18:55:31
176,7686805681434345492,7686805681434345492,14,巴西,158,-3,,31,9月23日,,,,28,2026-10-06 19:48:13,2026-09-24 16:06:21,2026-10-06 18:55:31
177,7678703594173972500,7678703594173972500,11,巴西,148,-3,,31,9月23日,,,,28,2026-10-06 19:48:13,2026-09-24 16:06:21,2026-10-06 18:55:31
178,7678703568047849492,7678703568047849492,11,巴西,148,-3,,31,9月23日,2026-10-06,2026-10-06 18:55:31,,28,2026-10-06 19:48:13,2026-09-24 16:06:21,2026-10-06 18:55:31
179,7678703409041539092,7678703409041539092,11,巴西,148,-3,,31,9月23日,,,,28,2026-10-06 19:48:13,2026-09-24 16:06:21,2026-10-06 18:55:31
180,7617776610367995921,7617776610367995921,15,墨西哥,139,-6,305.42,107,3月23日,2026-10-06,2026-10-06 19:42:48,,25,,2026-09-24 20:05:24,2026-10-06 18:55:31
181,7615514594362245136,7615514594362245136,16,泰国,154,+8,84729.93,73,3月25日,,2026-10-06 18:55:31,,25,,2026-09-24 20:05:24,2026-10-06 18:55:31
182,7617733968019849233,7617733968019849233,17,印尼,154,+8,"5,285.46",54,3月23日,,2026-10-06 19:42:48,,25,,2026-09-24 20:05:24,2026-10-06 19:42:48
183,7617733881306988545,7617733881306988545,17,印尼,154,+8,929.44,54,3月23日,,2026-10-06 19:42:48,,25,,2026-09-24 20:05:24,2026-10-06 19:42:48
184,7628171591096090632,7628171591096090632,10,巴西,143,-3,"9,304.45",73,4月16日,,2026-10-06 19:42:48,,25,,2026-09-24 20:05:24,2026-10-06 19:42:48
185,7631524427796267016,7631524427796267016,18,泰国,153,+8,,31,5月8日,2026-10-06,2026-10-06 18:55:31,,25,2026-10-06 19:48:13,2026-09-24 20:05:24,2026-10-06 19:42:48
186,7613243265378189329,7613243265378189329,18,菲律宾,139,+8,,31,5月11日,,,,25,2026-10-06 19:48:13,2026-09-24 20:05:24,2026-10-06 18:55:31
187,7629287704651857938,7629287704651857938,19,菲律宾,139,+7,,31,5月19日,2026-10-06,2026-10-06 18:55:31,,25,2026-10-06 19:48:13,2026-09-24 20:05:24,2026-10-06 18:55:31
188,7614080556670418960,7614080556670418960,18,菲律宾,154,+8,,30,5月21日,2026-10-06,2026-10-06 19:42:48,,25,2026-10-06 19:48:50,2026-09-24 20:05:24,2026-10-06 18:55:31
189,7641178460450324488,7641178460450324488,17,巴西,141,-3,,57,5月29日,2026-10-06,2026-10-06 18:56:13,,25,,2026-09-24 20:05:24,2026-10-06 19:42:48
190,7654147251662143495,7654147251662143495,17,巴铁,140,5,,54,6月23日,,2026-10-06 19:42:48,,25,,2026-09-24 20:05:24,2026-10-06 19:42:48
191,7654147118336163848,7654147118336163848,17,巴铁,140,5,,54,6月23日,,2026-10-06 19:42:48,,25,,2026-09-24 20:05:24,2026-10-06 19:42:48
192,7652198452243513352,7652198452243513352,10,印尼,140,7,,115,7月9日,2026-10-06,2026-10-06 19:42:48,,25,,2026-09-24 20:05:24,2026-10-06 18:55:31
193,7652225242303102983,7652225242303102983,10,印尼,140,7,,54,7月9日,,2026-10-06 19:42:48,,25,,2026-09-24 20:05:24,2026-10-06 19:42:48
194,7652225130936057863,7652225130936057863,10,印尼,140,7,,116,7月9日,2026-10-06,2026-10-06 19:42:48,,25,,2026-09-24 20:05:24,2026-10-06 18:55:31
195,7652225142404874258,7652225142404874258,10,印尼,140,7,,115,7月9日,2026-10-06,2026-10-06 19:42:48,,25,,2026-09-24 20:05:24,2026-10-06 18:55:31
196,7613661929504178177,7613661929504178177,17,巴西,155,-3,,31,7月10日,,,,25,2026-10-06 19:48:13,2026-09-24 20:05:24,2026-10-06 18:55:31
197,7660048556962824210,7660048556962824210,20,印尼,139,7,,31,7月14日,,,,25,2026-10-06 19:48:13,2026-09-24 20:05:24,2026-10-06 18:55:31
198,7658570382517174279,7658570382517174279,17,巴西,139,-3,,31,7月15日,,,,25,2026-10-06 19:48:13,2026-09-24 20:05:24,2026-10-06 18:55:31
199,7660853963868258322,7660853963868258322,9,印尼,143,7,,31,7月17日,,,,25,2026-10-06 19:48:04,2026-09-24 20:05:24,2026-10-06 18:55:31
200,7660854396838101000,7660854396838101000,9,印尼,143,7,,31,7月17日,,,,25,2026-10-06 19:48:04,2026-09-24 20:05:24,2026-10-06 18:55:31
201,7660879054912012308,7660879054912012308,17,墨西哥,155,-6,,31,7月27日,,,,25,2026-10-06 19:48:13,2026-09-24 20:05:24,2026-10-06 18:55:31
202,7664831201886109717,7664831201886109717,21,墨西哥,139,-6,,31,7月28日,2026-10-06,2026-10-06 18:55:31,,25,2026-10-06 19:48:13,2026-09-24 20:05:24,2026-10-06 18:55:31
203,7667528294396461077,7667528294396461077,22,泰国,139,7,,31,8月5日,2026-10-06,2026-10-06 18:55:31,,25,2026-10-06 19:48:13,2026-09-24 20:05:24,2026-10-06 18:55:31
204,7667528243189973013,7667528243189973013,22,泰国,139,7,,31,8月5日,,,,25,2026-10-06 19:48:13,2026-09-24 20:05:24,2026-10-06 18:55:31
205,7669727526226362388,7669727526226362388,18,菲律宾,142,8,,31,8月10日,,,,25,2026-10-06 19:48:13,2026-09-24 20:05:24,2026-10-06 18:55:31
206,7669726866089476116,7669726866089476116,18,泰国,142,8,,31,8月10日,,,,25,2026-10-06 19:48:13,2026-09-24 20:05:24,2026-10-06 18:55:31
207,7628215480179949569,7628215480179949569,10,印尼,156,7,,31,8月17日,,,,25,2026-10-06 19:48:04,2026-09-24 20:05:24,2026-10-06 18:55:31
208,7628272878186397714,7628272878186397714,9,巴铁,156,5,,32,8月17日,2026-09-24,,,25,2026-10-06 19:48:42,2026-09-24 20:05:24,2026-10-06 18:55:31
209,7663376331027480596,7663376331027480596,23,印尼,142,7,,31,8月17日,2026-10-06,2026-10-06 18:55:31,,25,2026-10-06 19:48:13,2026-09-24 20:05:24,2026-10-06 18:55:31
210,7621089669312364562,7621089669312364562,10,印尼,144,7,,31,8月28日,,,,25,2026-10-06 19:48:04,2026-09-24 20:05:24,2026-10-06 18:55:31
211,7676488579291578386,7676488579291578386,10,印尼,145,7,,31,8月29日,,,,25,2026-10-06 19:48:04,2026-09-24 20:05:24,2026-10-06 18:55:31
212,7678680409525354517,7678680409525354517,17,巴西,148,-3,,117,9月17日,,2026-10-06 18:55:31,,25,,2026-09-24 20:05:24,2026-10-06 18:55:31
213,7678680262927581204,7678680262927581204,17,巴西,148,-3,,54,9月17日,,2026-10-06 19:42:48,,25,,2026-09-24 20:05:24,2026-10-06 19:42:48
214,7686034328312119317,7686034328312119317,17,巴西,142,-3,,54,9月17日,,2026-10-06 19:42:48,,25,,2026-09-24 20:05:24,2026-10-06 19:42:48
215,7646361478529957906,7646361478529957906,23,印尼,139,7,,55,9月21日,2026-10-06,2026-10-06 19:42:48,,25,,2026-09-24 20:05:24,2026-10-06 18:55:31
216,7646361527080943623,7646361527080943623,23,印尼,139,7,,31,9月21日,2026-10-06,2026-10-06 18:55:31,,25,2026-10-06 19:48:13,2026-09-24 20:05:24,2026-10-06 18:55:31
217,7673449176289705992,7673449176289705992,23,印尼,147,7,,118,9月21日,,2026-10-06 18:55:31,,25,,2026-09-24 20:05:24,2026-10-06 18:55:31
218,7678688041771909140,7678688041771909140,10,印尼,148,7,,31,9月23日,,,,25,2026-10-06 19:48:04,2026-09-24 20:05:24,2026-10-06 18:55:31
219,7680531535107260437,7680531535107260437,16,泰国,148,8,,31,9月24日,,,,25,2026-10-06 19:48:13,2026-09-24 20:05:24,2026-10-06 18:55:31
220,7680531197730258964,7680531197730258964,16,泰国,148,8,,31,9月24日,,,,25,2026-10-06 19:48:13,2026-09-24 20:05:24,2026-10-06 18:55:31
221,7685686154546167816,7685686154546167816,10,印尼,159,7,,31,9月24日,,,,25,2026-10-06 19:48:04,2026-09-24 20:05:24,2026-10-06 18:55:31
222,7685686259917897736,7685686259917897736,10,印尼,159,7,,31,9月24日,,,,25,2026-10-06 19:48:04,2026-09-24 20:05:24,2026-10-06 18:55:31
223,7685590883621781525,7685590883621781525,10,印尼,159,7,,31,9月24日,,,,25,2026-10-06 19:48:04,2026-09-24 20:05:24,2026-10-06 18:55:31
224,7685590797101563924,7685590797101563924,10,印尼,159,7,,31,9月24日,,,,25,2026-10-06 19:48:04,2026-09-24 20:05:24,2026-10-06 18:55:31
225,7620454297590824977,7620454297590824977,24,巴西,153,-3,"5,345.13",31,4月15日,,,,31,2026-10-06 19:48:13,2026-09-25 02:12:56,2026-10-06 18:55:31
226,7630837322724573191,7630837322724573191,24,巴西,153,-3,,31,5月6日,,,,31,2026-10-06 19:48:13,2026-09-25 02:12:56,2026-10-06 18:55:31
227,7630838578823217160,7630838578823217160,24,巴西,153,-3,,31,5月6日,,,,31,2026-10-06 19:48:13,2026-09-25 02:12:56,2026-10-06 18:55:31
228,7631409553149804552,7631409553149804552,24,巴西,153,-3,,125,5月8日,2026-10-06,2026-10-06 19:42:48,,31,,2026-09-25 02:12:56,2026-10-06 19:42:48
229,7631408934385008647,7631408934385008647,24,巴西,153,-3,,125,5月8日,,2026-10-06 18:56:13,,31,,2026-09-25 02:12:56,2026-10-06 19:42:48
230,7631409644283609096,7631409644283609096,24,巴西,153,-3,,125,5月8日,2026-10-06,2026-10-06 19:42:48,,31,,2026-09-25 02:12:56,2026-10-06 19:42:48
231,7631408934385172487,7631408934385172487,24,巴西,153,-3,,125,5月8日,2026-10-06,2026-10-06 19:42:48,,31,,2026-09-25 02:12:56,2026-10-06 19:42:48
232,7631410100527333394,7631410100527333394,24,巴西,153,-3,,125,5月8日,,2026-10-06 18:56:13,,31,,2026-09-25 02:12:56,2026-10-06 19:42:48
233,7631522248729313288,7631522248729313288,24,巴西,153,-3,,125,5月8日,,2026-10-06 18:56:13,,31,,2026-09-25 02:12:56,2026-10-06 19:42:48
234,7631522375234273288,7631522375234273288,24,巴西,153,-3,,125,5月8日,,2026-10-06 18:56:13,,31,,2026-09-25 02:12:56,2026-10-06 19:42:48
235,7631522443439095815,7631522443439095815,24,巴西,153,-3,,125,5月8日,,2026-10-06 18:56:13,,31,,2026-09-25 02:12:56,2026-10-06 19:42:48
236,7636676289017430024,7636676289017430024,25,墨西哥,153,-6,,31,5月8日,,,,31,2026-10-06 19:48:13,2026-09-25 02:12:56,2026-10-06 18:55:31
237,7636676395916345351,7636676395916345351,25,墨西哥,153,-6,,31,5月8日,,,,31,2026-10-06 19:48:13,2026-09-25 02:12:56,2026-10-06 18:55:31
238,7641178390539698184,7641178390539698184,26,巴西,141,-3,,127,6月3日,,2026-10-06 18:56:13,,31,,2026-09-25 02:12:56,2026-10-06 19:42:48
239,7615516420973051905,7615516420973051905,25,菲律宾,154,8,,31,6月5日,,,,31,2026-10-06 19:48:13,2026-09-25 02:12:56,2026-10-06 18:55:31
240,7615516436580024337,7615516436580024337,25,菲律宾,154,8,,31,6月5日,,,,31,2026-10-06 19:48:13,2026-09-25 02:12:56,2026-10-06 18:55:31
241,7634456557081755666,7634456557081755666,26,巴西,143,-3,,31,6月17日,,,,31,2026-10-06 19:48:13,2026-09-25 02:12:56,2026-10-06 18:55:31
242,7628860321066729490,7628860321066729490,19,菲律宾,142,8,,31,6月18日,,,,31,2026-10-06 19:48:13,2026-09-25 02:12:56,2026-10-06 18:55:31
243,7652205271136370696,7652205271136370696,24,巴西,140,-3,,31,6月20日,,,,31,2026-10-06 19:48:13,2026-09-25 02:12:56,2026-10-06 18:55:31
244,7652205232766812168,7652205232766812168,24,巴西,140,-3,,31,6月20日,,,,31,2026-10-06 19:48:13,2026-09-25 02:12:56,2026-10-06 18:55:31
245,7652205194205233160,7652205194205233160,24,巴西,140,-3,,31,6月20日,,,,31,2026-10-06 19:48:13,2026-09-25 02:12:56,2026-10-06 18:55:31
246,7652205264053239826,7652205264053239826,24,巴西,140,-3,,31,6月20日,,,,31,2026-10-06 19:48:13,2026-09-25 02:12:56,2026-10-06 18:55:31
247,7652205109511864327,7652205109511864327,24,巴西,140,-3,,31,6月20日,,,,31,2026-10-06 19:48:13,2026-09-25 02:12:56,2026-10-06 18:55:31
248,7654429100660539400,7654429100660539400,27,巴铁,140,5,,31,6月23日,,,,31,2026-10-06 19:48:13,2026-09-25 02:12:56,2026-10-06 18:55:31
249,7654429361956732935,7654429361956732935,27,巴铁,140,5,,31,6月23日,,,,31,2026-10-06 19:48:13,2026-09-25 02:12:56,2026-10-06 18:55:31
250,7654147453685415944,7654147453685415944,27,巴铁,140,5,,31,6月23日,,,,31,2026-10-06 19:48:13,2026-09-25 02:12:56,2026-10-06 18:55:31
251,7654429222882459655,7654429222882459655,24,巴西,140,-3,,31,6月23日,,,,31,2026-10-06 19:48:13,2026-09-25 02:12:56,2026-10-06 18:55:31
252,7654836818457739282,7654836818457739282,27,巴铁,140,5,,31,6月24日,,,,31,2026-10-06 19:48:13,2026-09-25 02:12:56,2026-10-06 18:55:31
253,7628530913365983253,7628530913365983253,28,菲律宾,143,8,,31,6月29日,,,,31,2026-10-06 19:48:13,2026-09-25 02:12:56,2026-10-06 18:55:31
254,7652198564755669010,7652198564755669010,28,印尼,140,7,,32,7月9日,2026-09-25,,,31,2026-10-06 19:48:42,2026-09-25 02:12:56,2026-10-06 18:55:31
255,7660048192033406994,7660048192033406994,28,印尼,139,7,,32,7月14日,2026-09-25,,,31,2026-10-06 19:48:42,2026-09-25 02:12:56,2026-10-06 18:55:31
256,7657481080009736200,7657481080009736200,29,巴西,142,-3,,31,7月21日,2026-10-06,2026-10-06 18:55:31,,31,2026-10-06 19:48:13,2026-09-25 02:12:56,2026-10-06 18:55:31
257,7657481038763032594,7657481038763032594,29,巴西,142,-3,,32,7月21日,2026-09-25,,,31,2026-10-06 19:48:42,2026-09-25 02:12:56,2026-10-06 18:55:31
258,7659312904927477767,7659312904927477767,28,印尼,142,7,,31,7月23日,,,,31,2026-10-06 19:48:13,2026-09-25 02:12:56,2026-10-06 18:55:31
259,7659313192601370631,7659313192601370631,28,印尼,142,7,,31,7月23日,,,,31,2026-10-06 19:48:13,2026-09-25 02:12:56,2026-10-06 18:55:31
260,7652224901517705234,7652224901517705234,28,印尼,142,7,,31,7月28日,,,,31,2026-10-06 19:48:13,2026-09-25 02:12:56,2026-10-06 18:55:31
261,7652225093203951623,7652225093203951623,28,印尼,142,7,,31,7月28日,,,,31,2026-10-06 19:48:13,2026-09-25 02:12:56,2026-10-06 18:55:31
262,7652224899079159816,7652224899079159816,28,印尼,142,7,,31,7月28日,,,,31,2026-10-06 19:48:13,2026-09-25 02:12:56,2026-10-06 18:55:31
263,7665251869702242325,7665251869702242325,30,巴西,142,-3,,31,7月31日,2026-10-06,2026-10-06 18:55:31,,31,2026-10-06 19:48:13,2026-09-25 02:12:56,2026-10-06 18:55:31
264,7660035194574684167,7660035194574684167,29,巴西,142,-3,,31,7月31日,2026-10-06,2026-10-06 18:55:31,,31,2026-10-06 19:48:13,2026-09-25 02:12:56,2026-10-06 18:55:31
265,7665298490632716306,7665298490632716306,28,印尼,143,7,,31,8月9日,,,,31,2026-10-06 19:48:13,2026-09-25 02:12:56,2026-10-06 18:55:31
266,7669726013768843284,7669726013768843284,30,泰国,142,8,,31,8月10日,2026-10-06,2026-10-06 18:55:31,,31,2026-10-06 19:48:13,2026-09-25 02:12:56,2026-10-06 18:55:31
267,7667544129126301703,7667544129126301703,28,印尼,139,7,,31,8月10日,,,,31,2026-10-06 19:48:13,2026-09-25 02:12:56,2026-10-06 18:55:31
268,7659664337702076434,7659664337702076434,28,印尼,142,7,,32,8月12日,2026-09-25,,,31,2026-10-06 19:48:42,2026-09-25 02:12:56,2026-10-06 18:55:31
269,7669728002946662421,7669728002946662421,31,菲律宾,142,8,,31,8月13日,,,,31,2026-10-06 19:48:13,2026-09-25 02:12:56,2026-10-06 18:55:31
270,7669727206268043285,7669727206268043285,31,菲律宾,142,8,,31,8月13日,,,,31,2026-10-06 19:48:13,2026-09-25 02:12:56,2026-10-06 18:55:31
271,7669726609485643797,7669726609485643797,32,泰国,142,7,,31,8月13日,,,,31,2026-10-06 19:48:13,2026-09-25 02:12:56,2026-10-06 18:55:31
272,7669698421820768274,7669698421820768274,33,印尼,139,7,,31,8月16日,2026-10-06,2026-10-06 18:55:31,,31,2026-10-06 19:48:13,2026-09-25 02:12:56,2026-10-06 18:55:31
273,7670480296693088264,7670480296693088264,32,印尼,139,7,,32,8月17日,2026-09-25,,,31,2026-10-06 19:48:42,2026-09-25 02:12:56,2026-10-06 18:55:31
274,7670480437357969415,7670480437357969415,32,印尼,139,7,,32,8月17日,2026-09-25,,,31,2026-10-06 19:48:42,2026-09-25 02:12:56,2026-10-06 18:55:31
275,7628273582396948496,7628273582396948496,32,巴铁,156,5,,32,8月17日,2026-09-25,,,31,2026-10-06 19:48:42,2026-09-25 02:12:56,2026-10-06 18:55:31
276,7663375917087129621,7663375917087129621,32,印尼,142,7,,31,8月17日,,,,31,2026-10-06 19:48:13,2026-09-25 02:12:56,2026-10-06 18:55:31
277,7667125155688235016,7667125155688235016,34,印尼,139,7,,32,8月18日,2026-09-25,,,31,2026-10-06 19:48:42,2026-09-25 02:12:56,2026-10-06 18:55:31
278,7614072996638162952,7614072996638162952,34,印尼,139,7,,31,8月18日,,,,31,2026-10-06 19:48:13,2026-09-25 02:12:56,2026-10-06 18:55:31
279,7671105229487833109,7671105229487833109,29,巴西,139,-3,,31,8月18日,2026-10-06,2026-10-06 18:55:31,,31,2026-10-06 19:48:13,2026-09-25 02:12:56,2026-10-06 18:55:31
280,7663374948295229460,7663374948295229460,33,印尼,142,7,,32,8月19日,2026-09-25,,,31,2026-10-06 19:48:42,2026-09-25 02:12:56,2026-10-06 18:55:31
281,7663374615821074452,7663374615821074452,33,印尼,142,7,,31,8月19日,,,,31,2026-10-06 19:48:13,2026-09-25 02:12:56,2026-10-06 18:55:31
282,7663375324156592148,7663375324156592148,33,印尼,142,7,,31,8月19日,,,,31,2026-10-06 19:48:13,2026-09-25 02:12:56,2026-10-06 18:55:31
283,7663373344091258901,7663373344091258901,34,墨西哥,142,-6,,31,8月20日,2026-10-06,2026-10-06 18:55:31,,31,2026-10-06 19:48:13,2026-09-25 02:12:56,2026-10-06 18:55:31
284,7666015032727388180,7666015032727388180,,巴西,142,-3,,31,8月22日,2026-10-06,2026-10-06 18:55:31,,31,2026-10-06 19:48:13,2026-09-25 02:12:56,2026-10-06 18:55:31
285,7666014737121083413,7666014737121083413,,巴西,142,-3,,31,8月22日,,,,31,2026-10-06 19:48:13,2026-09-25 02:12:56,2026-10-06 18:55:31
286,7666015230601805844,7666015230601805844,,巴西,142,-3,,31,8月22日,2026-10-06,2026-10-06 18:55:31,,31,2026-10-06 19:48:13,2026-09-25 02:12:56,2026-10-06 18:55:31
287,7666015112683192341,7666015112683192341,,巴西,142,-3,,32,8月22日,2026-09-25,,,31,2026-10-06 19:48:42,2026-09-25 02:12:56,2026-10-06 18:55:31
288,7660420006766968839,7660420006766968839,35,巴西,153,-3,,31,8月25日,,,,31,2026-10-06 19:48:13,2026-09-25 02:12:56,2026-10-06 18:55:31
289,7660359978691231752,7660359978691231752,35,巴西,153,-3,,31,8月25日,,,,31,2026-10-06 19:48:13,2026-09-25 02:12:56,2026-10-06 18:55:31
290,7669728045296517140,7669728045296517140,1,印尼,142,7,,32,8月27日,2026-09-25,,,31,2026-10-06 19:48:42,2026-09-25 02:12:56,2026-10-06 18:55:31
291,7669728019506003988,7669728019506003988,30,印尼,142,7,,31,8月27日,,,,31,2026-10-06 19:48:13,2026-09-25 02:12:56,2026-10-06 18:55:31
292,7669728314247905301,7669728314247905301,10,印尼,142,7,,32,8月27日,2026-09-25,,,31,2026-10-06 19:48:42,2026-09-25 02:12:56,2026-10-06 18:55:31
293,7669727721349496852,7669727721349496852,34,印尼,142,7,,32,8月27日,2026-09-25,,,31,2026-10-06 19:48:42,2026-09-25 02:12:56,2026-10-06 18:55:31
294,7669727593989718036,7669727593989718036,34,印尼,142,7,,32,8月27日,2026-09-25,,,31,2026-10-06 19:48:42,2026-09-25 02:12:56,2026-10-06 18:55:31
295,7669727726803795988,7669727726803795988,34,印尼,142,7,,31,8月27日,2026-10-06,2026-10-06 18:55:31,,31,2026-10-06 19:48:13,2026-09-25 02:12:56,2026-10-06 18:55:31
296,7669727810260680725,7669727810260680725,30,印尼,142,7,,31,8月27日,,,,31,2026-10-06 19:48:13,2026-09-25 02:12:56,2026-10-06 18:55:31
297,7669727880951136276,7669727880951136276,34,印尼,142,7,,32,8月27日,2026-09-25,,,31,2026-10-06 19:48:42,2026-09-25 02:12:56,2026-10-06 18:55:31
298,7639664209994235911,7639664209994235911,35,巴西,139,-3,,31,8月27日,,,,31,2026-10-06 19:48:13,2026-09-25 02:12:56,2026-10-06 18:55:31
299,7670087608334139412,7670087608334139412,29,巴西,139,-3,,32,8月27日,2026-09-25,,,31,2026-10-06 19:48:42,2026-09-25 02:12:56,2026-10-06 18:55:31
300,7670087777731543061,7670087777731543061,29,巴西,139,-3,,32,8月27日,2026-09-25,,,31,2026-10-06 19:48:42,2026-09-25 02:12:56,2026-10-06 18:55:31
301,7675621316485054485,7675621316485054485,35,巴西,142,-3,,32,8月31日,2026-09-25,,,31,2026-10-06 19:48:42,2026-09-25 02:12:56,2026-10-06 18:55:31
302,7678926275647193109,7678926275647193109,29,巴西,149,-3,,32,9月2日,2026-09-25,,,31,2026-10-06 19:48:42,2026-09-25 02:12:56,2026-10-06 18:55:31
303,7678924461227343893,7678924461227343893,29,巴西,149,-3,,32,9月2日,2026-09-25,,,31,2026-10-06 19:48:42,2026-09-25 02:12:56,2026-10-06 18:55:31
304,7670469655074357255,7670469655074357255,31,印尼,139,7,,31,9月2日,2026-10-06,2026-10-06 18:55:31,,31,2026-10-06 19:48:13,2026-09-25 02:12:56,2026-10-06 18:55:31
305,7670470635092557842,7670470635092557842,31,印尼,139,7,,31,9月2日,2026-10-06,2026-10-06 18:55:31,,31,2026-10-06 19:48:13,2026-09-25 02:12:56,2026-10-06 18:55:31
306,7559895502494416913,7559895502494416913,33,印尼,139,8,,31,9月4日,,,,31,2026-10-06 19:48:13,2026-09-25 02:12:56,2026-10-06 18:55:31
307,7614034884499111952,7614034884499111952,33,印尼,140,7,,31,9月4日,,,,31,2026-10-06 19:48:13,2026-09-25 02:12:56,2026-10-06 18:55:31
308,7668621279607701524,7668621279607701524,33,印尼,139,7,,31,9月4日,,,,31,2026-10-06 19:48:13,2026-09-25 02:12:56,2026-10-06 18:55:31
309,7661931872500285458,7661931872500285458,36,巴西,141,-3,,31,9月7日,,,,31,2026-10-06 19:48:13,2026-09-25 02:12:56,2026-10-06 18:55:31
310,7641517543899398152,7641517543899398152,36,巴西,156,-4,,32,9月8日,2026-09-25,,,31,2026-10-06 19:48:42,2026-09-25 02:12:56,2026-10-06 18:55:31
311,7642736883864485908,7642736883864485908,36,巴西,156,-3,,32,9月8日,2026-09-25,,,31,2026-10-06 19:48:42,2026-09-25 02:12:56,2026-10-06 18:55:31
312,7675522078174576660,7675522078174576660,36,巴西,148,-3,,31,9月9日,,,,31,2026-10-06 19:48:13,2026-09-25 02:12:56,2026-10-06 18:55:31
313,7670743675592310805,7670743675592310805,29,巴西,155,-3,,32,9月9日,2026-09-25,,,31,2026-10-06 19:48:42,2026-09-25 02:12:56,2026-10-06 18:55:31
314,7676465406468784146,7676465406468784146,34,墨西哥,156,-6,,31,9月9日,2026-10-06,2026-10-06 18:55:31,,31,2026-10-06 19:48:13,2026-09-25 02:12:56,2026-10-06 18:55:31
315,7649233487286829063,7649233487286829063,32,菲律宾,139,8,,32,9月10日,2026-09-25,,,31,2026-10-06 19:48:42,2026-09-25 02:12:56,2026-10-06 18:55:31
316,7681222274287992840,7681222274287992840,29,巴西,149,-3,,31,9月10日,,,,31,2026-10-06 19:48:13,2026-09-25 02:12:56,2026-10-06 18:55:31
317,7673406301397008404,7673406301397008404,33,印尼,142,7,,32,9月11日,2026-09-25,,,31,2026-10-06 19:48:42,2026-09-25 02:12:56,2026-10-06 18:55:31
318,7673406556565766164,7673406556565766164,33,印尼,142,7,,31,9月11日,,,,31,2026-10-06 19:48:13,2026-09-25 02:12:56,2026-10-06 18:55:31
319,7673406767098757141,7673406767098757141,33,印尼,142,7,,31,9月11日,2026-10-06,2026-10-06 18:55:31,,31,2026-10-06 19:48:13,2026-09-25 02:12:56,2026-10-06 18:55:31
320,7671105145505120277,7671105145505120277,36,巴西,139,-3,,31,9月12日,2026-10-06,2026-10-06 18:55:31,,31,2026-10-06 19:48:13,2026-09-25 02:12:56,2026-10-06 18:55:31
321,7685277818980286482,7685277818980286482,36,巴西,146,-3,,32,9月14日,2026-09-25,,,31,2026-10-06 19:48:42,2026-09-25 02:12:56,2026-10-06 18:55:31
322,7683093478545096722,7683093478545096722,36,巴西,149,-3,,32,9月14日,2026-09-25,,,31,2026-10-06 19:48:42,2026-09-25 02:12:56,2026-10-06 18:55:31
323,7683095231851462664,7683095231851462664,36,巴西,149,-3,,31,9月15日,,,,31,2026-10-06 19:48:13,2026-09-25 02:12:56,2026-10-06 18:55:31
324,7662283066112638994,7662283066112638994,32,印尼,139,7,,32,9月15日,2026-09-25,,,31,2026-10-06 19:48:42,2026-09-25 02:12:56,2026-10-06 18:55:31
325,7614072393153249287,7614072393153249287,32,印尼,144,7,,32,9月15日,2026-09-25,,,31,2026-10-06 19:48:42,2026-09-25 02:12:56,2026-10-06 18:55:31
326,7679021892854087701,7679021892854087701,36,巴西,139,-3,,31,9月15日,,,,31,2026-10-06 19:48:13,2026-09-25 02:12:56,2026-10-06 18:55:31
327,7679022961332027412,7679022961332027412,36,巴西,139,-3,,31,9月15日,,,,31,2026-10-06 19:48:13,2026-09-25 02:12:56,2026-10-06 18:55:31
328,7678711391225839636,7678711391225839636,36,巴西,145,-3,,31,9月15日,,,,31,2026-10-06 19:48:13,2026-09-25 02:12:56,2026-10-06 18:55:31
329,7680512243322109973,7680512243322109973,36,巴西,156,-3,,32,9月15日,2026-09-25,,,31,2026-10-06 19:48:42,2026-09-25 02:12:56,2026-10-06 18:55:31
330,7670392570966540309,7670392570966540309,28,印尼,139,7,,31,9月16日,2026-10-06,2026-10-06 18:55:31,,31,2026-10-06 19:48:13,2026-09-25 02:12:56,2026-10-06 18:55:31
331,7680530409482059796,7680530409482059796,30,巴铁,156,5,,32,9月15日,2026-09-25,,,31,2026-10-06 19:48:42,2026-09-25 02:12:56,2026-10-06 18:55:31
332,7680530716006875156,7680530716006875156,30,巴铁,156,5,,32,9月15日,2026-09-25,,,31,2026-10-06 19:48:42,2026-09-25 02:12:56,2026-10-06 18:55:31
333,7684196545767522312,7684196545767522312,28,印尼,149,7,,31,9月17日,,,,31,2026-10-06 19:48:13,2026-09-25 02:12:56,2026-10-06 18:55:31
334,7667782704385179666,7667782704385179666,30,印尼,139,7,,31,9月18日,2026-10-06,2026-10-06 18:55:31,,31,2026-10-06 19:48:13,2026-09-25 02:12:56,2026-10-06 18:55:31
335,7669698373150343175,7669698373150343175,30,印尼,139,7,,31,9月18日,2026-10-06,2026-10-06 18:55:31,,31,2026-10-06 19:48:13,2026-09-25 02:12:56,2026-10-06 18:55:31
336,7685283619897294869,7685283619897294869,29,巴西,142,-3,,31,9月18日,2026-10-06,2026-10-06 18:55:31,,31,2026-10-06 19:48:13,2026-09-25 02:12:56,2026-10-06 18:55:31
337,7676462224101261319,7676462224101261319,30,印尼,145,7,,31,9月21日,,,,31,2026-10-06 19:48:13,2026-09-25 02:12:56,2026-10-06 18:55:31
338,7676465725191667730,7676465725191667730,28,印尼,145,7,,31,9月21日,,,,31,2026-10-06 19:48:13,2026-09-25 02:12:56,2026-10-06 18:55:31
339,7676466184908374034,7676466184908374034,28,印尼,145,7,,31,9月21日,,,,31,2026-10-06 19:48:13,2026-09-25 02:12:56,2026-10-06 18:55:31
340,7676467363612491784,7676467363612491784,33,印尼,145,7,,31,9月21日,2026-10-06,2026-10-06 18:55:31,,31,2026-10-06 19:48:13,2026-09-25 02:12:56,2026-10-06 18:55:31
341,7676476622714257416,7676476622714257416,33,印尼,145,7,,32,9月21日,2026-09-25,,,31,2026-10-06 19:48:42,2026-09-25 02:12:56,2026-10-06 18:55:31
342,7665252732038594581,7665252732038594581,33,印尼,139,7,,31,9月21日,,,,31,2026-10-06 19:48:13,2026-09-25 02:12:56,2026-10-06 18:55:31
343,7652204527210545153,7652204527210545153,30,菲律宾,139,8,,31,9月21日,,,,31,2026-10-06 19:48:13,2026-09-25 02:12:56,2026-10-06 18:55:31
344,7685945859951067156,7685945859951067156,37,巴西,144,-3,,31,9月23日,,,,31,2026-10-06 19:48:13,2026-09-25 02:12:56,2026-10-06 18:55:31
345,7678703883136434196,7678703883136434196,36,巴西,148,-3,,31,9月23日,,,,31,2026-10-06 19:48:13,2026-09-25 02:12:56,2026-10-06 18:55:31
346,7678703758708178964,7678703758708178964,36,巴西,148,-3,,31,9月23日,2026-10-06,2026-10-06 18:55:31,,31,2026-10-06 19:48:13,2026-09-25 02:12:56,2026-10-06 18:55:31
347,7687542346779246612,7687542346779246612,35,巴西,140,-3,,31,9月24日,,,,31,2026-10-06 19:48:13,2026-09-25 02:12:56,2026-10-06 18:55:31
348,7687542555373928468,7687542555373928468,35,巴西,140,-3,,31,9月24日,2026-10-06,2026-10-06 18:55:31,,31,2026-10-06 19:48:13,2026-09-25 02:12:56,2026-10-06 18:55:31
349,7686826073593659413,7686826073593659413,35,巴西,140,-3,,31,9月24日,,,,31,2026-10-06 19:48:13,2026-09-25 02:12:56,2026-10-06 18:55:31
350,7678706476650872852,7678706476650872852,35,巴西,148,-3,,31,9月24日,,,,31,2026-10-06 19:48:13,2026-09-25 02:12:56,2026-10-06 18:55:31
351,7685274900400373768,7685274900400373768,33,印尼,159,7,,31,9月24日,,,,31,2026-10-06 19:48:13,2026-09-25 02:12:56,2026-10-06 18:55:31
352,7685275069321003028,7685275069321003028,33,印尼,159,7,,31,9月24日,,,,31,2026-10-06 19:48:13,2026-09-25 02:12:56,2026-10-06 18:55:31
353,7684589685973860353,7684589685973860353,33,印尼,159,7,,31,9月24日,,,,31,2026-10-06 19:48:13,2026-09-25 02:12:56,2026-10-06 18:55:31
354,7685590214269665300,7685590214269665300,3,印尼,159,7,,32,9月24日,2026-09-27,2026-09-27 15:06:04,,23,2026-10-06 19:48:42,2026-09-27 15:05:42,2026-10-06 18:55:31
355,7685590177472921620,7685590177472921620,3,印尼,159,7,,32,9月24日,2026-09-29,2026-09-29 14:17:38,,23,2026-10-06 19:48:42,2026-09-27 15:05:42,2026-10-06 18:55:31
356,7684582129971347476,7684582129971347476,3,印尼,159,7,,31,9月24日,,,,23,2026-10-06 19:48:00,2026-09-27 15:05:42,2026-10-06 18:55:31
357,7615164744093581330,7615164744093581330,38,巴西,139,-3,626.21,31,3月30日,,,,30,2026-10-06 19:48:13,2026-09-30 20:51:42,2026-10-06 18:55:31
358,7628171516760293394,7628171516760293394,39,巴西,143,-3,833.42,79,4月16日,,2026-10-06 18:55:31,,30,,2026-09-30 20:51:42,2026-10-06 18:55:31
359,7626583409959370760,7626583409959370760,40,泰国,140,+8,"2,597.05",76,4月18日,,2026-10-06 18:55:31,,30,,2026-09-30 20:51:42,2026-10-06 18:55:31
360,7629251837216096263,7629251837216096263,40,泰国,140,+7,0,112,4月21日,,2026-10-06 18:55:31,,30,,2026-09-30 20:51:42,2026-10-06 18:55:31
361,7631410003223527442,7631410003223527442,39,巴西,153,-3,,125,5月8日,2026-10-06,2026-10-06 19:42:48,,30,,2026-09-30 20:51:42,2026-10-06 19:42:48
362,7631409433847087112,7631409433847087112,39,巴西,153,-3,,32,5月8日,2026-09-30,,,30,2026-10-06 19:48:42,2026-09-30 20:51:42,2026-10-06 19:42:48
363,7626266385492066312,7626266385492066312,40,菲律宾,140,+8,,31,5月13日,,,,30,2026-10-06 19:48:13,2026-09-30 20:51:42,2026-10-06 18:55:31
364,7641482908015919124,7641482908015919124,,印尼,154,+8,,59,5月26日,,2026-10-06 18:55:31,,30,,2026-09-30 20:51:42,2026-10-06 18:55:31
365,7641482842761101333,7641482842761101333,40,印尼,154,8,,31,6月8日,,,,30,2026-10-06 19:48:13,2026-09-30 20:51:42,2026-10-06 18:55:31
366,7634176937163505672,7634176937163505672,41,巴西,143,-3,,32,6月17日,2026-09-30,,,30,2026-10-06 19:48:42,2026-09-30 20:51:42,2026-10-06 18:55:31
367,7634176869433802760,7634176869433802760,41,巴西,143,-3,,32,6月17日,2026-09-30,,,30,2026-10-06 19:48:42,2026-09-30 20:51:42,2026-10-06 18:55:31
368,7628876119701635079,7628876119701635079,41,巴西,140,-3,,32,6月18日,2026-09-30,,,30,2026-10-06 19:48:42,2026-09-30 20:51:42,2026-10-06 18:55:31
369,7634439100767764488,7634439100767764488,41,巴西,143,-3,,32,6月22日,2026-09-30,,,30,2026-10-06 19:48:42,2026-09-30 20:51:42,2026-10-06 18:55:31
370,7659256282062356501,7659256282062356501,41,巴西,139,-3,,32,7月9日,2026-09-30,,,30,2026-10-06 19:48:42,2026-09-30 20:51:42,2026-10-06 18:55:31
371,7659255943452213268,7659255943452213268,41,巴西,139,-3,,32,7月9日,2026-09-30,,,30,2026-10-06 19:48:42,2026-09-30 20:51:42,2026-10-06 18:55:31
372,7652198630795001874,7652198630795001874,42,印尼,140,7,,31,7月9日,,,,30,2026-10-06 19:48:13,2026-09-30 20:51:42,2026-10-06 18:55:31
373,7652198631222738951,7652198631222738951,42,印尼,140,7,,32,7月9日,2026-09-30,,,30,2026-10-06 19:48:42,2026-09-30 20:51:42,2026-10-06 18:55:31
374,7660048513083604999,7660048513083604999,42,印尼,139,7,,32,7月14日,2026-09-30,,,30,2026-10-06 19:48:42,2026-09-30 20:51:42,2026-10-06 18:55:31
375,7658570444756516871,7658570444756516871,41,巴西,139,-3,,32,7月15日,2026-09-30,,,30,2026-10-06 19:48:42,2026-09-30 20:51:42,2026-10-06 18:55:31
376,7610320324982423553,7610320324982423553,40,菲律宾,155,8,,31,7月20日,,,,30,2026-10-06 19:48:13,2026-09-30 20:51:42,2026-10-06 18:55:31
377,7658964949330788359,7658964949330788359,42,印尼,142,7,,31,7月21日,,,,30,2026-10-06 19:48:13,2026-09-30 20:51:42,2026-10-06 18:55:31
378,7658965082216464402,7658965082216464402,42,印尼,142,7,,32,7月22日,2026-09-30,,,30,2026-10-06 19:48:42,2026-09-30 20:51:42,2026-10-06 18:55:31
379,7659965962287939592,7659965962287939592,1,印尼,142,7,,32,7月23日,2026-09-30,,,30,2026-10-06 19:48:42,2026-09-30 20:51:42,2026-10-06 18:55:31
380,7659965207868637192,7659965207868637192,1,印尼,142,7,,32,7月23日,2026-09-30,,,30,2026-10-06 19:48:42,2026-09-30 20:51:42,2026-10-06 18:55:31
381,7658855720107966472,7658855720107966472,42,印尼,142,7,,31,7月27日,,,,30,2026-10-06 19:48:13,2026-09-30 20:51:42,2026-10-06 18:55:31
382,7665251548469379093,7665251548469379093,17,巴西,142,-3,,32,7月31日,2026-09-30,,,30,2026-10-06 19:48:42,2026-09-30 20:51:42,2026-10-06 18:55:31
383,7665251509224538132,7665251509224538132,41,巴西,142,-3,,32,7月31日,2026-09-30,,,30,2026-10-06 19:48:42,2026-09-30 20:51:42,2026-10-06 18:55:31
384,7660036847476785170,7660036847476785170,41,巴西,142,-3,,32,8月3日,2026-09-30,,,30,2026-10-06 19:48:42,2026-09-30 20:51:42,2026-10-06 18:55:31
385,7660036629729689607,7660036629729689607,41,巴西,142,-3,,32,8月3日,2026-09-30,,,30,2026-10-06 19:48:42,2026-09-30 20:51:42,2026-10-06 18:55:31
386,7660036605104652296,7660036605104652296,41,巴西,142,-3,,32,8月3日,2026-09-30,,,30,2026-10-06 19:48:42,2026-09-30 20:51:42,2026-10-06 18:55:31
387,7669727652105928725,7669727652105928725,40,菲律宾,142,8,,31,8月10日,,,,30,2026-10-06 19:48:13,2026-09-30 20:51:42,2026-10-06 18:55:31
388,7669727944285159444,7669727944285159444,40,菲律宾,142,8,,31,8月10日,,,,30,2026-10-06 19:48:13,2026-09-30 20:51:42,2026-10-06 18:55:31
389,7669724265773137940,7669724265773137940,41,巴西,142,-3,,32,8月10日,2026-09-30,,,30,2026-10-06 19:48:42,2026-09-30 20:51:42,2026-10-06 18:55:31
390,7667518723179446292,7667518723179446292,43,墨西哥,139,-6,,32,8月11日,2026-09-30,,,30,2026-10-06 19:48:42,2026-09-30 20:51:42,2026-10-06 18:55:31
391,7669693976232165383,7669693976232165383,42,印尼,139,7,,31,8月11日,,,,30,2026-10-06 19:48:13,2026-09-30 20:51:42,2026-10-06 18:55:31
392,7659664397517996050,7659664397517996050,42,印尼,142,7,,32,8月12日,2026-09-30,,,30,2026-10-06 19:48:42,2026-09-30 20:51:42,2026-10-06 18:55:31
393,7667400956765880341,7667400956765880341,43,墨西哥,139,-3,,32,8月15日,2026-09-30,,,30,2026-10-06 19:48:42,2026-09-30 20:51:42,2026-10-06 18:55:31
394,7670743401012166676,7670743401012166676,44,巴西,155,-3,,32,8月18日,2026-09-30,,,30,2026-10-06 19:48:42,2026-09-30 20:51:42,2026-10-06 18:55:31
395,7660078925779714056,7660078925779714056,44,巴西,139,-3,,32,8月18日,2026-09-30,,,30,2026-10-06 19:48:42,2026-09-30 20:51:42,2026-10-06 18:55:31
396,7663374173376544789,7663374173376544789,45,印尼,142,7,,32,8月19日,2026-09-30,,,30,2026-10-06 19:48:42,2026-09-30 20:51:42,2026-10-06 18:55:31
397,7663374948295065620,7663374948295065620,45,印尼,142,7,,32,8月19日,2026-09-30,,,30,2026-10-06 19:48:42,2026-09-30 20:51:42,2026-10-06 18:55:31
398,7663372990515593236,7663372990515593236,43,墨西哥,142,-6,,32,8月20日,2026-09-30,,,30,2026-10-06 19:48:42,2026-09-30 20:51:42,2026-10-06 18:55:31
399,7663386436627939348,7663386436627939348,46,巴铁,142,5,,31,8月20日,,,,30,2026-10-06 19:48:13,2026-09-30 20:51:42,2026-10-06 18:55:31
400,7663385146556645397,7663385146556645397,46,巴铁,142,5,,32,8月20日,2026-09-30,,,30,2026-10-06 19:48:42,2026-09-30 20:51:42,2026-10-06 18:55:31
401,7666015528552841236,7666015528552841236,,巴西,142,-3,,32,8月22日,2026-09-30,,,30,2026-10-06 19:48:42,2026-09-30 20:51:42,2026-10-06 18:55:31
402,7666015119272542228,7666015119272542228,,巴西,142,-3,,31,8月22日,,,,30,2026-10-06 19:48:13,2026-09-30 20:51:42,2026-10-06 18:55:31
403,7660419840045236232,7660419840045236232,44,巴西,153,-3,,32,8月25日,2026-09-30,,,30,2026-10-06 19:48:42,2026-09-30 20:51:42,2026-10-06 18:55:31
404,7669728045296779284,7669728045296779284,10,印尼,142,7,,32,8月27日,2026-09-30,,,30,2026-10-06 19:48:42,2026-09-30 20:51:42,2026-10-06 18:55:31
405,7669728043556159508,7669728043556159508,45,印尼,142,7,,32,8月27日,2026-09-30,,,30,2026-10-06 19:48:42,2026-09-30 20:51:42,2026-10-06 18:55:31
406,7669727561102016532,7669727561102016532,45,印尼,142,7,,32,8月27日,2026-09-30,,,30,2026-10-06 19:48:42,2026-09-30 20:51:42,2026-10-06 18:55:31
407,7669727526226526228,7669727526226526228,45,印尼,142,7,,31,8月27日,,,,30,2026-10-06 19:48:13,2026-09-30 20:51:42,2026-10-06 18:55:31
408,7669727490054799380,7669727490054799380,45,印尼,142,7,,32,8月27日,2026-09-30,,,30,2026-10-06 19:48:42,2026-09-30 20:51:42,2026-10-06 18:55:31
409,7639663046914752530,7639663046914752530,44,巴西,139,-3,,32,8月27日,2026-09-30,,,30,2026-10-06 19:48:42,2026-09-30 20:51:42,2026-10-06 18:55:31
410,7647734468270374932,7647734468270374932,44,巴西,139,-3,,32,9月1日,2026-09-30,,,30,2026-10-06 19:48:42,2026-09-30 20:51:42,2026-10-06 18:55:31
411,7678962938786463764,7678962938786463764,41,巴西,149,-3,,32,9月2日,2026-09-30,,,30,2026-10-06 19:48:42,2026-09-30 20:51:42,2026-10-06 18:55:31
412,7581306630019285009,7581306630019285009,42,菲律宾,139,8,,31,9月2日,,,,30,2026-10-06 19:48:13,2026-09-30 20:51:42,2026-10-06 18:55:31
413,7640041988070965269,7640041988070965269,44,巴西,144,-3,,32,9月4日,2026-09-30,,,30,2026-10-06 19:48:42,2026-09-30 20:51:42,2026-10-06 18:55:31
414,7560590704498655233,7560590704498655233,42,印尼,139,8,,31,9月4日,2026-10-06,2026-10-06 18:55:31,,30,2026-10-06 19:48:13,2026-09-30 20:51:42,2026-10-06 18:55:31
415,7613961237227159559,7613961237227159559,45,印尼,140,7,,32,9月4日,2026-09-30,,,30,2026-10-06 19:48:42,2026-09-30 20:51:42,2026-10-06 18:55:31
416,7614034119076446215,7614034119076446215,45,印尼,140,7,,32,9月4日,2026-09-30,,,30,2026-10-06 19:48:42,2026-09-30 20:51:42,2026-10-06 18:55:31
417,7645320433790304276,7645320433790304276,43,墨西哥,145,-6,,31,9月7日,,,,30,2026-10-06 19:48:13,2026-09-30 20:51:42,2026-10-06 18:55:31
418,7645320656141221906,7645320656141221906,43,墨西哥,145,-6,,31,9月7日,,,,30,2026-10-06 19:48:13,2026-09-30 20:51:42,2026-10-06 18:55:31
419,7673406358712074261,7673406358712074261,45,印尼,142,7,,32,9月7日,2026-09-30,,,30,2026-10-06 19:48:42,2026-09-30 20:51:42,2026-10-06 18:55:31
420,7670014828123242503,7670014828123242503,44,巴西,147,-3,,32,9月7日,2026-09-30,,,30,2026-10-06 19:48:42,2026-09-30 20:51:42,2026-10-06 18:55:31
421,7648169846957621268,7648169846957621268,42,菲律宾,139,8,,32,9月8日,2026-09-30,,,30,2026-10-06 19:48:42,2026-09-30 20:51:42,2026-10-06 18:55:31
422,7627075819965710344,7627075819965710344,42,印尼,144,8,,32,9月8日,2026-09-30,,,30,2026-10-06 19:48:42,2026-09-30 20:51:42,2026-10-06 18:55:31
423,7654438669423722516,7654438669423722516,42,印尼,155,7,,32,9月8日,2026-09-30,,,30,2026-10-06 19:48:42,2026-09-30 20:51:42,2026-10-06 18:55:31
424,7678682707114737684,7678682707114737684,42,印尼,148,7,,31,9月9日,,,,30,2026-10-06 19:48:13,2026-09-30 20:51:42,2026-10-06 18:55:31
425,7676483702595256328,7676483702595256328,43,墨西哥,156,-6,,31,9月9日,2026-10-06,2026-10-06 18:55:31,,30,2026-10-06 19:48:13,2026-09-30 20:51:42,2026-10-06 18:55:31
426,7649233633388691474,7649233633388691474,42,菲律宾,139,8,,32,9月10日,2026-09-30,,,30,2026-10-06 19:48:42,2026-09-30 20:51:42,2026-10-06 18:55:31
427,7681222517616361479,7681222517616361479,41,巴西,149,-3,,32,9月10日,2026-09-30,,,30,2026-10-06 19:48:42,2026-09-30 20:51:42,2026-10-06 18:55:31
428,7683840191978684436,7683840191978684436,47,巴铁,155,5,,32,9月11日,2026-09-30,,,30,2026-10-06 19:48:42,2026-09-30 20:51:42,2026-10-06 18:55:31
429,7673406769300783125,7673406769300783125,45,印尼,142,7,,32,9月11日,2026-09-30,,,30,2026-10-06 19:48:42,2026-09-30 20:51:42,2026-10-06 18:55:31
430,7673406769300914197,7673406769300914197,45,印尼,142,7,,31,9月11日,,,,30,2026-10-06 19:48:13,2026-09-30 20:51:42,2026-10-06 18:55:31
431,7641877834142875655,7641877834142875655,45,印尼,144,7,,31,9月11日,,,,30,2026-10-06 19:48:13,2026-09-30 20:51:42,2026-10-06 18:55:31
432,7659662992560472082,7659662992560472082,44,巴西,139,-3,,32,9月12日,2026-09-30,,,30,2026-10-06 19:48:42,2026-09-30 20:51:42,2026-10-06 18:55:31
433,7679005413400068104,7679005413400068104,41,巴西,149,-3,,32,9月14日,2026-09-30,,,30,2026-10-06 19:48:42,2026-09-30 20:51:42,2026-10-06 18:55:31
434,7683095766503129095,7683095766503129095,44,巴西,149,-3,,32,9月14日,2026-09-30,,,30,2026-10-06 19:48:42,2026-09-30 20:51:42,2026-10-06 18:55:31
435,7683094592198377480,7683094592198377480,41,巴西,149,-3,,31,9月15日,,,,30,2026-10-06 19:48:13,2026-09-30 20:51:42,2026-10-06 18:55:31
436,7660513927051935762,7660513927051935762,48,巴西,143,-3,,32,9月15日,2026-09-30,,,30,2026-10-06 19:48:42,2026-09-30 20:51:42,2026-10-06 18:55:31
437,7658286030277279752,7658286030277279752,48,巴西,139,-3,,32,9月15日,2026-09-30,,,30,2026-10-06 19:48:42,2026-09-30 20:51:42,2026-10-06 18:55:31
438,7640049335924785172,7640049335924785172,42,印尼,144,7,,32,9月16日,2026-09-30,,,30,2026-10-06 19:48:42,2026-09-30 20:51:42,2026-10-06 18:55:31
439,7680109307865743381,7680109307865743381,41,巴西,139,-3,,32,9月16日,2026-09-30,,,30,2026-10-06 19:48:42,2026-09-30 20:51:42,2026-10-06 18:55:31
440,7641141957615583240,7641141957615583240,41,巴西,144,-3,,32,9月16日,2026-09-30,,,30,2026-10-06 19:48:42,2026-09-30 20:51:42,2026-10-06 18:55:31
441,7680529712193863701,7680529712193863701,46,巴铁,156,5,,32,9月15日,2026-09-30,,,30,2026-10-06 19:48:42,2026-09-30 20:51:42,2026-10-06 18:55:31
442,7680530030056833045,7680530030056833045,46,巴铁,156,5,,32,9月15日,2026-09-30,,,30,2026-10-06 19:48:42,2026-09-30 20:51:42,2026-10-06 18:55:31
443,7678664075685150741,7678664075685150741,42,印尼,148,8,,32,9月17日,2026-09-30,,,30,2026-10-06 19:48:42,2026-09-30 20:51:42,2026-10-06 18:55:31
444,7678663713171292181,7678663713171292181,42,印尼,148,8,,32,9月17日,2026-09-30,,,30,2026-10-06 19:48:42,2026-09-30 20:51:42,2026-10-06 18:55:31
445,7678679744757481492,7678679744757481492,41,巴西,148,-3,,32,9月17日,2026-09-30,,,30,2026-10-06 19:48:42,2026-09-30 20:51:42,2026-10-06 18:55:31
446,7685283430556434452,7685283430556434452,48,巴西,142,-3,,32,9月18日,2026-09-30,,,30,2026-10-06 19:48:42,2026-09-30 20:51:42,2026-10-06 18:55:31
447,7687811202675900437,7687811202675900437,42,印尼,155,7,,32,9月21日,2026-09-30,,,30,2026-10-06 19:48:42,2026-09-30 20:51:42,2026-10-06 18:55:31
448,7687824022574481428,7687824022574481428,46,巴铁,155,5,,32,9月21日,2026-09-30,,,30,2026-10-06 19:48:42,2026-09-30 20:51:42,2026-10-06 18:55:31
449,7685945057850572820,7685945057850572820,48,巴西,144,-3,,31,9月21日,,,,30,2026-10-06 19:48:13,2026-09-30 20:51:42,2026-10-06 18:55:31
450,7651872392555102215,7651872392555102215,42,印尼,139,7,,32,9月21日,2026-09-30,,,30,2026-10-06 19:48:42,2026-09-30 20:51:42,2026-10-06 18:55:31
451,7680096943527182343,7680096943527182343,42,印尼,139,7,,32,9月21日,2026-09-30,,,30,2026-10-06 19:48:42,2026-09-30 20:51:42,2026-10-06 18:55:31
452,7686717558639378452,7686717558639378452,42,菲律宾,139,8,,32,9月21日,2026-09-30,,,30,2026-10-06 19:48:42,2026-09-30 20:51:42,2026-10-06 18:55:31
453,7685283903086624789,7685283903086624789,48,巴西,142,-3,,31,9月22日,2026-10-06,2026-10-06 18:55:31,,30,2026-10-06 19:48:13,2026-09-30 20:51:42,2026-10-06 18:55:31
454,7669696751302705160,7669696751302705160,42,印尼,139,7,,32,9月22日,2026-09-30,,,30,2026-10-06 19:48:42,2026-09-30 20:51:42,2026-10-06 18:55:31
455,7669696701523214357,7669696701523214357,42,印尼,139,7,,32,9月22日,2026-09-30,,,30,2026-10-06 19:48:42,2026-09-30 20:51:42,2026-10-06 18:55:31
456,7659663072864550930,7659663072864550930,48,巴西,139,-3,,32,9月22日,2026-09-30,,,30,2026-10-06 19:48:42,2026-09-30 20:51:42,2026-10-06 18:55:31
457,7659662794146578450,7659662794146578450,48,巴西,139,-3,,32,9月22日,2026-09-30,,,30,2026-10-06 19:48:42,2026-09-30 20:51:42,2026-10-06 18:55:31
458,7680528654258110484,7680528654258110484,46,巴铁,148,4,,119,9月22日,2026-10-06,2026-10-06 19:42:48,,30,,2026-09-30 20:51:42,2026-10-06 18:55:31
459,7680527653184438293,7680527653184438293,46,巴铁,148,4,,32,9月22日,2026-09-30,,,30,2026-10-06 19:48:42,2026-09-30 20:51:42,2026-10-06 18:55:31
460,7683733024730578965,7683733024730578965,48,巴西,157,-3,,31,9月23日,,,,30,2026-10-06 19:48:13,2026-09-30 20:51:42,2026-10-06 18:55:31
461,7683097205439741970,7683097205439741970,48,巴西,139,-3,,32,9月23日,2026-09-30,,,30,2026-10-06 19:48:42,2026-09-30 20:51:42,2026-10-06 18:55:31
462,7681701700434001938,7681701700434001938,48,巴西,139,-3,,32,9月23日,2026-09-30,,,30,2026-10-06 19:48:42,2026-09-30 20:51:42,2026-10-06 18:55:31
463,7660854364411592722,7660854364411592722,48,巴西,143,-3,,31,9月23日,,,,30,2026-10-06 19:48:13,2026-09-30 20:51:42,2026-10-06 18:55:31
464,7686805688429101076,7686805688429101076,49,巴西,158,-3,,32,9月23日,2026-09-30,,,30,2026-10-06 19:48:42,2026-09-30 20:51:42,2026-10-06 18:55:31
465,7686700069119148053,7686700069119148053,49,巴西,158,-3,,32,9月23日,2026-09-30,,,30,2026-10-06 19:48:42,2026-09-30 20:51:42,2026-10-06 18:55:31
466,7686700069119279125,7686700069119279125,49,巴西,158,-3,,32,9月23日,2026-09-30,,,30,2026-10-06 19:48:42,2026-09-30 20:51:42,2026-10-06 18:55:31
467,7686767861418901512,7686767861418901512,49,巴西,158,-3,,32,9月23日,2026-09-30,,,30,2026-10-06 19:48:42,2026-09-30 20:51:42,2026-10-06 18:55:31
468,7686699971795173396,7686699971795173396,49,巴西,158,-3,,32,9月23日,2026-09-30,,,30,2026-10-06 19:48:42,2026-09-30 20:51:42,2026-10-06 18:55:31
469,7678704170681040916,7678704170681040916,48,巴西,148,-3,,32,9月23日,2026-09-30,,,30,2026-10-06 19:48:42,2026-09-30 20:51:42,2026-10-06 18:55:31
470,7678704089324486676,7678704089324486676,48,巴西,148,-3,,32,9月23日,2026-09-30,,,30,2026-10-06 19:48:42,2026-09-30 20:51:42,2026-10-06 18:55:31
471,7686826168133763092,7686826168133763092,48,巴西,140,-3,,31,9月24日,,,,30,2026-10-06 19:48:13,2026-09-30 20:51:42,2026-10-06 18:55:31
472,7687562806715236372,7687562806715236372,48,巴西,140,-3,,31,9月24日,,,,30,2026-10-06 19:48:13,2026-09-30 20:51:42,2026-10-06 18:55:31
473,7686826610981175317,7686826610981175317,48,巴西,140,-3,,31,9月24日,2026-10-06,2026-10-06 18:55:31,,30,2026-10-06 19:48:13,2026-09-30 20:51:42,2026-10-06 18:55:31
474,7686826236022243349,7686826236022243349,48,巴西,140,-3,,31,9月24日,2026-10-06,2026-10-06 18:55:31,,30,2026-10-06 19:48:13,2026-09-30 20:51:42,2026-10-06 18:55:31
475,7678706841567641621,7678706841567641621,48,巴西,148,-3,,31,9月24日,,,,30,2026-10-06 19:48:13,2026-09-30 20:51:42,2026-10-06 18:55:31
476,7678706771218268180,7678706771218268180,48,巴西,148,-3,,31,9月24日,,,,30,2026-10-06 19:48:13,2026-09-30 20:51:42,2026-10-06 18:55:31
477,7678706532967727124,7678706532967727124,48,巴西,148,-3,,31,9月24日,,,,30,2026-10-06 19:48:13,2026-09-30 20:51:42,2026-10-06 18:55:31
478,7685587552006488084,7685587552006488084,42,印尼,159,7,,31,9月24日,2026-10-06,2026-10-06 18:55:31,,30,2026-10-06 19:48:13,2026-09-30 20:51:42,2026-10-06 18:55:31
479,7685274612666007570,7685274612666007570,42,印尼,159,7,,31,9月24日,2026-10-06,2026-10-06 18:55:31,,30,2026-10-06 19:48:13,2026-09-30 20:51:42,2026-10-06 18:55:31
480,7685274693804326919,7685274693804326919,42,印尼,159,7,,31,9月24日,2026-10-06,2026-10-06 18:55:31,,30,2026-10-06 19:48:13,2026-09-30 20:51:42,2026-10-06 18:55:31
481,7684589538426568705,7684589538426568705,42,印尼,159,7,,31,9月24日,2026-10-06,2026-10-06 18:55:31,,30,2026-10-06 19:48:13,2026-09-30 20:51:42,2026-10-06 18:55:31
482,7685719581687857173,7685719581687857173,48,巴西,155,7,,31,9月28日,,,,30,2026-10-06 19:48:13,2026-09-30 20:51:42,2026-10-06 18:55:31
483,7676494037210972178,7676494037210972178,46,巴铁,148,4,,31,9月28日,,,,30,2026-10-06 19:48:13,2026-09-30 20:51:42,2026-10-06 18:55:31
484,7676491750596329479,7676491750596329479,46,巴铁,148,4,,31,9月28日,2026-10-06,2026-10-06 18:55:31,,30,2026-10-06 19:48:13,2026-09-30 20:51:42,2026-10-06 18:55:31
485,7676491372154388488,7676491372154388488,46,巴铁,148,4,,31,9月28日,,,,30,2026-10-06 19:48:13,2026-09-30 20:51:42,2026-10-06 18:55:31
486,7676491080476803080,7676491080476803080,46,巴铁,148,4,,31,9月28日,2026-10-06,2026-10-06 18:55:31,,30,2026-10-06 19:48:13,2026-09-30 20:51:42,2026-10-06 18:55:31
487,7676488692931084295,7676488692931084295,46,巴铁,148,4,,31,9月28日,,,,30,2026-10-06 19:48:13,2026-09-30 20:51:42,2026-10-06 18:55:31
488,7676491967418171400,7676491967418171400,43,墨西哥,148,8,,31,9月28日,,,,30,2026-10-06 19:48:13,2026-09-30 20:51:42,2026-10-06 18:55:31
489,7676491501150109704,7676491501150109704,43,墨西哥,148,8,,31,9月28日,,,,30,2026-10-06 19:48:13,2026-09-30 20:51:42,2026-10-06 18:55:31
490,7676491370514546706,7676491370514546706,43,墨西哥,148,8,,31,9月28日,,,,30,2026-10-06 19:48:13,2026-09-30 20:51:42,2026-10-06 18:55:31
491,7676489143809294344,7676489143809294344,43,墨西哥,148,8,,31,9月28日,,,,30,2026-10-06 19:48:13,2026-09-30 20:51:42,2026-10-06 18:55:31
492,7676488683443617810,7676488683443617810,43,墨西哥,148,8,,31,9月28日,,,,30,2026-10-06 19:48:13,2026-09-30 20:51:42,2026-10-06 18:55:31
493,7660047232145801223,7660047232145801223,48,巴西,139,-3,,31,9月29日,2026-10-06,2026-10-06 18:55:31,,30,2026-10-06 19:48:13,2026-09-30 20:51:42,2026-10-06 18:55:31
494,7683364371760988167,7683364371760988167,48,巴西,149,-3,,31,9月29日,2026-10-06,2026-10-06 18:55:31,,30,2026-10-06 19:48:13,2026-09-30 20:51:42,2026-10-06 18:55:31
495,7683364124189048852,7683364124189048852,48,巴西,149,-3,,31,9月29日,,,,30,2026-10-06 19:48:13,2026-09-30 20:51:42,2026-10-06 18:55:31
496,7683364063011553298,7683364063011553298,48,巴西,149,-3,,31,9月29日,,,,30,2026-10-06 19:48:13,2026-09-30 20:51:42,2026-10-06 18:55:31
497,7683363962435420168,7683363962435420168,48,巴西,149,-3,,31,9月29日,2026-10-06,2026-10-06 18:55:31,,30,2026-10-06 19:48:13,2026-09-30 20:51:42,2026-10-06 18:55:31
498,7683364148609712135,7683364148609712135,48,巴西,149,-3,,31,9月29日,2026-10-06,2026-10-06 18:55:31,,30,2026-10-06 19:48:13,2026-09-30 20:51:42,2026-10-06 18:55:31
499,7683364493493141511,7683364493493141511,48,巴西,149,-3,,31,9月29日,2026-10-06,2026-10-06 18:55:31,,30,2026-10-06 19:48:13,2026-09-30 20:51:42,2026-10-06 18:55:31
500,7660004528738369543,7660004528738369543,42,泰国,149,7,,31,9月29日,2026-10-06,2026-10-06 18:55:31,,30,2026-10-06 19:48:13,2026-09-30 20:51:42,2026-10-06 18:55:31
501,7660001092562010130,7660001092562010130,42,泰国,149,7,,31,9月29日,2026-10-06,2026-10-06 18:55:31,,30,2026-10-06 19:48:13,2026-09-30 20:51:42,2026-10-06 18:55:31
502,7660001617613291527,7660001617613291527,42,泰国,149,7,,31,9月29日,2026-10-06,2026-10-06 18:55:31,,30,2026-10-06 19:48:13,2026-09-30 20:51:42,2026-10-06 18:55:31
503,7678687282427232277,7678687282427232277,42,印尼,148,8,,31,9月30日,,,,30,2026-10-06 19:48:13,2026-09-30 20:51:42,2026-10-06 18:55:31
504,7678684332713705492,7678684332713705492,42,印尼,148,8,,31,9月30日,,,,30,2026-10-06 19:48:13,2026-09-30 20:51:42,2026-10-06 18:55:31
505,7676490669082574866,7676490669082574866,48,巴西,148,-3,,31,9月30日,2026-10-06,2026-10-06 18:55:31,,30,2026-10-06 19:48:13,2026-09-30 20:51:42,2026-10-06 18:55:31
506,7676489937838964743,7676489937838964743,48,巴西,148,-3,,31,9月30日,2026-10-06,2026-10-06 18:55:31,,30,2026-10-06 19:48:13,2026-09-30 20:51:42,2026-10-06 18:55:31
507,7676489643344592903,7676489643344592903,48,巴西,148,-3,,31,9月30日,,,,30,2026-10-06 19:48:13,2026-09-30 20:51:42,2026-10-06 18:55:31
508,7685719471348301845,7685719471348301845,42,巴西,155,7,,31,9月30日,,,,30,2026-10-06 19:48:13,2026-09-30 20:51:42,2026-10-06 18:55:31
509,7678676223131713556,7678676223131713556,1,印尼,148,8,,31,9月30日,,,,23,2026-10-06 19:48:00,2026-10-04 03:46:52,2026-10-06 18:55:31
510,7678688134549979157,7678688134549979157,1,印尼,148,8,,31,9月30日,,,,23,2026-10-06 19:48:00,2026-10-04 03:46:52,2026-10-06 18:55:31
511,7678687757601865749,7678687757601865749,1,印尼,148,8,,31,9月30日,,,,23,2026-10-06 19:48:00,2026-10-04 03:46:52,2026-10-06 18:55:31
512,7614072752246210578,7614072752246210578,1,印尼,144,7,,31,10月1日,,,,23,2026-10-06 19:48:00,2026-10-04 03:46:52,2026-10-06 18:55:31
513,7613727363897016321,7613727363897016321,,印尼,139,+8,"46,691.41",52,3月13日,2026-10-06,2026-10-06 19:42:48,,25,2026-10-06 19:48:53,2026-10-06 18:55:31,2026-10-06 18:55:31
514,7613710213736251400,7613710213736251400,,印尼,139,+8,"14,643.27",53,3月13日,2026-10-06,2026-10-06 19:42:48,,25,,2026-10-06 18:55:31,2026-10-06 18:55:31
515,7613727378942083088,7613727378942083088,1,印尼,139,+7,"76,700.00",,3月13日,2026-10-06,2026-10-06 18:55:31,,23,,2026-10-06 18:55:31,2026-10-06 18:55:31
516,7613603865863716865,7613603865863716865,,巴西,139,-3,457.56,54,3月27日,2026-10-06,2026-10-06 19:42:48,,,,2026-10-06 18:55:31,2026-10-06 18:55:31
517,7614104568141692944,7614104568141692944,,泰国,139,+7,"18,800.00",,3月14日,2026-10-06,2026-10-06 18:55:31,,25,,2026-10-06 18:55:31,2026-10-06 18:55:31
518,7616262432557907969,7616262432557907969,1,印尼,139,+7,0,,3月16日,2026-10-06,2026-10-06 18:55:31,,23,,2026-10-06 18:55:31,2026-10-06 18:55:31
519,7616262392952586256,7616262392952586256,1,印尼,139,+7,0,,3月16日,2026-10-06,2026-10-06 18:55:31,,23,,2026-10-06 18:55:31,2026-10-06 18:55:31
520,7616262403180904464,7616262403180904464,,印尼,139,+7,0,52,3月16日,2026-10-06,2026-10-06 19:42:48,,25,2026-10-06 19:48:53,2026-10-06 18:55:31,2026-10-06 18:55:31
521,7616262372336025616,7616262372336025616,,印尼,139,+7,0,52,3月16日,2026-10-06,2026-10-06 19:42:48,,25,2026-10-06 19:48:53,2026-10-06 18:55:31,2026-10-06 18:55:31
522,7616262266908049425,7616262266908049425,,印尼,139,+7,0,52,3月16日,2026-10-06,2026-10-06 19:42:48,,25,2026-10-06 19:48:53,2026-10-06 18:55:31,2026-10-06 18:55:31
523,7613730141345873921,7613730141345873921,1,印尼,139,+7,"2,514.67",,3月16日,2026-10-06,2026-10-06 18:55:31,,23,,2026-10-06 18:55:31,2026-10-06 18:55:31
524,7613709991098482695,7613709991098482695,1,印尼,139,+7,"3,320.69",,3月16日,2026-10-06,2026-10-06 18:55:31,,23,,2026-10-06 18:55:31,2026-10-06 18:55:31
525,7613730118837649409,7613730118837649409,1,印尼,139,+7,"5,187.20",,3月16日,2026-10-06,2026-10-06 18:55:31,,23,,2026-10-06 18:55:31,2026-10-06 18:55:31
526,7613729732924063761,7613729732924063761,,印尼,139,+7,86.54,52,3月16日,2026-10-06,2026-10-06 19:42:48,,25,2026-10-06 19:48:53,2026-10-06 18:55:31,2026-10-06 18:55:31
527,7613711031069343761,7613711031069343761,,印尼,139,+7,"5,772.96",55,3月16日,2026-10-06,2026-10-06 19:42:48,,25,,2026-10-06 18:55:31,2026-10-06 18:55:31
528,7615163098685014023,7615163098685014023,4,巴西,139,-3,37.49,,3月16日,2026-10-06,2026-10-06 18:55:31,,23,,2026-10-06 18:55:31,2026-10-06 18:55:31
529,7615807483754463249,7615807483754463249,,泰国,139,+7,,56,3月17日,2026-10-06,2026-10-06 19:42:48,,25,,2026-10-06 18:55:31,2026-10-06 18:55:31
530,7613729081850642439,7613729081850642439,10,印尼,139,+7,32.78,57,3月23日,2026-10-06,2026-10-06 19:42:48,,25,,2026-10-06 18:55:31,2026-10-06 18:55:31
531,7613711486306533393,7613711486306533393,1,印尼,139,+7,,,3月19日,2026-10-06,2026-10-06 18:55:31,,23,,2026-10-06 18:55:31,2026-10-06 18:55:31
532,7613729094286786568,7613729094286786568,1,印尼,139,+7,"3,900.00",,3月19日,2026-10-06,2026-10-06 18:55:31,,23,,2026-10-06 18:55:31,2026-10-06 18:55:31
533,7613710606820130834,7613710606820130834,1,印尼,139,+7,"1,000.00",,3月19日,2026-10-06,2026-10-06 18:55:31,,23,,2026-10-06 18:55:31,2026-10-06 18:55:31
534,7613727421807755265,7613727421807755265,10,印尼,139,+7,"26,328.47",54,3月19日,2026-10-06,2026-10-06 19:42:48,,25,,2026-10-06 18:55:31,2026-10-06 18:55:31
535,7613726066423382023,7613726066423382023,10,印尼,139,+7,70.16,30,3月19日,2026-10-06,2026-10-06 19:42:48,,25,2026-10-06 19:48:50,2026-10-06 18:55:31,2026-10-06 18:55:31
536,7613729670344982535,7613729670344982535,10,印尼,139,+7,973.49,30,3月19日,2026-10-06,2026-10-06 19:42:48,,25,2026-10-06 19:48:50,2026-10-06 18:55:31,2026-10-06 18:55:31
537,7615167070713135122,7615167070713135122,39,巴西,139,-3,119.85,,3月25日,2026-10-06,2026-10-06 18:55:31,,30,,2026-10-06 18:55:31,2026-10-06 18:55:31
538,7615158698415013904,7615158698415013904,39,巴西,139,-3,"1,146.46",54,3月25日,2026-10-06,2026-10-06 19:42:48,,30,,2026-10-06 18:55:31,2026-10-06 18:55:31
539,7615168464583524360,7615168464583524360,26,巴西,139,-3,285.32,54,3月25日,2026-10-06,2026-10-06 19:42:48,,31,,2026-10-06 18:55:31,2026-10-06 18:55:31
540,7615168640849182738,7615168640849182738,26,巴西,139,-3,"2,819.74",54,3月25日,2026-10-06,2026-10-06 19:42:48,,31,,2026-10-06 18:55:31,2026-10-06 18:55:31
541,7615168991664816145,7615168991664816145,,巴西,139,-3,481.22,54,3月25日,2026-10-06,2026-10-06 19:42:48,,,,2026-10-06 18:55:31,2026-10-06 18:55:31
542,7616292320610287632,7616292320610287632,1,印尼,139,+8,"2,398.38",,3月23日,2026-10-06,2026-10-06 18:55:31,,23,,2026-10-06 18:55:31,2026-10-06 18:55:31
543,7616263402654072849,7616263402654072849,27,泰国,139,+7,441.20,58,3月23日,2026-10-06,2026-10-06 19:42:48,,31,,2026-10-06 18:55:31,2026-10-06 18:55:31
544,7615807517179871233,7615807517179871233,40,泰国,139,+7,32.66,,3月23日,2026-10-06,2026-10-06 18:55:31,,30,,2026-10-06 18:55:31,2026-10-06 18:55:31
545,7618167328206864385,7618167328206864385,,印尼,139,+8,515.28,30,3月23日,2026-10-06,2026-10-06 19:42:48,,25,2026-10-06 19:48:50,2026-10-06 18:55:31,2026-10-06 18:55:31
546,7618167506529255440,7618167506529255440,,印尼,139,+8,0,30,3月24日,2026-10-06,2026-10-06 19:42:48,,25,2026-10-06 19:48:50,2026-10-06 18:55:31,2026-10-06 18:55:31
547,7615170218114498561,7615170218114498561,,巴西,139,-3,"2,124.20",54,3月24日,2026-10-06,2026-10-06 19:42:48,,,,2026-10-06 18:55:31,2026-10-06 18:55:31
548,7615170146528919569,7615170146528919569,,巴西,139,-3,0,54,3月24日,2026-10-06,2026-10-06 19:42:48,,,,2026-10-06 18:55:31,2026-10-06 18:55:31
549,7615170187372920849,7615170187372920849,38,巴西,139,-3,0,54,3月24日,2026-10-06,2026-10-06 19:42:48,,30,,2026-10-06 18:55:31,2026-10-06 18:55:31
550,7615169519933456392,7615169519933456392,38,巴西,139,-3,"6,911.43",54,3月24日,2026-10-06,2026-10-06 19:42:48,,30,,2026-10-06 18:55:31,2026-10-06 18:55:31
551,7615170094544502800,7615170094544502800,24,巴西,139,-3,176.89,54,3月24日,2026-10-06,2026-10-06 19:42:48,,31,,2026-10-06 18:55:31,2026-10-06 18:55:31
552,7615169448982659079,7615169448982659079,24,巴西,139,-3,"5,292.03",54,3月24日,2026-10-06,2026-10-06 19:42:48,,31,,2026-10-06 18:55:31,2026-10-06 18:55:31
553,7615170000420372496,7615170000420372496,,巴西,139,-3,"7,500.00",54,3月24日,2026-10-06,2026-10-06 19:42:48,,,,2026-10-06 18:55:31,2026-10-06 18:55:31
554,7615170006413803536,7615170006413803536,,巴西,139,-3,361.64,54,3月24日,2026-10-06,2026-10-06 19:42:48,,,,2026-10-06 18:55:31,2026-10-06 18:55:31
555,7615169583210233857,7615169583210233857,,巴西,139,-3,132.88,54,3月24日,2026-10-06,2026-10-06 19:42:48,,,,2026-10-06 18:55:31,2026-10-06 18:55:31
556,7615169523842334721,7615169523842334721,,巴西,139,-3,768.60,54,3月24日,2026-10-06,2026-10-06 19:42:48,,,,2026-10-06 18:55:31,2026-10-06 18:55:31
557,7613728933607112722,7613728933607112722,,泰国,139,+7,"1,005.76",,3月24日,2026-10-06,2026-10-06 18:55:31,,,,2026-10-06 18:55:31,2026-10-06 18:55:31
558,7613709415914291207,7613709415914291207,,泰国,139,+7,575.29,59,3月24日,2026-10-06,2026-10-06 19:42:48,,,,2026-10-06 18:55:31,2026-10-06 18:55:31
559,7618202539141644305,7618202539141644305,40,印尼,139,+7,382.79,,3月24日,2026-10-06,2026-10-06 18:55:31,,30,,2026-10-06 18:55:31,2026-10-06 18:55:31
560,7613730230326591496,7613730230326591496,27,印尼,139,+7,928.66,54,3月24日,2026-10-06,2026-10-06 19:42:48,,31,,2026-10-06 18:55:31,2026-10-06 18:55:31
561,7613730455938039824,7613730455938039824,,印尼,139,+7,427.53,54,3月24日,2026-10-06,2026-10-06 19:42:48,,,,2026-10-06 18:55:31,2026-10-06 18:55:31
562,7613729537796620306,7613729537796620306,,印尼,139,+7,,,3月24日,2026-10-06,2026-10-06 18:55:31,,,,2026-10-06 18:55:31,2026-10-06 18:55:31
563,7616338836616069138,7616338836616069138,,巴西,139,-3,"7,133.38",60,3月27日,2026-10-06,2026-10-06 19:42:48,,29,,2026-10-06 18:55:31,2026-10-06 18:55:31
564,7616338858094952456,7616338858094952456,,巴西,139,-3,50.50,54,3月27日,2026-10-06,2026-10-06 19:42:48,,29,,2026-10-06 18:55:31,2026-10-06 18:55:31
565,7616338560749879303,7616338560749879303,,巴西,139,-3,"2,833.62",54,3月27日,2026-10-06,2026-10-06 19:42:48,,,,2026-10-06 18:55:31,2026-10-06 18:55:31
566,7616338484030259218,7616338484030259218,39,巴西,139,-3,"2,363.05",54,3月27日,2026-10-06,2026-10-06 19:42:48,,30,,2026-10-06 18:55:31,2026-10-06 18:55:31
567,7616338510548172808,7616338510548172808,,巴西,139,-3,528.86,54,3月27日,2026-10-06,2026-10-06 19:42:48,,,,2026-10-06 18:55:31,2026-10-06 18:55:31
568,7617349483956813840,7617349483956813840,3,印尼,140,+7,,,3月24日,2026-10-06,2026-10-06 18:55:31,,23,,2026-10-06 18:55:31,2026-10-06 18:55:31
569,7617349466132774929,7617349466132774929,3,印尼,140,+7,,,3月24日,2026-10-06,2026-10-06 18:55:31,,23,,2026-10-06 18:55:31,2026-10-06 18:55:31
570,7613986306649096193,7613986306649096193,,巴西,154,-3,"3,123.60",,3月26日,2026-10-06,2026-10-06 18:55:31,,23,,2026-10-06 18:55:31,2026-10-06 18:55:31
571,7611119550268391441,7611119550268391441,,巴西,154,-3,"2,780.57",54,3月26日,2026-10-06,2026-10-06 19:42:48,,29,,2026-10-06 18:55:31,2026-10-06 18:55:31
572,7615515486532616193,7615515486532616193,,印尼,154,+8,96.02,59,3月26日,2026-10-06,2026-10-06 19:42:48,,,,2026-10-06 18:55:31,2026-10-06 18:55:31
573,7615515425515552785,7615515425515552785,,印尼,154,+8,"4,604.09",,3月26日,2026-10-06,2026-10-06 18:55:31,,,,2026-10-06 18:55:31,2026-10-06 18:55:31
574,7615515421696966672,7615515421696966672,,印尼,154,+8,0,,3月26日,2026-10-06,2026-10-06 18:55:31,,,,2026-10-06 18:55:31,2026-10-06 18:55:31
575,7615515343456600081,7615515343456600081,5,印尼,154,+8,972.59,59,3月26日,2026-10-06,2026-10-06 19:42:48,,23,,2026-10-06 18:55:31,2026-10-06 18:55:31
576,7615514700071043089,7615514700071043089,,印尼,154,+8,0,54,3月25日,2026-10-06,2026-10-06 19:42:48,,,,2026-10-06 18:55:31,2026-10-06 18:55:31
577,7617733879738220561,7617733879738220561,3,印尼,154,+8,95.23,61,3月23日,2026-10-06,2026-10-06 19:42:48,,30,,2026-10-06 18:55:31,2026-10-06 18:55:31
578,7617733866077519888,7617733866077519888,3,印尼,154,+8,"6,959.69",,3月23日,2026-10-06,2026-10-06 18:55:31,,23,,2026-10-06 18:55:31,2026-10-06 18:55:31
579,7617733811245203472,7617733811245203472,3,印尼,154,+8,"3,817.63",,3月23日,2026-10-06,2026-10-06 18:55:31,,23,,2026-10-06 18:55:31,2026-10-06 18:55:31
580,7618039275537039361,7618039275537039361,,巴西,,-3,0,55,3月27日,2026-10-06,2026-10-06 19:42:48,,29,,2026-10-06 18:55:31,2026-10-06 18:55:31
581,7618039270271565841,7618039270271565841,,巴西,,-3,0,54,3月27日,2026-10-06,2026-10-06 19:42:48,,29,,2026-10-06 18:55:31,2026-10-06 18:55:31
582,7565433180237758480,7565433180237758480,16,孟加拉,,+7,66.54,59,3月27日,2026-10-06,2026-10-06 19:42:48,,25,,2026-10-06 18:55:31,2026-10-06 18:55:31
583,7565433199156953104,7565433199156953104,16,孟加拉,,+8,,59,3月27日,2026-10-06,2026-10-06 19:42:48,,25,,2026-10-06 18:55:31,2026-10-06 18:55:31
584,7565433025446821889,7565433025446821889,16,孟加拉,,+8,,59,3月27日,2026-10-06,2026-10-06 19:42:48,,25,,2026-10-06 18:55:31,2026-10-06 18:55:31
585,7565433191537065985,7565433191537065985,40,印尼,,+8,,,3月27日,2026-10-06,2026-10-06 18:55:31,,30,,2026-10-06 18:55:31,2026-10-06 18:55:31
586,7565433148356657153,7565433148356657153,25,印尼,,+7,0,59,3月27日,2026-10-06,2026-10-06 19:42:48,,31,,2026-10-06 18:55:31,2026-10-06 18:55:31
587,7565433074159484945,7565433074159484945,19,泰国,,+7,0,59,3月27日,2026-10-06,2026-10-06 19:42:48,,31,,2026-10-06 18:55:31,2026-10-06 18:55:31
588,7565433136377528337,7565433136377528337,,印尼,,+7,,,3月27日,2026-10-06,2026-10-06 18:55:31,,,,2026-10-06 18:55:31,2026-10-06 18:55:31
589,7618869088076660737,7618869088076660737,,巴西,139,-3,0,54,3月28日,2026-10-06,2026-10-06 19:42:48,,29,,2026-10-06 18:55:31,2026-10-06 18:55:31
590,7618869042723635201,7618869042723635201,,巴西,139,-3,0,54,3月28日,2026-10-06,2026-10-06 19:42:48,,,,2026-10-06 18:55:31,2026-10-06 18:55:31
591,7618039211626725393,7618039211626725393,,巴西,,-3,0,54,3月28日,2026-10-06,2026-10-06 19:42:48,,,,2026-10-06 18:55:31,2026-10-06 18:55:31
592,7618039238021496849,7618039238021496849,,巴西,,-3,,54,3月28日,2026-10-06,2026-10-06 19:42:48,,,,2026-10-06 18:55:31,2026-10-06 18:55:31
593,7618167509455224849,7618167509455224849,7,印尼,139,+8,983.66,30,3月30日,2026-10-06,2026-10-06 19:42:48,,28,2026-10-06 19:48:50,2026-10-06 18:55:31,2026-10-06 18:55:31
594,7598157779035537416,7598157779035537416,16,孟加拉,,+8,,59,3月28日,2026-10-06,2026-10-06 19:42:48,,25,,2026-10-06 18:55:31,2026-10-06 18:55:31
595,7598201677480656903,7598201677480656903,16,孟加拉,,+8,,59,3月28日,2026-10-06,2026-10-06 19:42:48,,25,,2026-10-06 18:55:31,2026-10-06 18:55:31
596,7596966821094391816,7596966821094391816,5,孟加拉,,+8,,62,3月30日,2026-10-06,2026-10-06 19:42:48,,23,,2026-10-06 18:55:31,2026-10-06 18:55:31
597,7596971908206477329,7596971908206477329,5,孟加拉,,+8,,62,3月30日,2026-10-06,2026-10-06 19:42:48,,23,,2026-10-06 18:55:31,2026-10-06 18:55:31
598,7596980371485442065,7596980371485442065,5,孟加拉,,+8,,62,3月30日,2026-10-06,2026-10-06 19:42:48,,23,,2026-10-06 18:55:31,2026-10-06 18:55:31
599,7596995589573885953,7596995589573885953,7,孟加拉,,+8,0,,3月30日,2026-10-06,2026-10-06 18:55:31,,,,2026-10-06 18:55:31,2026-10-06 18:55:31
600,7597061833996009480,7597061833996009480,7,孟加拉,,+8,,,3月30日,2026-10-06,2026-10-06 18:55:31,,,,2026-10-06 18:55:31,2026-10-06 18:55:31
601,7597073842994757639,7597073842994757639,7,孟加拉,,+8,,,3月30日,2026-10-06,2026-10-06 18:55:31,,,,2026-10-06 18:55:31,2026-10-06 18:55:31
602,7597374850264907784,7597374850264907784,5,孟加拉,,+8,,62,3月30日,2026-10-06,2026-10-06 19:42:48,,23,,2026-10-06 18:55:31,2026-10-06 18:55:31
603,7597385001597616136,7597385001597616136,5,孟加拉,,+8,,62,3月30日,2026-10-06,2026-10-06 19:42:48,,23,,2026-10-06 18:55:31,2026-10-06 18:55:31
604,7597461892596285447,7597461892596285447,5,孟加拉,,+8,,62,3月30日,2026-10-06,2026-10-06 19:42:48,,23,,2026-10-06 18:55:31,2026-10-06 18:55:31
605,7597837255832043521,7597837255832043521,5,孟加拉,,+8,80,62,3月30日,2026-10-06,2026-10-06 19:42:48,,23,,2026-10-06 18:55:31,2026-10-06 18:55:31
606,7430296133929877505,7430296133929877505,,巴西,,-3,,54,3月30日,2026-10-06,2026-10-06 19:42:48,,,,2026-10-06 18:55:31,2026-10-06 18:55:31
607,7591080720664199186,7591080720664199186,16,,,+7,,59,3月30日,2026-10-06,2026-10-06 19:42:48,,25,,2026-10-06 18:55:31,2026-10-06 18:55:31
608,7591945828734910481,7591945828734910481,16,,,+7,,59,3月30日,2026-10-06,2026-10-06 19:42:48,,25,,2026-10-06 18:55:31,2026-10-06 18:55:31
609,7591960354026717200,7591960354026717200,16,,,+7,,59,3月30日,2026-10-06,2026-10-06 19:42:48,,25,,2026-10-06 18:55:31,2026-10-06 18:55:31
610,7591971258204422145,7591971258204422145,40,,,+8,,63,3月30日,2026-10-06,2026-10-06 19:42:48,,30,,2026-10-06 18:55:31,2026-10-06 18:55:31
611,7591951788199280657,7591951788199280657,40,,,+8,,63,3月30日,2026-10-06,2026-10-06 19:42:48,,30,,2026-10-06 18:55:31,2026-10-06 18:55:31
612,7616281174805266440,7616281174805266440,5,孟加拉,,+8,0,,3月30日,2026-10-06,2026-10-06 18:55:31,,23,,2026-10-06 18:55:31,2026-10-06 18:55:31
613,7616280925621977095,7616280925621977095,5,泰国,,+8,0,54,3月30日,2026-10-06,2026-10-06 19:42:48,,23,,2026-10-06 18:55:31,2026-10-06 18:55:31
614,7616281290991747079,7616281290991747079,16,泰国,,+8,0,64,3月30日,2026-10-06,2026-10-06 19:42:48,,25,,2026-10-06 18:55:31,2026-10-06 18:55:31
615,7616281338139836423,7616281338139836423,16,孟加拉,,+8,0,64,3月30日,2026-10-06,2026-10-06 19:42:48,,25,,2026-10-06 18:55:31,2026-10-06 18:55:31
616,7615167134586535952,7615167134586535952,,巴西,139,-3,"1,026.66",54,3月30日,2026-10-06,2026-10-06 19:42:48,,,,2026-10-06 18:55:31,2026-10-06 18:55:31
617,7615166647680368647,7615166647680368647,,巴西,139,-3,522.89,54,3月30日,2026-10-06,2026-10-06 19:42:48,,29,,2026-10-06 18:55:31,2026-10-06 18:55:31
618,7616238659460841489,7616238659460841489,27,泰国,,+8,0,,3月26日,2026-10-06,2026-10-06 18:55:31,,31,,2026-10-06 18:55:31,2026-10-06 18:55:31
619,7616238734593343489,7616238734593343489,,泰国,,+8,0,,3月26日,2026-10-06,2026-10-06 18:55:31,,,,2026-10-06 18:55:31,2026-10-06 18:55:31
620,7615518524961832968,7615518524961832968,,巴西,,-3,0,65,3月31日,2026-10-06,2026-10-06 19:42:48,,29,,2026-10-06 18:55:31,2026-10-06 18:55:31
621,7615518825154134032,7615518825154134032,,巴西,,-3,0,,3月31日,2026-10-06,2026-10-06 18:55:31,,,,2026-10-06 18:55:31,2026-10-06 18:55:31
622,7615518866495750160,7615518866495750160,,巴西,,-3,0,54,3月31日,2026-10-06,2026-10-06 19:42:48,,,,2026-10-06 18:55:31,2026-10-06 18:55:31
623,7615518964789149712,7615518964789149712,6,巴西,,-3,0,54,3月31日,2026-10-06,2026-10-06 19:42:48,,28,,2026-10-06 18:55:31,2026-10-06 18:55:31
624,7615519155441401872,7615519155441401872,40,巴西,,-3,0,,3月31日,2026-10-06,2026-10-06 18:55:31,,30,,2026-10-06 18:55:31,2026-10-06 18:55:31
625,7615165650356633618,7615165650356633618,,巴西,139,-3,491.99,54,3月31日,2026-10-06,2026-10-06 19:42:48,,29,,2026-10-06 18:55:31,2026-10-06 18:55:31
626,7615178113672101905,7615178113672101905,,巴西,139,-3,"2,034.59",30,3月31日,2026-10-06,2026-10-06 19:42:48,,,2026-10-06 19:48:50,2026-10-06 18:55:31,2026-10-06 18:55:31
627,7618039213115703313,7618039213115703313,,巴西,,-3,0,54,3月31日,2026-10-06,2026-10-06 19:42:48,,29,,2026-10-06 18:55:31,2026-10-06 18:55:31
628,7615164223399886855,7615164223399886855,,巴西,139,-3,201.15,,3月31日,2026-10-06,2026-10-06 18:55:31,,,,2026-10-06 18:55:31,2026-10-06 18:55:31
629,7615164662451191824,7615164662451191824,,巴西,139,-3,74.95,,3月31日,2026-10-06,2026-10-06 18:55:31,,,,2026-10-06 18:55:31,2026-10-06 18:55:31
630,7623234893744652296,7623234893744652296,,巴西,,-3,0,54,4月1日,2026-10-06,2026-10-06 19:42:48,,29,,2026-10-06 18:55:31,2026-10-06 18:55:31
631,7623234593336082450,7623234593336082450,,巴西,,-3,0,54,4月1日,2026-10-06,2026-10-06 19:42:48,,,,2026-10-06 18:55:31,2026-10-06 18:55:31
632,7623235231104892935,7623235231104892935,,巴西,,-3,0,,4月1日,2026-10-06,2026-10-06 18:55:31,,,,2026-10-06 18:55:31,2026-10-06 18:55:31
633,7623235231105089543,7623235231105089543,6,巴西,,-3,25.94,,4月1日,2026-10-06,2026-10-06 18:55:31,,,,2026-10-06 18:55:31,2026-10-06 18:55:31
634,7623235637340110856,7623235637340110856,,巴西,,-3,90.34,54,4月1日,2026-10-06,2026-10-06 19:42:48,,,,2026-10-06 18:55:31,2026-10-06 18:55:31
635,7615516019181518865,7615516019181518865,40,泰国,139,+8,,54,4月1日,2026-10-06,2026-10-06 19:42:48,,30,,2026-10-06 18:55:31,2026-10-06 18:55:31
636,7621134100222115847,7621134100222115847,1,孟加拉,139,+8,"2,877.71",30,4月1日,2026-10-06,2026-10-06 19:42:48,,,2026-10-06 19:48:50,2026-10-06 18:55:31,2026-10-06 18:55:31
637,7621543624874115079,7621543624874115079,1,孟加拉,139,+8,0,,4月1日,2026-10-06,2026-10-06 18:55:31,,23,,2026-10-06 18:55:31,2026-10-06 18:55:31
638,7605870338303574017,7605870338303574017,,巴西,139,-3,,54,4月2日,2026-10-06,2026-10-06 19:42:48,,,,2026-10-06 18:55:31,2026-10-06 18:55:31
639,7605869832449523713,7605869832449523713,,巴西,139,-3,"7,977.19",54,4月2日,2026-10-06,2026-10-06 19:42:48,,,,2026-10-06 18:55:31,2026-10-06 18:55:31
640,7612489292840976385,7612489292840976385,,巴西,139,-3,0,54,4月2日,2026-10-06,2026-10-06 19:42:48,,29,,2026-10-06 18:55:31,2026-10-06 18:55:31
641,7612488624810246151,7612488624810246151,,巴西,139,-3,0,54,4月2日,2026-10-06,2026-10-06 19:42:48,,29,,2026-10-06 18:55:31,2026-10-06 18:55:31
642,7612489525742796818,7612489525742796818,,巴西,139,-3,0,54,4月2日,2026-10-06,2026-10-06 19:42:48,,,,2026-10-06 18:55:31,2026-10-06 18:55:31
643,7621544164446453768,7621544164446453768,5,孟加拉,139,+8,0,30,4月2日,2026-10-06,2026-10-06 19:42:48,,23,2026-10-06 19:48:50,2026-10-06 18:55:31,2026-10-06 18:55:31
644,7621544386471608338,7621544386471608338,5,孟加拉,139,+8,0,30,4月2日,2026-10-06,2026-10-06 19:42:48,,23,2026-10-06 19:48:50,2026-10-06 18:55:31,2026-10-06 18:55:31
645,7611119518953488385,7611119518953488385,24,巴西,154,-3,"43,630.74",54,4月2日,2026-10-06,2026-10-06 19:42:48,,31,,2026-10-06 18:55:31,2026-10-06 18:55:31
646,7621544369386012679,7621544369386012679,7,孟加拉,139,+8,593.96,30,4月2日,2026-10-06,2026-10-06 19:42:48,,28,2026-10-06 19:48:50,2026-10-06 18:55:31,2026-10-06 18:55:31
647,7577248080517677063,7577248080517677063,40,印尼,139,+7,,66,4月3日,2026-10-06,2026-10-06 19:42:48,,30,,2026-10-06 18:55:31,2026-10-06 18:55:31
648,7615514144835633168,7615514144835633168,,巴西,,-3,,54,4月3日,2026-10-06,2026-10-06 19:42:48,,29,,2026-10-06 18:55:31,2026-10-06 18:55:31
649,7611820756659142673,7611820756659142673,19,巴西,139,-3,0,54,4月3日,2026-10-06,2026-10-06 19:42:48,,31,,2026-10-06 18:55:31,2026-10-06 18:55:31
650,7600665291739152392,7600665291739152392,26,巴西,,-3,20.53,54,4月3日,2026-10-06,2026-10-06 19:42:48,,31,,2026-10-06 18:55:31,2026-10-06 18:55:31
651,7600665441203372049,7600665441203372049,,巴西,,-3,98.17,54,4月3日,2026-10-06,2026-10-06 19:42:48,,31,,2026-10-06 18:55:31,2026-10-06 18:55:31
652,7620446692114284551,7620446692114284551,,巴西,141,-3,,54,4月3日,2026-10-06,2026-10-06 19:42:48,,,,2026-10-06 18:55:31,2026-10-06 18:55:31
653,7600333503481364497,7600333503481364497,,巴西,,-3,0,54,4月3日,2026-10-06,2026-10-06 19:42:48,,,,2026-10-06 18:55:31,2026-10-06 18:55:31
654,7600333417131245569,7600333417131245569,24,巴西,,-3,0,54,4月3日,2026-10-06,2026-10-06 19:42:48,,31,,2026-10-06 18:55:31,2026-10-06 18:55:31
655,7615514917525045266,7615514917525045266,40,泰国,139,+8,,54,4月3日,2026-10-06,2026-10-06 19:42:48,,30,,2026-10-06 18:55:31,2026-10-06 18:55:31
656,7621392566604546064,7621392566604546064,19,泰国,139,+8,6022.97,,4月3日,2026-10-06,2026-10-06 18:55:31,,31,,2026-10-06 18:55:31,2026-10-06 18:55:31
657,7618201524015120400,7618201524015120400,19,孟加拉,139,+8,"1,030.99",,4月3日,2026-10-06,2026-10-06 18:55:31,,31,,2026-10-06 18:55:31,2026-10-06 18:55:31
658,7624522258979274759,7624522258979274759,,巴西,,-3,,54,4月4日,2026-10-06,2026-10-06 19:42:48,,29,,2026-10-06 18:55:31,2026-10-06 18:55:31
659,7624525585225662472,7624525585225662472,6,巴西,,-3,,54,4月4日,2026-10-06,2026-10-06 19:42:48,,28,,2026-10-06 18:55:31,2026-10-06 18:55:31
660,7622970191136931857,7622970191136931857,,巴西,,-8,0.34,67,4月6日,2026-10-06,2026-10-06 19:42:48,,31,,2026-10-06 18:55:31,2026-10-06 18:55:31
661,7622970219560173584,7622970219560173584,39,巴西,,-8,0.22,54,4月6日,2026-10-06,2026-10-06 19:42:48,,30,,2026-10-06 18:55:31,2026-10-06 18:55:31
662,7622970181719080961,7622970181719080961,39,巴西,,-8,0.57,54,4月6日,2026-10-06,2026-10-06 19:42:48,,30,,2026-10-06 18:55:31,2026-10-06 18:55:31
663,7622970480417980433,7622970480417980433,,巴西,,-8,0.26,54,4月6日,2026-10-06,2026-10-06 19:42:48,,29,,2026-10-06 18:55:31,2026-10-06 18:55:31
664,7622970177285750801,7622970177285750801,,巴西,,-8,0.99,54,4月6日,2026-10-06,2026-10-06 19:42:48,,29,,2026-10-06 18:55:31,2026-10-06 18:55:31
665,7622970507843108881,7622970507843108881,,巴西,,-8,0.82,54,4月6日,2026-10-06,2026-10-06 19:42:48,,29,,2026-10-06 18:55:31,2026-10-06 18:55:31
666,7622970267295432721,7622970267295432721,,巴西,,-8,0.45,54,4月6日,2026-10-06,2026-10-06 19:42:48,,,,2026-10-06 18:55:31,2026-10-06 18:55:31
667,7622970487362174977,7622970487362174977,,巴西,,-8,0.45,54,4月6日,2026-10-06,2026-10-06 19:42:48,,,,2026-10-06 18:55:31,2026-10-06 18:55:31
668,7622970253261160449,7622970253261160449,,巴西,,-8,0.87,54,4月6日,2026-10-06,2026-10-06 19:42:48,,,,2026-10-06 18:55:31,2026-10-06 18:55:31
669,7625947428751147024,7625947428751147024,24,巴西,,-3,0,54,4月7日,2026-10-06,2026-10-06 19:42:48,,31,,2026-10-06 18:55:31,2026-10-06 18:55:31
670,7625947380954513425,7625947380954513425,24,巴西,,-3,178.03,54,4月7日,2026-10-06,2026-10-06 19:42:48,,31,,2026-10-06 18:55:31,2026-10-06 18:55:31
671,7625947571839713297,7625947571839713297,24,巴西,,-3,0,54,4月7日,2026-10-06,2026-10-06 19:42:48,,31,,2026-10-06 18:55:31,2026-10-06 18:55:31
672,7625947518677073921,7625947518677073921,24,巴西,,-3,0,54,4月7日,2026-10-06,2026-10-06 19:42:48,,31,,2026-10-06 18:55:31,2026-10-06 18:55:31
673,7625947662906343425,7625947662906343425,6,巴西,,-3,0,54,4月7日,2026-10-06,2026-10-06 19:42:48,,,,2026-10-06 18:55:31,2026-10-06 18:55:31
674,7625947578047266817,7625947578047266817,,巴西,,-3,0,54,4月7日,2026-10-06,2026-10-06 19:42:48,,29,,2026-10-06 18:55:31,2026-10-06 18:55:31
675,7625947670097084433,7625947670097084433,,巴西,,-3,0,54,4月7日,2026-10-06,2026-10-06 19:42:48,,29,,2026-10-06 18:55:31,2026-10-06 18:55:31
676,7625947574712827921,7625947574712827921,,巴西,,-3,0,54,4月7日,2026-10-06,2026-10-06 19:42:48,,29,,2026-10-06 18:55:31,2026-10-06 18:55:31
677,7625947634892668945,7625947634892668945,,巴西,,-3,0,54,4月7日,2026-10-06,2026-10-06 19:42:48,,29,,2026-10-06 18:55:31,2026-10-06 18:55:31
678,7625947702128869393,7625947702128869393,,巴西,,-3,0,54,4月7日,2026-10-06,2026-10-06 19:42:48,,29,,2026-10-06 18:55:31,2026-10-06 18:55:31
679,7625947809706983441,7625947809706983441,39,巴西,,-3,0,54,4月7日,2026-10-06,2026-10-06 19:42:48,,30,,2026-10-06 18:55:31,2026-10-06 18:55:31
680,7625947822109589521,7625947822109589521,39,巴西,,-3,0,54,4月7日,2026-10-06,2026-10-06 19:42:48,,30,,2026-10-06 18:55:31,2026-10-06 18:55:31
681,7625947839475728400,7625947839475728400,38,巴西,,-3,0,54,4月7日,2026-10-06,2026-10-06 19:42:48,,30,,2026-10-06 18:55:31,2026-10-06 18:55:31
682,7625947804590080017,7625947804590080017,38,巴西,,-3,0,54,4月7日,2026-10-06,2026-10-06 19:42:48,,30,,2026-10-06 18:55:31,2026-10-06 18:55:31
683,7625947837573185537,7625947837573185537,,巴西,,-3,0,54,4月7日,2026-10-06,2026-10-06 19:42:48,,,,2026-10-06 18:55:31,2026-10-06 18:55:31
684,7625947874475540497,7625947874475540497,,巴西,,-3,0,54,4月7日,2026-10-06,2026-10-06 19:42:48,,,,2026-10-06 18:55:31,2026-10-06 18:55:31
685,7625947913243475985,7625947913243475985,,巴西,,-3,0,54,4月7日,2026-10-06,2026-10-06 19:42:48,,,,2026-10-06 18:55:31,2026-10-06 18:55:31
686,7625947924454932497,7625947924454932497,,巴西,,-3,0,54,4月7日,2026-10-06,2026-10-06 19:42:48,,,,2026-10-06 18:55:31,2026-10-06 18:55:31
687,7625948016104570881,7625948016104570881,,巴西,,-3,0,54,4月7日,2026-10-06,2026-10-06 19:42:48,,,,2026-10-06 18:55:31,2026-10-06 18:55:31
688,7625948013331169281,7625948013331169281,,巴西,,-3,0,54,4月7日,2026-10-06,2026-10-06 19:42:48,,,,2026-10-06 18:55:31,2026-10-06 18:55:31
689,7614111428148035601,7614111428148035601,40,泰国,139,7,"2,000.00",68,4月7日,2026-10-06,2026-10-06 19:42:48,,30,,2026-10-06 18:55:31,2026-10-06 18:55:31
690,7613730445343178753,7613730445343178753,1,泰国,139,7,500,,4月7日,2026-10-06,2026-10-06 18:55:31,,23,,2026-10-06 18:55:31,2026-10-06 18:55:31
691,7615159097746538504,7615159097746538504,,巴西,139,-3,78.78,54,4月7日,2026-10-06,2026-10-06 19:42:48,,29,,2026-10-06 18:55:31,2026-10-06 18:55:31
692,7615159500835831825,7615159500835831825,,巴西,139,-3,905.58,54,4月7日,2026-10-06,2026-10-06 19:42:48,,,,2026-10-06 18:55:31,2026-10-06 18:55:31
693,7615159493915131921,7615159493915131921,6,巴西,139,-3,509.78,,4月7日,2026-10-06,2026-10-06 18:55:31,,28,,2026-10-06 18:55:31,2026-10-06 18:55:31
694,7614104594693111825,7614104594693111825,,泰国,139,7,,54,4月7日,2026-10-06,2026-10-06 19:42:48,,,,2026-10-06 18:55:31,2026-10-06 18:55:31
695,7615159948644941841,7615159948644941841,,巴西,139,-3,"2,000.00",,4月8日,2026-10-06,2026-10-06 18:55:31,,29,,2026-10-06 18:55:31,2026-10-06 18:55:31
696,7615163070746312712,7615163070746312712,,巴西,139,-3,0,69,4月8日,2026-10-06,2026-10-06 19:42:48,,,,2026-10-06 18:55:31,2026-10-06 18:55:31
697,7622946788672962577,7622946788672962577,,巴西,139,-3,"8,984.07",,4月8日,2026-10-06,2026-10-06 18:55:31,,29,,2026-10-06 18:55:31,2026-10-06 18:55:31
698,7622946847912411153,7622946847912411153,6,巴西,139,-3,598.79,54,4月8日,2026-10-06,2026-10-06 19:42:48,,28,,2026-10-06 18:55:31,2026-10-06 18:55:31
699,7615167339693686785,7615167339693686785,,巴西,139,-3,732.38,54,4月8日,2026-10-06,2026-10-06 19:42:48,,,,2026-10-06 18:55:31,2026-10-06 18:55:31
700,7619278812320432146,7619278812320432146,25,印尼,139,+7,0,70,4月9日,2026-10-06,2026-10-06 19:42:48,,31,,2026-10-06 18:55:31,2026-10-06 18:55:31
701,7619282594408071175,7619282594408071175,2,印尼,139,+7,32.01,54,4月9日,2026-10-06,2026-10-06 19:42:48,,,,2026-10-06 18:55:31,2026-10-06 18:55:31
702,7619278685320855560,7619278685320855560,,印尼,139,+7,0,54,4月9日,2026-10-06,2026-10-06 19:42:48,,,,2026-10-06 18:55:31,2026-10-06 18:55:31
703,7623685796041916423,7623685796041916423,,印尼,139,+7,957.65,68,4月9日,2026-10-06,2026-10-06 19:42:48,,,,2026-10-06 18:55:31,2026-10-06 18:55:31
704,7623685796041981959,7623685796041981959,40,印尼,139,+7,0,30,4月9日,2026-10-06,2026-10-06 19:42:48,,30,2026-10-06 19:48:50,2026-10-06 18:55:31,2026-10-06 18:55:31
705,7623685454252179474,7623685454252179474,7,印尼,139,+7,0,30,4月9日,2026-10-06,2026-10-06 19:42:48,,28,2026-10-06 19:48:50,2026-10-06 18:55:31,2026-10-06 18:55:31
706,7623685645369671698,7623685645369671698,,印尼,139,+7,0,30,4月9日,2026-10-06,2026-10-06 19:42:48,,,2026-10-06 19:48:50,2026-10-06 18:55:31,2026-10-06 18:55:31
707,7619216027510947841,7619216027510947841,40,泰国,139,7,"1,248.07",,4月9日,2026-10-06,2026-10-06 18:55:31,,30,,2026-10-06 18:55:31,2026-10-06 18:55:31
708,7619216103524270097,7619216103524270097,40,泰国,139,7,"4,009.38",,4月9日,2026-10-06,2026-10-06 18:55:31,,30,,2026-10-06 18:55:31,2026-10-06 18:55:31
709,7618475723430346768,7618475723430346768,,巴西,139,-3,"13,761.41",30,4月10日,2026-10-06,2026-10-06 19:42:48,,29,2026-10-06 19:48:50,2026-10-06 18:55:31,2026-10-06 18:55:31
710,7619218028860882960,7619218028860882960,,巴西,139,-3,"5,945.06",,4月10日,2026-10-06,2026-10-06 18:55:31,,,,2026-10-06 18:55:31,2026-10-06 18:55:31
711,7620799700563689488,7620799700563689488,,印尼,139,+8,54.7,30,4月10日,2026-10-06,2026-10-06 19:42:48,,,2026-10-06 19:48:50,2026-10-06 18:55:31,2026-10-06 18:55:31
712,7620799740434759696,7620799740434759696,1,印尼,139,+8,540.23,30,4月10日,2026-10-06,2026-10-06 19:42:48,,23,2026-10-06 19:48:50,2026-10-06 18:55:31,2026-10-06 18:55:31
713,7620799814470025217,7620799814470025217,,印尼,139,+8,0,30,4月10日,2026-10-06,2026-10-06 19:42:48,,,2026-10-06 19:48:50,2026-10-06 18:55:31,2026-10-06 18:55:31
714,7612645787259928584,7612645787259928584,,印尼,,+7,349.76,,4月10日,2026-10-06,2026-10-06 18:55:31,,,,2026-10-06 18:55:31,2026-10-06 18:55:31
715,7612646226227396624,7612646226227396624,1,印尼,,+7,0,54,4月10日,2026-10-06,2026-10-06 19:42:48,,23,,2026-10-06 18:55:31,2026-10-06 18:55:31
716,7612645584180199431,7612645584180199431,1,印尼,,+7,"4,183.23",,4月10日,2026-10-06,2026-10-06 18:55:31,,23,,2026-10-06 18:55:31,2026-10-06 18:55:31
717,7620799800708661249,7620799800708661249,,印尼,139,+8,0,30,4月11日,2026-10-06,2026-10-06 19:42:48,,,2026-10-06 19:48:50,2026-10-06 18:55:31,2026-10-06 18:55:31
718,7615518750036459527,7615518750036459527,,印尼,139,+8,0,71,4月11日,2026-10-06,2026-10-06 19:42:48,,,,2026-10-06 18:55:31,2026-10-06 18:55:31
719,7615518975557582865,7615518975557582865,,印尼,139,+8,0,72,4月11日,2026-10-06,2026-10-06 19:42:48,,,,2026-10-06 18:55:31,2026-10-06 18:55:31
720,7620799847366000641,7620799847366000641,1,印尼,139,+8,893.92,30,4月11日,2026-10-06,2026-10-06 19:42:48,,23,2026-10-06 19:48:50,2026-10-06 18:55:31,2026-10-06 18:55:31
721,7615515981717962753,7615515981717962753,,巴西,139,+8,0,54,4月11日,2026-10-06,2026-10-06 19:42:48,,29,,2026-10-06 18:55:31,2026-10-06 18:55:31
722,7615515958160916481,7615515958160916481,,巴西,139,+8,"6,708.00",73,4月11日,2026-10-06,2026-10-06 19:42:48,,,,2026-10-06 18:55:31,2026-10-06 18:55:31
723,7615515800654839824,7615515800654839824,6,巴西,139,+8,"1,455.33",,4月11日,2026-10-06,2026-10-06 18:55:31,,28,,2026-10-06 18:55:31,2026-10-06 18:55:31
724,7623685493300985874,7623685493300985874,,印尼,139,+8,0,54,4月11日,2026-10-06,2026-10-06 19:42:48,,,,2026-10-06 18:55:31,2026-10-06 18:55:31
725,7623685763565355026,7623685763565355026,,印尼,139,+8,0,30,4月11日,2026-10-06,2026-10-06 19:42:48,,,2026-10-06 19:48:50,2026-10-06 18:55:31,2026-10-06 18:55:31
726,7627053090660466705,7627053090660466705,6,巴西,,-3,0,54,4月13日,2026-10-06,2026-10-06 19:42:48,,28,,2026-10-06 18:55:31,2026-10-06 18:55:31
727,7627053064909930512,7627053064909930512,,巴西,,-3,0,54,4月13日,2026-10-06,2026-10-06 19:42:48,,29,,2026-10-06 18:55:31,2026-10-06 18:55:31
728,7627053055258034177,7627053055258034177,,巴西,,-3,0,54,4月13日,2026-10-06,2026-10-06 19:42:48,,,,2026-10-06 18:55:31,2026-10-06 18:55:31
729,7619217344331137041,7619217344331137041,38,巴西,139,-3,"2,860.31",,4月15日,2026-10-06,2026-10-06 18:55:31,,30,,2026-10-06 18:55:31,2026-10-06 18:55:31
730,7619217302274785281,7619217302274785281,6,巴西,139,-3,"2,381.78",,4月15日,2026-10-06,2026-10-06 18:55:31,,28,,2026-10-06 18:55:31,2026-10-06 18:55:31
731,7620454346660085777,7620454346660085777,,巴西,153,-3,"7,259.60",,4月15日,,2026-10-06 18:55:31,,29,,2026-10-06 18:55:31,2026-10-06 18:55:31
732,7620454287382118401,7620454287382118401,,巴西,153,-3,698.06,,4月15日,2026-10-06,2026-10-06 18:55:31,,,,2026-10-06 18:55:31,2026-10-06 18:55:31
733,7620454268990013441,7620454268990013441,,巴西,153,-3,37.01,,4月15日,,2026-10-06 18:55:31,,,,2026-10-06 18:55:31,2026-10-06 18:55:31
734,7620454268180512784,7620454268180512784,,巴西,153,-3,244.28,73,4月15日,2026-10-06,2026-10-06 19:42:48,,,,2026-10-06 18:55:31,2026-10-06 18:55:31
735,7628171370949771282,7628171370949771282,,巴西,143,-3,0,74,4月16日,2026-10-06,2026-10-06 19:42:48,,29,,2026-10-06 18:55:31,2026-10-06 18:55:31
736,7628171806423252999,7628171806423252999,,巴西,143,-3,0,54,4月16日,2026-10-06,2026-10-06 19:42:48,,,,2026-10-06 18:55:31,2026-10-06 18:55:31
737,7628174269660594184,7628174269660594184,,巴西,143,-3,0,75,4月16日,2026-10-06,2026-10-06 19:42:48,,,,2026-10-06 18:55:31,2026-10-06 18:55:31
738,7625936363610963976,7625936363610963976,,泰国,140,+8,0,76,4月18日,2026-10-06,2026-10-06 19:42:48,,,,2026-10-06 18:55:31,2026-10-06 18:55:31
739,7626584018603425800,7626584018603425800,,泰国,140,+7,0,76,4月18日,2026-10-06,2026-10-06 19:42:48,,25,,2026-10-06 18:55:31,2026-10-06 18:55:31
740,7629544235506778120,7629544235506778120,26,巴西,,-3,47.95,,4月20日,2026-10-06,2026-10-06 18:55:31,,31,,2026-10-06 18:55:31,2026-10-06 18:55:31
741,7629543882824679431,7629543882824679431,,巴西,,-3,0,54,4月20日,2026-10-06,2026-10-06 19:42:48,,,,2026-10-06 18:55:31,2026-10-06 18:55:31
742,7629543938638462984,7629543938638462984,,巴西,,-3,0,54,4月20日,2026-10-06,2026-10-06 19:42:48,,29,,2026-10-06 18:55:31,2026-10-06 18:55:31
743,7629614057523413010,7629614057523413010,,巴西,,-3,0,54,4月20日,2026-10-06,2026-10-06 19:42:48,,29,,2026-10-06 18:55:31,2026-10-06 18:55:31
744,7629614017631420424,7629614017631420424,6,巴西,,-3,0,77,4月20日,2026-10-06,2026-10-06 19:42:48,,28,,2026-10-06 18:55:31,2026-10-06 18:55:31
745,7628454895519236103,7628454895519236103,26,巴西,140,-3,299.34,78,4月20日,2026-10-06,2026-10-06 19:42:48,,31,,2026-10-06 18:55:31,2026-10-06 18:55:31
746,7628454973520560146,7628454973520560146,38,巴西,140,-3,0,79,4月20日,2026-10-06,2026-10-06 19:42:48,,30,,2026-10-06 18:55:31,2026-10-06 18:55:31
747,7628454797603192850,7628454797603192850,,巴西,140,-3,0,80,4月20日,2026-10-06,2026-10-06 19:42:48,,,,2026-10-06 18:55:31,2026-10-06 18:55:31
748,7627070473880436754,7627070473880436754,,巴西,140,-3,0,80,4月20日,2026-10-06,2026-10-06 19:42:48,,,,2026-10-06 18:55:31,2026-10-06 18:55:31
749,7627070302669029383,7627070302669029383,,巴西,140,-3,480.15,,4月20日,,2026-10-06 18:55:31,,29,,2026-10-06 18:55:31,2026-10-06 18:55:31
750,7627070597459017735,7627070597459017735,6,巴西,140,-3,709.65,,4月20日,2026-10-06,2026-10-06 18:55:31,,28,,2026-10-06 18:55:31,2026-10-06 18:55:31
751,7601111876503912464,7601111876503912464,3,菲律宾,139,+8,147.54,53,4月20日,2026-10-06,2026-10-06 19:42:48,,23,,2026-10-06 18:55:31,2026-10-06 18:55:31
752,7601096436541063184,7601096436541063184,18,菲律宾,139,+8,0,81,4月20日,2026-10-06,2026-10-06 19:42:48,,25,,2026-10-06 18:55:31,2026-10-06 18:55:31
753,7613296587057430544,7613296587057430544,4,巴西,139,-3,0,82,4月20日,2026-10-06,2026-10-06 19:42:48,,23,,2026-10-06 18:55:31,2026-10-06 18:55:31
754,7613705329897078785,7613705329897078785,24,巴西,139,-3,0,54,4月20日,2026-10-06,2026-10-06 19:42:48,,31,,2026-10-06 18:55:31,2026-10-06 18:55:31
755,7628617803966119943,7628617803966119943,24,巴西,,-3,0,127,4月21日,2026-10-06,2026-10-06 19:42:48,,31,,2026-10-06 18:55:31,2026-10-06 19:42:48
756,7628617583960440840,7628617583960440840,24,巴西,,-3,0,127,4月21日,2026-10-06,2026-10-06 19:42:48,,31,,2026-10-06 18:55:31,2026-10-06 19:42:48
757,7621387516966305809,7621387516966305809,4,巴西,139,-3,0,83,4月21日,2026-10-06,2026-10-06 19:42:48,,23,,2026-10-06 18:55:31,2026-10-06 18:55:31
758,7629251361725022226,7629251361725022226,19,泰国,140,+7,31.67,,4月21日,2026-10-06,2026-10-06 18:55:31,,31,,2026-10-06 18:55:31,2026-10-06 18:55:31
759,7628880355197517832,7628880355197517832,16,泰国,140,+7,0,81,4月21日,2026-10-06,2026-10-06 19:42:48,,25,,2026-10-06 18:55:31,2026-10-06 18:55:31
760,7628880275493158930,7628880275493158930,,泰国,140,+7,134.78,73,4月21日,2026-10-06,2026-10-06 19:42:48,,,,2026-10-06 18:55:31,2026-10-06 18:55:31
761,7628879766606888967,7628879766606888967,,泰国,140,+7,0,84,4月21日,2026-10-06,2026-10-06 19:42:48,,,,2026-10-06 18:55:31,2026-10-06 18:55:31
762,7621134218629840903,7621134218629840903,,巴西,139,-3,,,4月22日,2026-10-06,2026-10-06 18:55:31,,29,,2026-10-06 18:55:31,2026-10-06 18:55:31
763,7621134329565134866,7621134329565134866,26,巴西,139,-3,,,4月22日,2026-10-06,2026-10-06 18:55:31,,31,,2026-10-06 18:55:31,2026-10-06 18:55:31
764,7621134600839970834,7621134600839970834,,巴西,139,-3,,73,4月22日,2026-10-06,2026-10-06 19:42:48,,,,2026-10-06 18:55:31,2026-10-06 18:55:31
765,7621134261462237202,7621134261462237202,6,巴西,139,-3,,30,4月22日,2026-10-06,2026-10-06 19:42:48,,,2026-10-06 19:48:50,2026-10-06 18:55:31,2026-10-06 18:55:31
766,7615118894683979777,7615118894683979777,3,菲律宾,139,+8,,53,4月24日,2026-10-06,2026-10-06 19:42:48,,23,,2026-10-06 18:55:31,2026-10-06 18:55:31
767,7615118806460956673,7615118806460956673,3,菲律宾,139,+8,,,4月24日,2026-10-06,2026-10-06 18:55:31,,23,,2026-10-06 18:55:31,2026-10-06 18:55:31
768,7615118818679177233,7615118818679177233,18,菲律宾,139,+8,,30,4月24日,2026-10-06,2026-10-06 19:42:48,,25,2026-10-06 19:48:50,2026-10-06 18:55:31,2026-10-06 18:55:31
769,7601104358671056913,7601104358671056913,18,菲律宾,139,+8,,30,4月25日,2026-10-06,2026-10-06 19:42:48,,25,2026-10-06 19:48:50,2026-10-06 18:55:31,2026-10-06 18:55:31
770,7613296539382841361,7613296539382841361,18,菲律宾,139,+8,,30,4月25日,2026-10-06,2026-10-06 19:42:48,,25,2026-10-06 19:48:50,2026-10-06 18:55:31,2026-10-06 18:55:31
771,7613296598516482065,7613296598516482065,3,菲律宾,139,+8,,,4月25日,2026-10-06,2026-10-06 18:55:31,,23,,2026-10-06 18:55:31,2026-10-06 18:55:31
772,7615085727540854785,7615085727540854785,3,菲律宾,139,+8,,,4月25日,2026-10-06,2026-10-06 18:55:31,,23,,2026-10-06 18:55:31,2026-10-06 18:55:31
773,7630030792147894280,7630030792147894280,6,巴西,139,-3,,,4月25日,2026-10-06,2026-10-06 18:55:31,,28,,2026-10-06 18:55:31,2026-10-06 18:55:31
774,7631399635220938770,7631399635220938770,38,巴西,143,-3,,53,4月26日,2026-10-06,2026-10-06 19:42:48,,30,,2026-10-06 18:55:31,2026-10-06 18:55:31
775,7631399894544515090,7631399894544515090,38,巴西,143,-3,,53,4月26日,2026-10-06,2026-10-06 19:42:48,,30,,2026-10-06 18:55:31,2026-10-06 18:55:31
776,7615135826028298256,7615135826028298256,19,菲律宾,139,+8,,,4月28日,2026-10-06,2026-10-06 18:55:31,,31,,2026-10-06 18:55:31,2026-10-06 18:55:31
777,7619218141779935248,7619218141779935248,38,巴西,139,-3,,,4月28日,2026-10-06,2026-10-06 18:55:31,,30,,2026-10-06 18:55:31,2026-10-06 18:55:31
778,7619218112008945665,7619218112008945665,,巴西,139,-3,,52,4月28日,2026-10-06,2026-10-06 19:42:48,,25,2026-10-06 19:48:53,2026-10-06 18:55:31,2026-10-06 18:55:31
779,7621078326790094865,7621078326790094865,,巴西,,-3,,,4月30日,2026-10-06,2026-10-06 18:55:31,,29,,2026-10-06 18:55:31,2026-10-06 18:55:31
780,7616549197969653777,7616549197969653777,4,巴西,,-3,,,4月30日,2026-10-06,2026-10-06 18:55:31,,23,,2026-10-06 18:55:31,2026-10-06 18:55:31
781,7616549237614231568,7616549237614231568,6,巴西,,-3,,,4月30日,2026-10-06,2026-10-06 18:55:31,,28,,2026-10-06 18:55:31,2026-10-06 18:55:31
782,7616552208536174593,7616552208536174593,38,巴西,,-3,,,5月2日,2026-10-06,2026-10-06 18:55:31,,30,,2026-10-06 18:55:31,2026-10-06 18:55:31
783,7617776572782805009,7617776572782805009,4,墨西哥,139,-6,,,5月4日,2026-10-06,2026-10-06 18:55:31,,23,,2026-10-06 18:55:31,2026-10-06 18:55:31
784,7630837617200201746,7630837617200201746,38,巴西,153,-3,,85,5月6日,2026-10-06,2026-10-06 19:42:48,,30,,2026-10-06 18:55:31,2026-10-06 18:55:31
785,7630838151891894290,7630838151891894290,38,巴西,153,-3,,85,5月6日,2026-10-06,2026-10-06 19:42:48,,30,,2026-10-06 18:55:31,2026-10-06 18:55:31
786,7630837330095734791,7630837330095734791,,巴西,153,-3,,86,5月6日,2026-10-06,2026-10-06 19:42:48,,29,,2026-10-06 18:55:31,2026-10-06 18:55:31
787,7630838641217765384,7630838641217765384,,巴西,153,-3,,86,5月6日,2026-10-06,2026-10-06 19:42:48,,29,,2026-10-06 18:55:31,2026-10-06 18:55:31
788,7630837888369508359,7630837888369508359,,巴西,153,-3,,86,5月6日,2026-10-06,2026-10-06 19:42:48,,29,,2026-10-06 18:55:31,2026-10-06 18:55:31
789,7630838364863594504,7630838364863594504,6,巴西,153,-3,,,5月6日,2026-10-06,2026-10-06 18:55:31,,28,,2026-10-06 18:55:31,2026-10-06 18:55:31
790,7630838887444643847,7630838887444643847,6,巴西,153,-3,,,5月6日,2026-10-06,2026-10-06 18:55:31,,28,,2026-10-06 18:55:31,2026-10-06 18:55:31
791,7630838151892041746,7630838151892041746,6,巴西,153,-3,,,5月6日,2026-10-06,2026-10-06 18:55:31,,28,,2026-10-06 18:55:31,2026-10-06 18:55:31
792,7630836733332144146,7630836733332144146,6,巴西,153,-3,,,5月6日,2026-10-06,2026-10-06 18:55:31,,28,,2026-10-06 18:55:31,2026-10-06 18:55:31
793,7630838415952674834,7630838415952674834,6,巴西,153,-3,,,5月6日,2026-10-06,2026-10-06 18:55:31,,28,,2026-10-06 18:55:31,2026-10-06 18:55:31
794,7630838483734478855,7630838483734478855,,巴西,153,-3,,,5月6日,2026-10-06,2026-10-06 18:55:31,,,,2026-10-06 18:55:31,2026-10-06 18:55:31
795,7630838872078827527,7630838872078827527,,巴西,153,-3,,,5月6日,2026-10-06,2026-10-06 18:55:31,,,,2026-10-06 18:55:31,2026-10-06 18:55:31
796,7630836581573787666,7630836581573787666,,巴西,153,-3,,,5月6日,2026-10-06,2026-10-06 18:55:31,,,,2026-10-06 18:55:31,2026-10-06 18:55:31
797,7633334215288373269,7633334215288373269,38,巴西,143,-3,,,5月6日,2026-10-06,2026-10-06 18:55:31,,30,,2026-10-06 18:55:31,2026-10-06 18:55:31
798,7633333926483984405,7633333926483984405,,巴西,143,-3,,87,5月6日,2026-10-06,2026-10-06 19:42:48,,29,,2026-10-06 18:55:31,2026-10-06 18:55:31
799,7621397890266710023,7621397890266710023,4,墨西哥,,-6,,,5月6日,2026-10-06,2026-10-06 18:55:31,,25,,2026-10-06 18:55:31,2026-10-06 18:55:31
800,7621436688866508807,7621436688866508807,25,墨西哥,,-6,,,5月6日,2026-10-06,2026-10-06 18:55:31,,23,,2026-10-06 18:55:31,2026-10-06 18:55:31
801,7621438373336580103,7621438373336580103,18,墨西哥,,-6,,59,5月6日,2026-10-06,2026-10-06 19:42:48,,31,,2026-10-06 18:55:31,2026-10-06 18:55:31
802,7614111455004377089,7614111455004377089,2,泰国,139,7,,,5月7日,2026-10-06,2026-10-06 18:55:31,,29,,2026-10-06 18:55:31,2026-10-06 18:55:31
803,7613964973110493192,7613964973110493192,40,菲律宾,139,+8,,,5月7日,2026-10-06,2026-10-06 18:55:31,,30,,2026-10-06 18:55:31,2026-10-06 18:55:31
804,7631025593710034952,7631025593710034952,,巴西,153,-3,,120,5月8日,2026-10-06,2026-10-06 19:42:48,,,,2026-10-06 18:55:31,2026-10-06 19:42:48
805,7631025494380560392,7631025494380560392,,巴西,153,-3,,120,5月8日,2026-10-06,2026-10-06 19:42:48,,,,2026-10-06 18:55:31,2026-10-06 19:42:48
806,7631025494380625928,7631025494380625928,,巴西,153,-3,,87,5月8日,2026-10-06,2026-10-06 18:56:13,,29,,2026-10-06 18:55:31,2026-10-06 19:42:48
807,7631025431357308946,7631025431357308946,,巴西,153,-3,,87,5月8日,2026-10-06,2026-10-06 18:56:13,,29,,2026-10-06 18:55:31,2026-10-06 19:42:48
808,7631025404028616722,7631025404028616722,,巴西,153,-3,,87,5月8日,2026-10-06,2026-10-06 18:56:13,,29,,2026-10-06 18:55:31,2026-10-06 19:42:48
809,7631024743159906322,7631024743159906322,,巴西,153,-3,,120,5月8日,2026-10-06,2026-10-06 19:42:48,,,,2026-10-06 18:55:31,2026-10-06 19:42:48
810,7631025338891223048,7631025338891223048,,巴西,153,-3,,120,5月8日,2026-10-06,2026-10-06 19:42:48,,,,2026-10-06 18:55:31,2026-10-06 19:42:48
811,7631025593710297096,7631025593710297096,,巴西,153,-3,,120,5月8日,2026-10-06,2026-10-06 19:42:48,,,,2026-10-06 18:55:31,2026-10-06 19:42:48
812,7631025245297721352,7631025245297721352,,巴西,153,-3,,120,5月8日,2026-10-06,2026-10-06 19:42:48,,,,2026-10-06 18:55:31,2026-10-06 19:42:48
813,7631025026644574226,7631025026644574226,,巴西,153,-3,,120,5月8日,2026-10-06,2026-10-06 19:42:48,,,,2026-10-06 18:55:31,2026-10-06 19:42:48
814,7631025771834884114,7631025771834884114,,巴西,153,-3,,125,5月8日,2026-10-06,2026-10-06 19:42:48,,,,2026-10-06 18:55:31,2026-10-06 19:42:48
815,7631025760425345042,7631025760425345042,,巴西,153,-3,,125,5月8日,2026-10-06,2026-10-06 19:42:48,,,,2026-10-06 18:55:31,2026-10-06 19:42:48
816,7631025756906291208,7631025756906291208,,巴西,153,-3,,125,5月8日,2026-10-06,2026-10-06 19:42:48,,,,2026-10-06 18:55:31,2026-10-06 19:42:48
817,7631024907225874440,7631024907225874440,,巴西,153,-3,,125,5月8日,2026-10-06,2026-10-06 19:42:48,,,,2026-10-06 18:55:31,2026-10-06 19:42:48
818,7631025925888147464,7631025925888147464,,巴西,153,-3,,125,5月8日,2026-10-06,2026-10-06 19:42:48,,,,2026-10-06 18:55:31,2026-10-06 19:42:48
819,7631409186185969672,7631409186185969672,6,巴西,153,-3,,,5月8日,2026-10-06,2026-10-06 18:55:31,,,,2026-10-06 18:55:31,2026-10-06 19:42:48
820,7631409219258056711,7631409219258056711,6,巴西,153,-3,,,5月8日,2026-10-06,2026-10-06 18:55:31,,,,2026-10-06 18:55:31,2026-10-06 19:42:48
821,7631409613539278856,7631409613539278856,6,巴西,153,-3,,,5月8日,2026-10-06,2026-10-06 18:55:31,,,,2026-10-06 18:55:31,2026-10-06 19:42:48
822,7631409333108178951,7631409333108178951,39,巴西,153,-3,,,5月8日,2026-10-06,2026-10-06 18:55:31,,,,2026-10-06 18:55:31,2026-10-06 19:42:48
823,7631410088825192455,7631410088825192455,39,巴西,153,-3,,,5月8日,2026-10-06,2026-10-06 18:55:31,,,,2026-10-06 18:55:31,2026-10-06 19:42:48
824,7631409254105890834,7631409254105890834,39,巴西,153,-3,,,5月8日,2026-10-06,2026-10-06 18:55:31,,,,2026-10-06 18:55:31,2026-10-06 19:42:48
825,7631410387553648658,7631410387553648658,,巴西,153,-3,,,5月8日,2026-10-06,2026-10-06 18:55:31,,,,2026-10-06 18:55:31,2026-10-06 19:42:48
826,7631409826062172168,7631409826062172168,,巴西,153,-3,,,5月8日,2026-10-06,2026-10-06 18:55:31,,,,2026-10-06 18:55:31,2026-10-06 19:42:48
827,7631410227929890834,7631410227929890834,,巴西,153,-3,,,5月8日,2026-10-06,2026-10-06 18:55:31,,,,2026-10-06 18:55:31,2026-10-06 19:42:48
828,7631409822757470215,7631409822757470215,24,巴西,153,-3,,,5月8日,2026-10-06,2026-10-06 18:55:31,,,,2026-10-06 18:55:31,2026-10-06 19:42:48
829,7631410004529823751,7631410004529823751,24,巴西,153,-3,,,5月8日,2026-10-06,2026-10-06 18:55:31,,,,2026-10-06 18:55:31,2026-10-06 19:42:48
830,7631521694234230792,7631521694234230792,,巴西,153,-3,,,5月8日,2026-10-06,2026-10-06 18:55:31,,,,2026-10-06 18:55:31,2026-10-06 19:42:48
831,7631522177938128903,7631522177938128903,,巴西,153,-3,,,5月8日,2026-10-06,2026-10-06 18:55:31,,,,2026-10-06 18:55:31,2026-10-06 19:42:48
832,7631523989324169234,7631523989324169234,2,泰国,153,+8,,,5月8日,2026-10-06,2026-10-06 18:55:31,,29,,2026-10-06 18:55:31,2026-10-06 19:42:48
833,7631524365875216391,7631524365875216391,2,泰国,153,+8,,,5月8日,2026-10-06,2026-10-06 18:55:31,,29,,2026-10-06 18:55:31,2026-10-06 19:42:48
834,7631522396377677831,7631522396377677831,1,泰国,153,+8,,120,5月8日,2026-10-06,2026-10-06 19:42:48,,23,,2026-10-06 18:55:31,2026-10-06 19:42:48
835,7631524817859608594,7631524817859608594,30,泰国,153,+8,,120,5月8日,2026-10-06,2026-10-06 19:42:48,,31,,2026-10-06 18:55:31,2026-10-06 19:42:48
836,7636676365567410194,7636676365567410194,25,墨西哥,153,-6,,,5月8日,2026-10-06,2026-10-06 18:55:31,,31,,2026-10-06 18:55:31,2026-10-06 18:55:31
837,7636676330481106952,7636676330481106952,25,墨西哥,153,-6,,,5月8日,2026-10-06,2026-10-06 18:55:31,,31,,2026-10-06 18:55:31,2026-10-06 18:55:31
838,7636676287972540424,7636676287972540424,4,墨西哥,153,-6,,,5月8日,2026-10-06,2026-10-06 18:55:31,,23,,2026-10-06 18:55:31,2026-10-06 18:55:31
839,7636676395916410887,7636676395916410887,4,墨西哥,153,-6,,,5月8日,2026-10-06,2026-10-06 18:55:31,,23,,2026-10-06 18:55:31,2026-10-06 18:55:31
840,7636676036373217287,7636676036373217287,40,墨西哥,153,-6,,,5月8日,2026-10-06,2026-10-06 18:55:31,,30,,2026-10-06 18:55:31,2026-10-06 18:55:31
841,7636676683101454344,7636676683101454344,40,墨西哥,153,-6,,,5月8日,2026-10-06,2026-10-06 18:55:31,,30,,2026-10-06 18:55:31,2026-10-06 18:55:31
842,7636676693435318279,7636676693435318279,,墨西哥,153,-6,,,5月8日,2026-10-06,2026-10-06 18:55:31,,,,2026-10-06 18:55:31,2026-10-06 18:55:31
843,7636676513680801810,7636676513680801810,,墨西哥,153,-6,,,5月8日,2026-10-06,2026-10-06 18:55:31,,,,2026-10-06 18:55:31,2026-10-06 18:55:31
844,7636676754170036231,7636676754170036231,,墨西哥,153,-6,,,5月8日,2026-10-06,2026-10-06 18:55:31,,,,2026-10-06 18:55:31,2026-10-06 18:55:31
845,7636676440838127623,7636676440838127623,,墨西哥,153,-6,,,5月8日,2026-10-06,2026-10-06 18:55:31,,,,2026-10-06 18:55:31,2026-10-06 18:55:31
846,7636676417790640146,7636676417790640146,,墨西哥,153,-6,,,5月8日,2026-10-06,2026-10-06 18:55:31,,,,2026-10-06 18:55:31,2026-10-06 18:55:31
847,7636676802328559624,7636676802328559624,,墨西哥,153,-6,,,5月8日,2026-10-06,2026-10-06 18:55:31,,,,2026-10-06 18:55:31,2026-10-06 18:55:31
848,7636676790370697234,7636676790370697234,,墨西哥,153,-6,,,5月8日,2026-10-06,2026-10-06 18:55:31,,,,2026-10-06 18:55:31,2026-10-06 18:55:31
849,7636677014413393938,7636677014413393938,,墨西哥,153,-6,,,5月8日,2026-10-06,2026-10-06 18:55:31,,,,2026-10-06 18:55:31,2026-10-06 18:55:31
850,7636676698717503496,7636676698717503496,,墨西哥,153,-6,,,5月8日,2026-10-06,2026-10-06 18:55:31,,,,2026-10-06 18:55:31,2026-10-06 18:55:31
851,7636676575144230930,7636676575144230930,,墨西哥,153,-6,,,5月8日,2026-10-06,2026-10-06 18:55:31,,,,2026-10-06 18:55:31,2026-10-06 18:55:31
852,7636677243959787528,7636677243959787528,,墨西哥,153,-6,,,5月8日,2026-10-06,2026-10-06 18:55:31,,,,2026-10-06 18:55:31,2026-10-06 18:55:31
853,7636676829251911698,7636676829251911698,,墨西哥,153,-6,,,5月8日,2026-10-06,2026-10-06 18:55:31,,,,2026-10-06 18:55:31,2026-10-06 18:55:31
854,7615073210278871057,7615073210278871057,25,孟加拉,139,+8,,,5月9日,2026-10-06,2026-10-06 18:55:31,,31,,2026-10-06 18:55:31,2026-10-06 18:55:31
855,7615073239655727121,7615073239655727121,3,孟加拉,139,+8,,,5月9日,2026-10-06,2026-10-06 18:55:31,,23,,2026-10-06 18:55:31,2026-10-06 18:55:31
856,7615084800604618753,7615084800604618753,7,孟加拉,139,+8,,,5月9日,2026-10-06,2026-10-06 18:55:31,,28,,2026-10-06 18:55:31,2026-10-06 18:55:31
857,7613727785676357649,7613727785676357649,2,印尼,139,7,,,5月11日,2026-10-06,2026-10-06 18:55:31,,29,,2026-10-06 18:55:31,2026-10-06 18:55:31
858,7613725378779594760,7613725378779594760,7,印尼,139,7,,,5月11日,2026-10-06,2026-10-06 18:55:31,,28,,2026-10-06 18:55:31,2026-10-06 18:55:31
859,7601111916638945297,7601111916638945297,2,菲律宾,139,+8,,,5月11日,2026-10-06,2026-10-06 18:55:31,,29,,2026-10-06 18:55:31,2026-10-06 18:55:31
860,7637020501781512199,7637020501781512199,4,巴西,139,-3,,30,5月12日,2026-10-06,2026-10-06 19:42:48,,23,2026-10-06 19:48:50,2026-10-06 18:55:31,2026-10-06 18:55:31
861,7637020944132849682,7637020944132849682,4,巴西,139,-3,,88,5月12日,2026-10-06,2026-10-06 19:42:48,,23,,2026-10-06 18:55:31,2026-10-06 18:55:31
862,7613731347932282888,7613731347932282888,18,巴铁,139,+7,,30,5月13日,2026-10-06,2026-10-06 19:42:48,,25,2026-10-06 19:48:50,2026-10-06 18:55:31,2026-10-06 18:55:31
863,7613729176277221394,7613729176277221394,2,巴铁,139,+7,,,5月13日,2026-10-06,2026-10-06 18:55:31,,29,,2026-10-06 18:55:31,2026-10-06 18:55:31
864,7618201401461768209,7618201401461768209,5,巴铁,139,+7,,88,5月13日,2026-10-06,2026-10-06 19:42:48,,23,,2026-10-06 18:55:31,2026-10-06 18:55:31
865,7626265997774798856,7626265997774798856,40,菲律宾,140,+8,"3,822.77",89,5月13日,2026-10-06,2026-10-06 19:42:48,,,,2026-10-06 18:55:31,2026-10-06 18:55:31
866,7626266178872180754,7626266178872180754,7,菲律宾,140,+8,,,5月13日,2026-10-06,2026-10-06 18:55:31,,28,,2026-10-06 18:55:31,2026-10-06 18:55:31
867,7634909916704243720,7634909916704243720,24,巴西,140,-3,,,5月13日,2026-10-06,2026-10-06 18:55:31,,31,,2026-10-06 18:55:31,2026-10-06 18:55:31
868,7634910628152115218,7634910628152115218,,巴西,140,-3,,90,5月13日,2026-10-06,2026-10-06 19:42:48,,29,,2026-10-06 18:55:31,2026-10-06 18:55:31
869,7634910873434767368,7634910873434767368,,巴西,140,-3,,90,5月13日,2026-10-06,2026-10-06 19:42:48,,29,,2026-10-06 18:55:31,2026-10-06 18:55:31
870,7633749600809041941,7633749600809041941,,巴西,139,-3,,90,5月14日,2026-10-06,2026-10-06 19:42:48,,29,,2026-10-06 18:55:31,2026-10-06 18:55:31
871,7633749340435136532,7633749340435136532,24,巴西,139,-3,,,5月14日,2026-10-06,2026-10-06 18:55:31,,31,,2026-10-06 18:55:31,2026-10-06 18:55:31
872,7633749361922490389,7633749361922490389,39,巴西,139,-3,,,5月14日,2026-10-06,2026-10-06 18:55:31,,30,,2026-10-06 18:55:31,2026-10-06 18:55:31
873,7633356164637556744,7633356164637556744,,巴西,139,-3,,30,5月14日,2026-10-06,2026-10-06 19:42:48,,29,2026-10-06 19:48:50,2026-10-06 18:55:31,2026-10-06 18:55:31
874,7633356503122001928,7633356503122001928,10,巴西,139,-3,,30,5月14日,2026-10-06,2026-10-06 19:42:48,,25,2026-10-06 19:48:50,2026-10-06 18:55:31,2026-10-06 18:55:31
875,7637021935697248263,7637021935697248263,39,巴西,139,-3,,,5月14日,2026-10-06,2026-10-06 18:55:31,,30,,2026-10-06 18:55:31,2026-10-06 18:55:31
876,7637021776840704018,7637021776840704018,4,巴西,139,-3,,30,5月14日,2026-10-06,2026-10-06 19:42:48,,23,2026-10-06 19:48:50,2026-10-06 18:55:31,2026-10-06 18:55:31
877,7637021839970140178,7637021839970140178,24,巴西,139,-3,,,5月14日,2026-10-06,2026-10-06 18:55:31,,,,2026-10-06 18:55:31,2026-10-06 18:55:31
878,7633356348033400840,7633356348033400840,6,巴西,139,-3,,30,5月15日,2026-10-06,2026-10-06 19:42:48,,28,2026-10-06 19:48:50,2026-10-06 18:55:31,2026-10-06 18:55:31
879,7615085303092051984,7615085303092051984,18,菲律宾,139,+8,,54,5月19日,2026-10-06,2026-10-06 19:42:48,,25,,2026-10-06 18:55:31,2026-10-06 18:55:31
880,7629286902017081362,7629286902017081362,2,菲律宾,139,+7,,91,5月19日,,2026-10-06 18:55:31,,29,,2026-10-06 18:55:31,2026-10-06 18:55:31
881,7618118692425170960,7618118692425170960,3,菲律宾,139,+8,,,5月19日,2026-10-06,2026-10-06 18:55:31,,23,,2026-10-06 18:55:31,2026-10-06 18:55:31
882,7640018547783450631,7640018547783450631,7,菲律宾,139,+8,,,5月19日,2026-10-06,2026-10-06 18:55:31,,28,,2026-10-06 18:55:31,2026-10-06 18:55:31
883,7633737607079444498,7633737607079444498,3,菲律宾,139,+8,,,5月20日,2026-10-06,2026-10-06 18:55:31,,23,,2026-10-06 18:55:31,2026-10-06 18:55:31
884,7633757699277701140,7633757699277701140,3,菲律宾,139,+8,,,5月20日,2026-10-06,2026-10-06 18:55:31,,23,,2026-10-06 18:55:31,2026-10-06 18:55:31
885,7615118837125742593,7615118837125742593,40,柬埔寨,139,+8,,,5月21日,2026-10-06,2026-10-06 18:55:31,,30,,2026-10-06 18:55:31,2026-10-06 18:55:31
886,7613269623835852816,7613269623835852816,40,柬埔寨,139,+8,,,5月21日,2026-10-06,2026-10-06 18:55:31,,30,,2026-10-06 18:55:31,2026-10-06 18:55:31
887,7615135902301700112,7615135902301700112,40,柬埔寨,139,+8,,,5月21日,2026-10-06,2026-10-06 18:55:31,,30,,2026-10-06 18:55:31,2026-10-06 18:55:31
888,7601094147895443473,7601094147895443473,40,菲律宾,139,+8,,,5月21日,2026-10-06,2026-10-06 18:55:31,,30,,2026-10-06 18:55:31,2026-10-06 18:55:31
889,7638977403852341266,7638977403852341266,40,菲律宾,139,+8,,,5月21日,2026-10-06,2026-10-06 18:55:31,,30,,2026-10-06 18:55:31,2026-10-06 18:55:31
890,7604806875758264336,7604806875758264336,3,菲律宾,154,+8,,59,5月21日,2026-10-06,2026-10-06 19:42:48,,23,,2026-10-06 18:55:31,2026-10-06 18:55:31
891,7624462137202180113,7624462137202180113,,巴西,154,-3,,,5月26日,2026-10-06,2026-10-06 18:55:31,,30,,2026-10-06 18:55:31,2026-10-06 18:55:31
892,7624462099971948560,7624462099971948560,,巴西,154,-3,,59,5月26日,2026-10-06,2026-10-06 19:42:48,,25,,2026-10-06 18:55:31,2026-10-06 18:55:31
893,7624461816493277185,7624461816493277185,,巴西,154,-3,,,5月26日,2026-10-06,2026-10-06 18:55:31,,28,,2026-10-06 18:55:31,2026-10-06 18:55:31
894,7624461843930562561,7624461843930562561,,巴西,154,-3,,59,5月26日,2026-10-06,2026-10-06 19:42:48,,29,,2026-10-06 18:55:31,2026-10-06 18:55:31
895,7641482579171868692,7641482579171868692,,印尼,154,+8,,59,5月26日,2026-10-06,2026-10-06 19:42:48,户还在,25,,2026-10-06 18:55:31,2026-10-06 18:55:31
896,7624461902344617985,7624461902344617985,,巴西,154,-3,,,5月26日,2026-10-06,2026-10-06 18:55:31,,29,,2026-10-06 18:55:31,2026-10-06 18:55:31
897,7641178511718989832,7641178511718989832,,巴西,141,-3,,,5月26日,2026-10-06,2026-10-06 18:55:31,,29,,2026-10-06 18:55:31,2026-10-06 19:42:48
898,7615135876510957585,7615135876510957585,5,菲律宾,139,+8,,,5月27日,2026-10-06,2026-10-06 18:55:31,,23,,2026-10-06 18:55:31,2026-10-06 18:55:31
899,7638543467488100359,7638543467488100359,3,菲律宾,143,+8,,90,5月28日,2026-10-06,2026-10-06 19:42:48,,23,,2026-10-06 18:55:31,2026-10-06 18:55:31
900,7638543471935766546,7638543471935766546,2,菲律宾,143,+8,,90,5月28日,2026-10-06,2026-10-06 19:42:48,,29,,2026-10-06 18:55:31,2026-10-06 18:55:31
901,7638543863673536519,7638543863673536519,2,菲律宾,143,+8,,54,5月28日,2026-10-06,2026-10-06 19:42:48,,29,,2026-10-06 18:55:31,2026-10-06 18:55:31
902,7637752163506208775,7637752163506208775,7,菲律宾,143,+8,,,5月28日,2026-10-06,2026-10-06 18:55:31,,28,,2026-10-06 18:55:31,2026-10-06 18:55:31
903,7637751970448703496,7637751970448703496,7,菲律宾,143,+8,,,5月28日,2026-10-06,2026-10-06 18:55:31,,28,,2026-10-06 18:55:31,2026-10-06 18:55:31
904,7629641346677669896,7629641346677669896,1,印尼,139,+8,,,5月28日,2026-10-06,2026-10-06 18:55:31,,23,,2026-10-06 18:55:31,2026-10-06 18:55:31
905,7632217756053782535,7632217756053782535,1,印尼,139,+8,,,5月28日,2026-10-06,2026-10-06 18:55:31,,23,,2026-10-06 18:55:31,2026-10-06 18:55:31
906,7641172747573477394,7641172747573477394,1,菲律宾,139,+8,,,5月28日,2026-10-06,2026-10-06 18:55:31,,23,,2026-10-06 18:55:31,2026-10-06 18:55:31
907,7641178745759449095,7641178745759449095,6,巴西,141,-3,,,5月29日,2026-10-06,2026-10-06 18:55:31,,28,,2026-10-06 18:55:31,2026-10-06 19:42:48
908,7639628063350505490,7639628063350505490,7,菲律宾,139,+8,,,5月29日,2026-10-06,2026-10-06 18:55:31,,28,,2026-10-06 18:55:31,2026-10-06 18:55:31
909,7642287883967053831,7642287883967053831,,巴西,139,-3,,,5月29日,2026-10-06,2026-10-06 18:55:31,,29,,2026-10-06 18:55:31,2026-10-06 18:55:31
910,7639627615258624008,7639627615258624008,2,菲律宾,139,+8,,92,5月29日,2026-10-06,2026-10-06 19:42:48,,29,,2026-10-06 18:55:31,2026-10-06 18:55:31
911,7639627682975694855,7639627682975694855,2,菲律宾,139,+8,,93,5月29日,2026-10-06,2026-10-06 19:42:48,,29,,2026-10-06 18:55:31,2026-10-06 18:55:31
912,7620447947554783233,7620447947554783233,2,菲律宾,139,+8,,,5月31日,,2026-10-06 18:55:31,,29,,2026-10-06 18:55:31,2026-10-06 18:55:31
913,7621559900669476865,7621559900669476865,2,菲律宾,139,+8,,,5月31日,2026-10-06,2026-10-06 18:55:31,,29,,2026-10-06 18:55:31,2026-10-06 18:55:31
914,7641172992564510727,7641172992564510727,2,菲律宾,139,+8,,,5月31日,2026-10-06,2026-10-06 18:55:31,,29,,2026-10-06 18:55:31,2026-10-06 18:55:31
915,7639628480375963666,7639628480375963666,1,印尼,139,+8,,,6月1日,2026-10-06,2026-10-06 18:55:31,,23,,2026-10-06 18:55:31,2026-10-06 18:55:31
916,7639628434091786248,7639628434091786248,2,印尼,139,+8,,,6月1日,2026-10-06,2026-10-06 18:55:31,,29,,2026-10-06 18:55:31,2026-10-06 18:55:31
917,7639628584340176904,7639628584340176904,15,印尼,139,+8,,30,6月1日,2026-10-06,2026-10-06 19:42:48,,25,2026-10-06 19:48:50,2026-10-06 18:55:31,2026-10-06 18:55:31
918,7639628667072561170,7639628667072561170,40,印尼,139,+8,,,6月1日,2026-10-06,2026-10-06 18:55:31,,30,,2026-10-06 18:55:31,2026-10-06 18:55:31
919,7646627386229817351,7646627386229817351,2,菲律宾,,+8,,,6月2日,2026-10-06,2026-10-06 18:55:31,,29,,2026-10-06 18:55:31,2026-10-06 18:55:31
920,7646613309348708370,7646613309348708370,2,菲律宾,,+8,,,6月2日,2026-10-06,2026-10-06 18:55:31,,29,,2026-10-06 18:55:31,2026-10-06 18:55:31
921,7646612698397622280,7646612698397622280,40,菲律宾,,+8,,,6月2日,2026-10-06,2026-10-06 18:55:31,,30,,2026-10-06 18:55:31,2026-10-06 18:55:31
922,7646613309348806674,7646613309348806674,7,菲律宾,,+8,,,6月2日,2026-10-06,2026-10-06 18:55:31,,28,,2026-10-06 18:55:31,2026-10-06 18:55:31
923,7646627337932685330,7646627337932685330,19,菲律宾,,+8,,54,6月2日,2026-10-06,2026-10-06 19:42:48,,31,,2026-10-06 18:55:31,2026-10-06 18:55:31
924,7646627153228283922,7646627153228283922,18,菲律宾,,+8,,,6月2日,2026-10-06,2026-10-06 18:55:31,,,,2026-10-06 18:55:31,2026-10-06 18:55:31
925,7646627126788751378,7646627126788751378,2,菲律宾,,+8,,94,6月2日,2026-10-06,2026-10-06 19:42:48,,29,,2026-10-06 18:55:31,2026-10-06 18:55:31
926,7646613090939830290,7646613090939830290,2,菲律宾,,+8,,54,6月2日,2026-10-06,2026-10-06 19:42:48,,29,,2026-10-06 18:55:31,2026-10-06 18:55:31
927,7646612324585078791,7646612324585078791,2,菲律宾,,+8,,,6月2日,2026-10-06,2026-10-06 18:55:31,,29,,2026-10-06 18:55:31,2026-10-06 18:55:31
928,7646612540532998151,7646612540532998151,2,菲律宾,,+8,,,6月2日,2026-10-06,2026-10-06 18:55:31,,29,,2026-10-06 18:55:31,2026-10-06 18:55:31
929,7646612622517108754,7646612622517108754,4,巴西,,-3,,,6月2日,2026-10-06,2026-10-06 18:55:31,,23,,2026-10-06 18:55:31,2026-10-06 18:55:31
930,7646627386229882887,7646627386229882887,,巴西,,-3,,,6月2日,2026-10-06,2026-10-06 18:55:31,,29,,2026-10-06 18:55:31,2026-10-06 18:55:31
931,7646626902778118151,7646626902778118151,,巴西,,-3,,,6月2日,2026-10-06,2026-10-06 18:55:31,,29,,2026-10-06 18:55:31,2026-10-06 18:55:31
932,7646613276243279879,7646613276243279879,17,巴西,,-3,,57,6月2日,2026-10-06,2026-10-06 19:42:48,,,,2026-10-06 18:55:31,2026-10-06 18:55:31
933,7646627242046570514,7646627242046570514,39,巴西,,-3,,,6月2日,2026-10-06,2026-10-06 18:55:31,,30,,2026-10-06 18:55:31,2026-10-06 18:55:31
934,7646627153228414994,7646627153228414994,6,巴西,,-3,,,6月2日,2026-10-06,2026-10-06 18:55:31,,28,,2026-10-06 18:55:31,2026-10-06 18:55:31
935,7646613191411777554,7646613191411777554,6,巴西,,-3,,,6月2日,2026-10-06,2026-10-06 18:55:31,,28,,2026-10-06 18:55:31,2026-10-06 18:55:31
936,7646613196916670472,7646613196916670472,24,巴西,,-3,,,6月2日,2026-10-06,2026-10-06 18:55:31,,31,,2026-10-06 18:55:31,2026-10-06 18:55:31
937,7646613419831197703,7646613419831197703,,巴西,,-3,,,6月2日,2026-10-06,2026-10-06 18:55:31,,29,,2026-10-06 18:55:31,2026-10-06 18:55:31
938,7646612540533063687,7646612540533063687,,巴西,,-3,,,6月2日,2026-10-06,2026-10-06 18:55:31,,,,2026-10-06 18:55:31,2026-10-06 18:55:31
939,7641485718770188308,7641485718770188308,1,印尼,,+8,,,6月2日,2026-10-06,2026-10-06 18:55:31,,23,,2026-10-06 18:55:31,2026-10-06 18:55:31
940,7641110639951446036,7641110639951446036,10,印尼,,+8,,30,6月2日,2026-10-06,2026-10-06 19:42:48,,,2026-10-06 19:48:50,2026-10-06 18:55:31,2026-10-06 18:55:31
941,7641111123634307092,7641111123634307092,3,菲律宾,,+8,,,6月2日,2026-10-06,2026-10-06 18:55:31,,23,,2026-10-06 18:55:31,2026-10-06 18:55:31
942,7615103252750221313,7615103252750221313,18,菲律宾,,+8,,,6月2日,2026-10-06,2026-10-06 18:55:31,,,,2026-10-06 18:55:31,2026-10-06 18:55:31
943,7641178745759547399,7641178745759547399,6,巴西,141,-3,,,6月3日,2026-10-06,2026-10-06 18:55:31,,28,,2026-10-06 18:55:31,2026-10-06 19:42:48
944,7646755551677906965,7646755551677906965,25,印尼,,8,,,6月5日,2026-10-06,2026-10-06 18:55:31,,31,,2026-10-06 18:55:31,2026-10-06 18:55:31
945,7646755776157040661,7646755776157040661,2,印尼,,8,,,6月5日,2026-10-06,2026-10-06 18:55:31,,29,,2026-10-06 18:55:31,2026-10-06 18:55:31
946,7646755604693811220,7646755604693811220,2,印尼,,8,,,6月5日,2026-10-06,2026-10-06 18:55:31,,,,2026-10-06 18:55:31,2026-10-06 18:55:31
947,7637769642425335826,7637769642425335826,39,巴西,143,-3,,,6月5日,2026-10-06,2026-10-06 18:55:31,,30,,2026-10-06 18:55:31,2026-10-06 18:55:31
948,7615479772277424129,7615479772277424129,25,菲律宾,154,8,,,6月5日,2026-10-06,2026-10-06 18:55:31,,31,,2026-10-06 18:55:31,2026-10-06 18:55:31
949,7615479625350922256,7615479625350922256,25,菲律宾,154,8,,,6月5日,2026-10-06,2026-10-06 18:55:31,,31,,2026-10-06 18:55:31,2026-10-06 18:55:31
950,7646691729600446472,7646691729600446472,3,菲律宾,143,8,,,6月8日,2026-10-06,2026-10-06 18:55:31,,23,,2026-10-06 18:55:31,2026-10-06 18:55:31
951,7646691420736225287,7646691420736225287,2,菲律宾,143,8,,,6月8日,2026-10-06,2026-10-06 18:55:31,,29,,2026-10-06 18:55:31,2026-10-06 18:55:31
952,7631183228368011271,7631183228368011271,3,菲律宾,139,8,,,6月8日,2026-10-06,2026-10-06 18:55:31,,23,,2026-10-06 18:55:31,2026-10-06 18:55:31
953,7631181410883158024,7631181410883158024,2,菲律宾,139,8,,,6月8日,2026-10-06,2026-10-06 18:55:31,,29,,2026-10-06 18:55:31,2026-10-06 18:55:31
954,7631180811974524946,7631180811974524946,18,菲律宾,139,8,,30,6月8日,2026-10-06,2026-10-06 19:42:48,,25,2026-10-06 19:48:50,2026-10-06 18:55:31,2026-10-06 18:55:31
955,7634445946033799186,7634445946033799186,2,印尼,140,8,,,6月8日,,2026-10-06 18:55:31,,29,,2026-10-06 18:55:31,2026-10-06 18:55:31
956,7634445316766384136,7634445316766384136,7,印尼,140,8,,,6月8日,2026-10-06,2026-10-06 18:55:31,,28,,2026-10-06 18:55:31,2026-10-06 18:55:31
957,7641482232980537364,7641482232980537364,7,菲律宾,154,8,,,6月8日,2026-10-06,2026-10-06 18:55:31,,28,,2026-10-06 18:55:31,2026-10-06 18:55:31
958,7641482400027099157,7641482400027099157,3,菲律宾,154,8,,,6月8日,2026-10-06,2026-10-06 18:55:31,,23,,2026-10-06 18:55:31,2026-10-06 18:55:31
959,7641483056754360341,7641483056754360341,2,印尼,154,8,,,6月8日,2026-10-06,2026-10-06 18:55:31,,29,,2026-10-06 18:55:31,2026-10-06 18:55:31
960,7629287605489696775,7629287605489696775,1,印尼,147,7,,95,6月8日,2026-10-06,2026-10-06 19:42:48,,23,,2026-10-06 18:55:31,2026-10-06 18:55:31
961,7629287519359598599,7629287519359598599,1,印尼,147,7,,95,6月8日,2026-10-06,2026-10-06 19:42:48,,23,,2026-10-06 18:55:31,2026-10-06 18:55:31
962,7621484102168461313,7621484102168461313,18,菲律宾,147,8,,30,6月8日,2026-10-06,2026-10-06 19:42:48,,25,2026-10-06 19:48:50,2026-10-06 18:55:31,2026-10-06 18:55:31
963,7621483980948455440,7621483980948455440,18,菲律宾,147,8,,57,6月8日,2026-10-06,2026-10-06 19:42:48,,25,,2026-10-06 18:55:31,2026-10-06 18:55:31
964,7612628070767493137,7612628070767493137,1,印尼,147,7,,95,6月8日,2026-10-06,2026-10-06 19:42:48,,23,,2026-10-06 18:55:31,2026-10-06 18:55:31
965,7592115172746412039,7592115172746412039,18,菲律宾,147,8,,,6月8日,2026-10-06,2026-10-06 18:55:31,,,,2026-10-06 18:55:31,2026-10-06 18:55:31
966,7634067923670990866,7634067923670990866,18,菲律宾,147,7,,95,6月8日,2026-10-06,2026-10-06 19:42:48,,23,,2026-10-06 18:55:31,2026-10-06 18:55:31
967,7610346981243846672,7610346981243846672,18,菲律宾,147,8,,96,6月8日,2026-10-06,2026-10-06 19:42:48,,25,,2026-10-06 18:55:31,2026-10-06 18:55:31
968,7629669073493999623,7629669073493999623,1,印尼,147,7,,95,6月8日,2026-10-06,2026-10-06 19:42:48,,23,,2026-10-06 18:55:31,2026-10-06 18:55:31
969,7624480454422528017,7624480454422528017,1,印尼,147,7,,95,6月8日,2026-10-06,2026-10-06 19:42:48,,23,,2026-10-06 18:55:31,2026-10-06 18:55:31
970,7617827943801765889,7617827943801765889,18,菲律宾,147,8,,,6月8日,,2026-10-06 18:55:31,,,,2026-10-06 18:55:31,2026-10-06 18:55:31
971,7617827992837537793,7617827992837537793,18,菲律宾,147,8,,95,6月8日,2026-10-06,2026-10-06 19:42:48,,,,2026-10-06 18:55:31,2026-10-06 18:55:31
972,7631140872867872776,7631140872867872776,2,印尼,143,7,,,6月9日,2026-10-06,2026-10-06 18:55:31,,29,,2026-10-06 18:55:31,2026-10-06 18:55:31
973,7631135195831287816,7631135195831287816,2,印尼,143,7,,,6月9日,2026-10-06,2026-10-06 18:55:31,,29,,2026-10-06 18:55:31,2026-10-06 18:55:31
974,7641172843228839954,7641172843228839954,19,菲律宾,139,8,,,6月10日,2026-10-06,2026-10-06 18:55:31,,31,,2026-10-06 18:55:31,2026-10-06 18:55:31
975,7641173128603910152,7641173128603910152,2,菲律宾,139,8,,,6月10日,2026-10-06,2026-10-06 18:55:31,,29,,2026-10-06 18:55:31,2026-10-06 18:55:31
976,7641173015862181896,7641173015862181896,7,菲律宾,139,8,,,6月10日,2026-10-06,2026-10-06 18:55:31,,28,,2026-10-06 18:55:31,2026-10-06 18:55:31
977,7641172841966157832,7641172841966157832,40,菲律宾,139,8,,,6月10日,2026-10-06,2026-10-06 18:55:31,,30,,2026-10-06 18:55:31,2026-10-06 18:55:31
978,7628530326742122516,7628530326742122516,2,菲律宾,143,8,,,6月10日,2026-10-06,2026-10-06 18:55:31,,29,,2026-10-06 18:55:31,2026-10-06 18:55:31
979,7628530703654764564,7628530703654764564,2,菲律宾,143,8,,,6月10日,2026-10-06,2026-10-06 18:55:31,,29,,2026-10-06 18:55:31,2026-10-06 18:55:31
980,7628530352415408149,7628530352415408149,40,菲律宾,143,8,,,6月10日,2026-10-06,2026-10-06 18:55:31,,30,,2026-10-06 18:55:31,2026-10-06 18:55:31
981,7637769328053583890,7637769328053583890,26,巴西,143,-3,,59,6月10日,2026-10-06,2026-10-06 19:42:48,,31,,2026-10-06 18:55:31,2026-10-06 18:55:31
982,7642288319864193031,7642288319864193031,6,巴西,139,-3,,,6月11日,2026-10-06,2026-10-06 18:55:31,,28,,2026-10-06 18:55:31,2026-10-06 18:55:31
983,7642287998348443666,7642287998348443666,6,巴西,139,-3,,,6月11日,2026-10-06,2026-10-06 18:55:31,,28,,2026-10-06 18:55:31,2026-10-06 18:55:31
984,7646753205498019860,7646753205498019860,7,菲律宾,,8,,,6月11日,2026-10-06,2026-10-06 18:55:31,,28,,2026-10-06 18:55:31,2026-10-06 18:55:31
985,7639666123943723029,7639666123943723029,3,菲律宾,,8,,95,6月11日,2026-10-06,2026-10-06 19:42:48,,23,,2026-10-06 18:55:31,2026-10-06 18:55:31
986,7613269114584481793,7613269114584481793,18,菲律宾,139,8,,30,6月11日,2026-10-06,2026-10-06 19:42:48,,25,2026-10-06 19:48:50,2026-10-06 18:55:31,2026-10-06 18:55:31
987,7613269608837218321,7613269608837218321,18,菲律宾,139,8,,52,6月11日,2026-10-06,2026-10-06 19:42:48,,25,2026-10-06 19:48:53,2026-10-06 18:55:31,2026-10-06 18:55:31
988,7613269610847666177,7613269610847666177,2,菲律宾,139,8,,,6月11日,2026-10-06,2026-10-06 18:55:31,,29,,2026-10-06 18:55:31,2026-10-06 18:55:31
989,7629545359361998855,7629545359361998855,25,印尼,139,7,,95,6月11日,2026-10-06,2026-10-06 19:42:48,,31,,2026-10-06 18:55:31,2026-10-06 18:55:31
990,7629544609823408136,7629544609823408136,25,印尼,139,7,,,6月11日,2026-10-06,2026-10-06 18:55:31,,,,2026-10-06 18:55:31,2026-10-06 18:55:31
991,7631861363568263175,7631861363568263175,,巴西,147,-3,,,6月11日,2026-10-06,2026-10-06 18:55:31,,29,,2026-10-06 18:55:31,2026-10-06 18:55:31
992,7631183138629500936,7631183138629500936,7,菲律宾,139,8,,,6月12日,2026-10-06,2026-10-06 18:55:31,,28,,2026-10-06 18:55:31,2026-10-06 18:55:31
993,7627057583168290834,7627057583168290834,7,菲律宾,139,8,,,6月12日,2026-10-06,2026-10-06 18:55:31,,28,,2026-10-06 18:55:31,2026-10-06 18:55:31
994,7629237581984759815,7629237581984759815,7,菲律宾,139,8,,,6月12日,2026-10-06,2026-10-06 18:55:31,,28,,2026-10-06 18:55:31,2026-10-06 18:55:31
995,7629237376883212296,7629237376883212296,7,菲律宾,139,8,,,6月12日,2026-10-06,2026-10-06 18:55:31,,28,,2026-10-06 18:55:31,2026-10-06 18:55:31
996,7629234173688348679,7629234173688348679,7,菲律宾,139,8,,,6月12日,2026-10-06,2026-10-06 18:55:31,,28,,2026-10-06 18:55:31,2026-10-06 18:55:31
997,7629233806188281863,7629233806188281863,7,菲律宾,139,8,,,6月12日,2026-10-06,2026-10-06 18:55:31,,28,,2026-10-06 18:55:31,2026-10-06 18:55:31
998,7629232914626297863,7629232914626297863,7,菲律宾,139,8,,,6月12日,2026-10-06,2026-10-06 18:55:31,,28,,2026-10-06 18:55:31,2026-10-06 18:55:31
999,7638977030701891591,7638977030701891591,40,菲律宾,139,8,,95,6月12日,2026-10-06,2026-10-06 19:42:48,,30,,2026-10-06 18:55:31,2026-10-06 18:55:31
1000,7638976830812225544,7638976830812225544,40,菲律宾,139,8,,,6月12日,2026-10-06,2026-10-06 18:55:31,,30,,2026-10-06 18:55:31,2026-10-06 18:55:31
1001,7638977253363286023,7638977253363286023,40,菲律宾,139,8,,95,6月12日,2026-10-06,2026-10-06 19:42:48,,30,,2026-10-06 18:55:31,2026-10-06 18:55:31
1002,7638976893241016328,7638976893241016328,40,菲律宾,139,8,,,6月12日,2026-10-06,2026-10-06 18:55:31,,30,,2026-10-06 18:55:31,2026-10-06 18:55:31
1003,7638976987897577490,7638976987897577490,40,菲律宾,139,8,,,6月12日,2026-10-06,2026-10-06 18:55:31,,30,,2026-10-06 18:55:31,2026-10-06 18:55:31
1004,7615073154041626640,7615073154041626640,40,菲律宾,139,8,,95,6月12日,2026-10-06,2026-10-06 19:42:48,,30,,2026-10-06 18:55:31,2026-10-06 18:55:31
1005,7618804074724540432,7618804074724540432,,巴西,143,-3,,,6月13日,2026-10-06,2026-10-06 18:55:31,,29,,2026-10-06 18:55:31,2026-10-06 18:55:31
1006,7618804087533944848,7618804087533944848,,巴西,143,-3,,,6月13日,2026-10-06,2026-10-06 18:55:31,,29,,2026-10-06 18:55:31,2026-10-06 18:55:31
1007,7618804137496494096,7618804137496494096,,巴西,143,-3,,,6月13日,2026-10-06,2026-10-06 18:55:31,,29,,2026-10-06 18:55:31,2026-10-06 18:55:31
1008,7647007415786799125,7647007415786799125,7,菲律宾,139,8,,,6月14日,2026-10-06,2026-10-06 18:55:31,,28,,2026-10-06 18:55:31,2026-10-06 18:55:31
1009,7637020915397771272,7637020915397771272,7,印尼,139,8,,95,6月15日,2026-10-06,2026-10-06 19:42:48,,28,,2026-10-06 18:55:31,2026-10-06 18:55:31
1010,7637020957363388423,7637020957363388423,7,印尼,139,8,,,6月15日,2026-10-06,2026-10-06 18:55:31,,28,,2026-10-06 18:55:31,2026-10-06 18:55:31
1011,7637021324547801095,7637021324547801095,1,巴西,139,-3,,,6月15日,2026-10-06,2026-10-06 18:55:31,,23,,2026-10-06 18:55:31,2026-10-06 18:55:31
1012,7637021308705947655,7637021308705947655,1,巴西,139,-3,,,6月15日,2026-10-06,2026-10-06 18:55:31,,23,,2026-10-06 18:55:31,2026-10-06 18:55:31
1013,7637458418437013525,7637458418437013525,1,巴西,139,-3,,,6月15日,2026-10-06,2026-10-06 18:55:31,,23,,2026-10-06 18:55:31,2026-10-06 18:55:31
1014,7637458418437079061,7637458418437079061,1,巴西,139,-3,,,6月15日,2026-10-06,2026-10-06 18:55:31,,23,,2026-10-06 18:55:31,2026-10-06 18:55:31
1015,7642256167737262098,7642256167737262098,1,巴西,139,-3,,,6月15日,2026-10-06,2026-10-06 18:55:31,,23,,2026-10-06 18:55:31,2026-10-06 18:55:31
1016,7647087972466081813,7647087972466081813,3,菲律宾,139,8,,,6月15日,2026-10-06,2026-10-06 18:55:31,,23,,2026-10-06 18:55:31,2026-10-06 18:55:31
1017,7647087993341329428,7647087993341329428,3,菲律宾,139,8,,,6月15日,2026-10-06,2026-10-06 18:55:31,,23,,2026-10-06 18:55:31,2026-10-06 18:55:31
1018,7647834638011645973,7647834638011645973,18,菲律宾,,8,,,6月15日,2026-10-06,2026-10-06 18:55:31,,25,,2026-10-06 18:55:31,2026-10-06 18:55:31
1019,7647834094608564245,7647834094608564245,25,菲律宾,,8,,95,6月15日,2026-10-06,2026-10-06 19:42:48,,31,,2026-10-06 18:55:31,2026-10-06 18:55:31
1020,7614080400561897473,7614080400561897473,5,菲律宾,154,8,,,6月16日,2026-10-06,2026-10-06 18:55:31,,23,,2026-10-06 18:55:31,2026-10-06 18:55:31
1021,7628874892410273799,7628874892410273799,41,巴西,140,-3,,,6月16日,2026-10-06,2026-10-06 18:55:31,,30,,2026-10-06 18:55:31,2026-10-06 18:55:31
1022,7628875312654254087,7628875312654254087,41,巴西,140,-3,,,6月16日,2026-10-06,2026-10-06 18:55:31,,30,,2026-10-06 18:55:31,2026-10-06 18:55:31
1023,7628875120383311879,7628875120383311879,41,巴西,140,-3,,,6月16日,2026-10-06,2026-10-06 18:55:31,,30,,2026-10-06 18:55:31,2026-10-06 18:55:31
1024,7628875287627055122,7628875287627055122,8,巴西,140,-3,,95,6月16日,2026-10-06,2026-10-06 19:42:48,,28,,2026-10-06 18:55:31,2026-10-06 18:55:31
1025,7628875008681394194,7628875008681394194,8,巴西,140,-3,,95,6月16日,2026-10-06,2026-10-06 19:42:48,,28,,2026-10-06 18:55:31,2026-10-06 18:55:31
1026,7639664095387189256,7639664095387189256,6,巴西,147,-3,,,6月16日,2026-10-06,2026-10-06 18:55:31,,28,,2026-10-06 18:55:31,2026-10-06 18:55:31
1027,7651939476544962581,7651939476544962581,,巴西,,-3,,,6月17日,2026-10-06,2026-10-06 18:55:31,,29,,2026-10-06 18:55:31,2026-10-06 18:55:31
1028,7651939379602079764,7651939379602079764,,巴西,,-3,,,6月17日,2026-10-06,2026-10-06 18:55:31,,29,,2026-10-06 18:55:31,2026-10-06 18:55:31
1029,7651939372560269332,7651939372560269332,4,巴西,,-3,,,6月17日,2026-10-06,2026-10-06 18:55:31,,23,,2026-10-06 18:55:31,2026-10-06 18:55:31
1030,7651939288795578388,7651939288795578388,4,巴西,,-3,,,6月17日,2026-10-06,2026-10-06 18:55:31,,23,,2026-10-06 18:55:31,2026-10-06 18:55:31
1031,7651939322001784853,7651939322001784853,41,巴西,,-3,,,6月17日,2026-10-06,2026-10-06 18:55:31,,30,,2026-10-06 18:55:31,2026-10-06 18:55:31
1032,7651939175721336852,7651939175721336852,41,巴西,,-3,,,6月17日,2026-10-06,2026-10-06 18:55:31,,30,,2026-10-06 18:55:31,2026-10-06 18:55:31
1033,7651939160386895892,7651939160386895892,8,巴西,,-3,,,6月17日,2026-10-06,2026-10-06 18:55:31,,28,,2026-10-06 18:55:31,2026-10-06 18:55:31
1034,7651939145549053973,7651939145549053973,8,巴西,,-3,,,6月17日,2026-10-06,2026-10-06 18:55:31,,28,,2026-10-06 18:55:31,2026-10-06 18:55:31
1035,7651939111250509845,7651939111250509845,26,巴西,,-3,,,6月17日,2026-10-06,2026-10-06 18:55:31,,31,,2026-10-06 18:55:31,2026-10-06 18:55:31
1036,7651939102917705749,7651939102917705749,26,巴西,,-3,,,6月17日,2026-10-06,2026-10-06 18:55:31,,31,,2026-10-06 18:55:31,2026-10-06 18:55:31
1037,7634456607274926087,7634456607274926087,4,巴西,143,-3,,,6月17日,2026-10-06,2026-10-06 18:55:31,,23,,2026-10-06 18:55:31,2026-10-06 18:55:31
1038,7634456607274991623,7634456607274991623,4,巴西,143,-3,,,6月17日,2026-10-06,2026-10-06 18:55:31,,23,,2026-10-06 18:55:31,2026-10-06 18:55:31
1039,7634457056765820936,7634457056765820936,4,巴西,143,-3,,,6月17日,2026-10-06,2026-10-06 18:55:31,,23,,2026-10-06 18:55:31,2026-10-06 18:55:31
1040,7634456758538321928,7634456758538321928,,巴西,143,-3,,,6月17日,,2026-10-06 18:55:31,,29,,2026-10-06 18:55:31,2026-10-06 18:55:31
1041,7634456100489871368,7634456100489871368,,巴西,143,-3,,,6月17日,2026-10-06,2026-10-06 18:55:31,,29,,2026-10-06 18:55:31,2026-10-06 18:55:31
1042,7634176837383553032,7634176837383553032,26,巴西,143,-3,,,6月17日,2026-10-06,2026-10-06 18:55:31,,31,,2026-10-06 18:55:31,2026-10-06 18:55:31
1043,7628875055400910866,7628875055400910866,26,巴西,140,-3,,,6月18日,2026-10-06,2026-10-06 18:55:31,,31,,2026-10-06 18:55:31,2026-10-06 18:55:31
1044,7628874836787183634,7628874836787183634,26,巴西,142,-3,,,6月18日,2026-10-06,2026-10-06 18:55:31,,31,,2026-10-06 18:55:31,2026-10-06 18:55:31
1045,7628876334021820424,7628876334021820424,,巴西,142,-3,,,6月18日,2026-10-06,2026-10-06 18:55:31,,29,,2026-10-06 18:55:31,2026-10-06 18:55:31
1046,7628876446569168914,7628876446569168914,,巴西,142,-3,,,6月18日,2026-10-06,2026-10-06 18:55:31,,29,,2026-10-06 18:55:31,2026-10-06 18:55:31
1047,7628876334248263698,7628876334248263698,8,巴西,142,-3,,,6月18日,2026-10-06,2026-10-06 18:55:31,,28,,2026-10-06 18:55:31,2026-10-06 18:55:31
1048,7634440956186820615,7634440956186820615,41,巴西,140,-3,,,6月18日,2026-10-06,2026-10-06 18:55:31,,30,,2026-10-06 18:55:31,2026-10-06 18:55:31
1049,7628880461376782343,7628880461376782343,25,印尼,140,7,,,6月18日,2026-10-06,2026-10-06 18:55:31,,31,,2026-10-06 18:55:31,2026-10-06 18:55:31
1050,7628879892207419410,7628879892207419410,2,印尼,142,7,,,6月18日,2026-10-06,2026-10-06 18:55:31,,29,,2026-10-06 18:55:31,2026-10-06 18:55:31
1051,7628880465266147346,7628880465266147346,40,印尼,140,7,,,6月18日,2026-10-06,2026-10-06 18:55:31,,30,,2026-10-06 18:55:31,2026-10-06 18:55:31
1052,7628880520323252242,7628880520323252242,19,菲律宾,140,8,,,6月18日,2026-10-06,2026-10-06 18:55:31,,31,,2026-10-06 18:55:31,2026-10-06 18:55:31
1053,7629251378038276114,7629251378038276114,2,菲律宾,140,8,,,6月18日,2026-10-06,2026-10-06 18:55:31,,29,,2026-10-06 18:55:31,2026-10-06 18:55:31
1054,7629251167872729106,7629251167872729106,2,菲律宾,142,8,,,6月18日,,2026-10-06 18:55:31,,29,,2026-10-06 18:55:31,2026-10-06 18:55:31
1055,7629251186764988423,7629251186764988423,7,菲律宾,140,8,,,6月18日,2026-10-06,2026-10-06 18:55:31,,28,,2026-10-06 18:55:31,2026-10-06 18:55:31
1056,7629250773456781319,7629250773456781319,7,菲律宾,140,8,,,6月18日,2026-10-06,2026-10-06 18:55:31,,28,,2026-10-06 18:55:31,2026-10-06 18:55:31
1057,7628876106439016456,7628876106439016456,40,菲律宾,140,8,,,6月18日,2026-10-06,2026-10-06 18:55:31,,30,,2026-10-06 18:55:31,2026-10-06 18:55:31
1058,7634445617913151506,7634445617913151506,40,菲律宾,140,8,,,6月18日,2026-10-06,2026-10-06 18:55:31,,30,,2026-10-06 18:55:31,2026-10-06 18:55:31
1059,7641523971512107016,7641523971512107016,,巴西,140,-3,,,6月19日,2026-10-06,2026-10-06 18:55:31,,29,,2026-10-06 18:55:31,2026-10-06 18:55:31
1060,7636637410142601224,7636637410142601224,,巴西,140,-3,,,6月19日,2026-10-06,2026-10-06 18:55:31,,29,,2026-10-06 18:55:31,2026-10-06 18:55:31
1061,7636638007096999943,7636638007096999943,,巴西,140,-3,,,6月19日,,2026-10-06 18:55:31,,29,,2026-10-06 18:55:31,2026-10-06 18:55:31
1062,7636637101232209938,7636637101232209938,,巴西,140,-3,,,6月19日,,2026-10-06 18:55:31,,29,,2026-10-06 18:55:31,2026-10-06 18:55:31
1063,7636637547241979912,7636637547241979912,,巴西,140,-3,,,6月19日,2026-10-06,2026-10-06 18:55:31,,29,,2026-10-06 18:55:31,2026-10-06 18:55:31
1064,7652204219167932434,7652204219167932434,,巴西,142,-3,,,6月20日,2026-10-06,2026-10-06 18:55:31,,29,,2026-10-06 18:55:31,2026-10-06 18:55:31
1065,7652204092433104903,7652204092433104903,,巴西,142,-3,,,6月20日,2026-10-06,2026-10-06 18:55:31,,29,,2026-10-06 18:55:31,2026-10-06 18:55:31
1066,7652204193771749384,7652204193771749384,,巴西,142,-3,,,6月20日,2026-10-06,2026-10-06 18:55:31,,29,,2026-10-06 18:55:31,2026-10-06 18:55:31
1067,7652204039874314248,7652204039874314248,,巴西,142,-3,,,6月20日,2026-10-06,2026-10-06 18:55:31,,29,,2026-10-06 18:55:31,2026-10-06 18:55:31
1068,7652204049919688712,7652204049919688712,,巴西,142,-3,,,6月20日,2026-10-06,2026-10-06 18:55:31,,29,,2026-10-06 18:55:31,2026-10-06 18:55:31
1069,7652204123663712263,7652204123663712263,,巴西,142,-3,,,6月20日,2026-10-06,2026-10-06 18:55:31,,29,,2026-10-06 18:55:31,2026-10-06 18:55:31
1070,7652204163912171528,7652204163912171528,,巴西,142,-3,,,6月20日,2026-10-06,2026-10-06 18:55:31,,29,,2026-10-06 18:55:31,2026-10-06 18:55:31
1071,7652204044345425927,7652204044345425927,,巴西,142,-3,,,6月20日,2026-10-06,2026-10-06 18:55:31,,29,,2026-10-06 18:55:31,2026-10-06 18:55:31
1072,7652204017590304776,7652204017590304776,,巴西,142,-3,,,6月20日,2026-10-06,2026-10-06 18:55:31,,29,,2026-10-06 18:55:31,2026-10-06 18:55:31
1073,7652203989748137991,7652203989748137991,,巴西,140,-3,,,6月20日,2026-10-06,2026-10-06 18:55:31,,29,,2026-10-06 18:55:31,2026-10-06 18:55:31
1074,7652205246343282695,7652205246343282695,24,巴西,140,-3,,,6月20日,2026-10-06,2026-10-06 18:55:31,,31,,2026-10-06 18:55:31,2026-10-06 18:55:31
1075,7652205262125203464,7652205262125203464,24,巴西,140,-3,,,6月20日,2026-10-06,2026-10-06 18:55:31,,31,,2026-10-06 18:55:31,2026-10-06 18:55:31
1076,7652205047115333639,7652205047115333639,41,巴西,140,-3,,,6月20日,2026-10-06,2026-10-06 18:55:31,,30,,2026-10-06 18:55:31,2026-10-06 18:55:31
1077,7652205083739881490,7652205083739881490,41,巴西,140,-3,,,6月20日,2026-10-06,2026-10-06 18:55:31,,30,,2026-10-06 18:55:31,2026-10-06 18:55:31
1078,7652205186609332232,7652205186609332232,41,巴西,140,-3,,,6月20日,2026-10-06,2026-10-06 18:55:31,,30,,2026-10-06 18:55:31,2026-10-06 18:55:31
1079,7652205127361331208,7652205127361331208,41,巴西,140,-3,,,6月20日,2026-10-06,2026-10-06 18:55:31,,30,,2026-10-06 18:55:31,2026-10-06 18:55:31
1080,7652205136957177874,7652205136957177874,41,巴西,140,-3,,,6月20日,2026-10-06,2026-10-06 18:55:31,,30,,2026-10-06 18:55:31,2026-10-06 18:55:31
1081,7652205002242473992,7652205002242473992,41,巴西,140,-3,,,6月20日,2026-10-06,2026-10-06 18:55:31,,30,,2026-10-06 18:55:31,2026-10-06 18:55:31
1082,7652205138421858312,7652205138421858312,41,巴西,140,-3,,,6月20日,2026-10-06,2026-10-06 18:55:31,,30,,2026-10-06 18:55:31,2026-10-06 18:55:31
1083,7637770406203506696,7637770406203506696,,巴西,143,-3,,,6月20日,2026-10-06,2026-10-06 18:55:31,,29,,2026-10-06 18:55:31,2026-10-06 18:55:31
1084,7637769279232081928,7637769279232081928,,巴西,143,-3,,,6月20日,2026-10-06,2026-10-06 18:55:31,,29,,2026-10-06 18:55:31,2026-10-06 18:55:31
1085,7634456278936649746,7634456278936649746,,巴西,143,-3,,,6月20日,2026-10-06,2026-10-06 18:55:31,,29,,2026-10-06 18:55:31,2026-10-06 18:55:31
1086,7634455804095266834,7634455804095266834,,巴西,143,-3,,,6月20日,2026-10-06,2026-10-06 18:55:31,,29,,2026-10-06 18:55:31,2026-10-06 18:55:31
1087,7637769941307097096,7637769941307097096,,巴西,143,-3,,,6月20日,2026-10-06,2026-10-06 18:55:31,,30,,2026-10-06 18:55:31,2026-10-06 18:55:31
1088,7637769840718315527,7637769840718315527,,巴西,143,-3,,,6月20日,2026-10-06,2026-10-06 18:55:31,,30,,2026-10-06 18:55:31,2026-10-06 18:55:31
1089,7637753199214133256,7637753199214133256,40,菲律宾,143,8,,,6月20日,2026-10-06,2026-10-06 18:55:31,,30,,2026-10-06 18:55:31,2026-10-06 18:55:31
1090,7637752652724748296,7637752652724748296,2,菲律宾,143,8,,,6月20日,2026-10-06,2026-10-06 18:55:31,,29,,2026-10-06 18:55:31,2026-10-06 18:55:31
1091,7640018400252821512,7640018400252821512,40,印尼,139,8,,,6月22日,2026-10-06,2026-10-06 18:55:31,,30,,2026-10-06 18:55:31,2026-10-06 18:55:31
1092,7640018137500418055,7640018137500418055,40,印尼,139,8,,,6月22日,2026-10-06,2026-10-06 18:55:31,,30,,2026-10-06 18:55:31,2026-10-06 18:55:31
1093,7640016661936128008,7640016661936128008,25,印尼,139,8,,,6月22日,2026-10-06,2026-10-06 18:55:31,,31,,2026-10-06 18:55:31,2026-10-06 18:55:31
1094,7640017936698294280,7640017936698294280,25,印尼,139,8,,,6月22日,2026-10-06,2026-10-06 18:55:31,,31,,2026-10-06 18:55:31,2026-10-06 18:55:31
1095,7647006688171687956,7647006688171687956,40,菲律宾,139,8,,,6月22日,2026-10-06,2026-10-06 18:55:31,,30,,2026-10-06 18:55:31,2026-10-06 18:55:31
1096,7647006206950948884,7647006206950948884,40,菲律宾,139,8,,,6月22日,2026-10-06,2026-10-06 18:55:31,,30,,2026-10-06 18:55:31,2026-10-06 18:55:31
1097,7626704577903165447,7626704577903165447,7,印尼,139,8,,,6月22日,2026-10-06,2026-10-06 18:55:31,,28,,2026-10-06 18:55:31,2026-10-06 18:55:31
1098,7626704281823117330,7626704281823117330,7,印尼,139,8,,,6月22日,2026-10-06,2026-10-06 18:55:31,,28,,2026-10-06 18:55:31,2026-10-06 18:55:31
1099,7629640868705681426,7629640868705681426,25,印尼,139,8,,,6月22日,2026-10-06,2026-10-06 18:55:31,,31,,2026-10-06 18:55:31,2026-10-06 18:55:31
1100,7629641159712555015,7629641159712555015,25,印尼,139,8,,55,6月22日,2026-10-06,2026-10-06 19:42:48,,,,2026-10-06 18:55:31,2026-10-06 18:55:31
1101,7612590223201009682,7612590223201009682,,巴西,147,-3,,,6月22日,2026-10-06,2026-10-06 18:55:31,,29,,2026-10-06 18:55:31,2026-10-06 18:55:31
1102,7618804095431966721,7618804095431966721,41,巴西,143,-3,,,6月22日,2026-10-06,2026-10-06 18:55:31,,30,,2026-10-06 18:55:31,2026-10-06 18:55:31
1103,7626320454806192148,7626320454806192148,,巴西,147,-3,,,6月22日,2026-10-06,2026-10-06 18:55:31,,29,,2026-10-06 18:55:31,2026-10-06 18:55:31
1104,7634439721929834504,7634439721929834504,,巴西,143,-3,,,6月22日,2026-10-06,2026-10-06 18:55:31,,29,,2026-10-06 18:55:31,2026-10-06 18:55:31
1105,7634439497656483848,7634439497656483848,,巴西,143,-3,,,6月22日,2026-10-06,2026-10-06 18:55:31,,29,,2026-10-06 18:55:31,2026-10-06 18:55:31
1106,7633334144575143956,7633334144575143956,,巴西,143,-3,,,6月22日,2026-10-06,2026-10-06 18:55:31,,29,,2026-10-06 18:55:31,2026-10-06 18:55:31
1107,7633333926765199380,7633333926765199380,,巴西,143,-3,,,6月22日,2026-10-06,2026-10-06 18:55:31,,29,,2026-10-06 18:55:31,2026-10-06 18:55:31
1108,7626321517691961364,7626321517691961364,,巴西,147,-3,,,6月22日,2026-10-06,2026-10-06 18:55:31,,29,,2026-10-06 18:55:31,2026-10-06 18:55:31
1109,7637463759889219602,7637463759889219602,,巴西,147,-3,,,6月22日,2026-10-06,2026-10-06 18:55:31,,29,,2026-10-06 18:55:31,2026-10-06 18:55:31
1110,7637464031435161608,7637464031435161608,,巴西,147,-3,,,6月22日,2026-10-06,2026-10-06 18:55:31,,29,,2026-10-06 18:55:31,2026-10-06 18:55:31
1111,7654428725370978322,7654428725370978322,5,巴铁,140,5,,97,6月23日,2026-10-06,2026-10-06 19:42:48,,23,,2026-10-06 18:55:31,2026-10-06 18:55:31
1112,7654429527474552850,7654429527474552850,7,巴铁,140,5,,,6月23日,2026-10-06,2026-10-06 18:55:31,,28,,2026-10-06 18:55:31,2026-10-06 18:55:31
1113,7654427375179776007,7654427375179776007,7,巴铁,140,5,,,6月23日,2026-10-06,2026-10-06 18:55:31,,28,,2026-10-06 18:55:31,2026-10-06 18:55:31
1114,7654146877832364050,7654146877832364050,27,巴铁,140,5,,,6月23日,2026-10-06,2026-10-06 18:55:31,,31,,2026-10-06 18:55:31,2026-10-06 18:55:31
1115,7654147258446839816,7654147258446839816,17,巴铁,140,5,,57,6月23日,2026-10-06,2026-10-06 19:42:48,,25,,2026-10-06 18:55:31,2026-10-06 18:55:31
1116,7654427375179579399,7654427375179579399,,巴西,140,-3,,98,6月23日,2026-10-06,2026-10-06 19:42:48,巴西-测应用,29,,2026-10-06 18:55:31,2026-10-06 18:55:31
1117,7654427194514276370,7654427194514276370,,巴西,140,-3,,97,6月23日,2026-10-06,2026-10-06 19:42:48,巴西-测应用,29,,2026-10-06 18:55:31,2026-10-06 18:55:31
1118,7654427467838423058,7654427467838423058,,巴西,140,-3,,98,6月23日,,2026-10-06 18:55:31,巴西-测应用,29,,2026-10-06 18:55:31,2026-10-06 18:55:31
1119,7654427251257507848,7654427251257507848,,巴西,140,-3,,98,6月23日,2026-10-06,2026-10-06 19:42:48,巴西-测应用,29,,2026-10-06 18:55:31,2026-10-06 18:55:31
1120,7654427245997522951,7654427245997522951,,巴西,140,-3,,98,6月23日,2026-10-06,2026-10-06 19:42:48,巴西-测应用,29,,2026-10-06 18:55:31,2026-10-06 18:55:31
1121,7654427282030755858,7654427282030755858,,巴西,140,-3,,99,6月23日,2026-10-06,2026-10-06 19:42:48,测户成效素材是否能过审-巴西-应用-全版,29,,2026-10-06 18:55:31,2026-10-06 18:55:31
1122,7654427268651286536,7654427268651286536,,巴西,140,-3,,99,6月23日,2026-10-06,2026-10-06 19:42:48,测户成效素材是否能过审-巴西-应用-全版,29,,2026-10-06 18:55:31,2026-10-06 18:55:31
1123,7654427296698433543,7654427296698433543,,巴西,140,-3,,99,6月23日,,2026-10-06 18:55:31,测户成效素材是否能过审-巴西-应用-全版,29,,2026-10-06 18:55:31,2026-10-06 18:55:31
1124,7654427116834045960,7654427116834045960,,巴西,140,-3,,99,6月23日,2026-10-06,2026-10-06 19:42:48,测户成效素材是否能过审-巴西-应用-全版,29,,2026-10-06 18:55:31,2026-10-06 18:55:31
1125,7654427102680367111,7654427102680367111,,巴西,140,-3,,99,6月23日,2026-10-06,2026-10-06 19:42:48,测户成效素材是否能过审-巴西-应用-全版,29,,2026-10-06 18:55:31,2026-10-06 18:55:31
1126,7654428806464978962,7654428806464978962,,巴西,140,-3,,99,6月23日,2026-10-06,2026-10-06 19:42:48,测户成效素材是否能过审-巴西-应用-全版,29,,2026-10-06 18:55:31,2026-10-06 18:55:31
1127,7654428919709548562,7654428919709548562,,巴西,140,-3,,99,6月23日,2026-10-06,2026-10-06 19:42:48,测户成效素材是否能过审-巴西-应用-全版,29,,2026-10-06 18:55:31,2026-10-06 18:55:31
1128,7654427338122018824,7654427338122018824,,巴西,140,-3,,99,6月23日,2026-10-06,2026-10-06 19:42:48,测户成效素材是否能过审-巴西-应用-全版,29,,2026-10-06 18:55:31,2026-10-06 18:55:31
1129,7654429012819034120,7654429012819034120,,巴西,140,-3,,99,6月23日,2026-10-06,2026-10-06 19:42:48,测户成效素材是否能过审-巴西-应用-全版,29,,2026-10-06 18:55:31,2026-10-06 18:55:31
1130,7654428457078112274,7654428457078112274,,巴西,140,-3,,99,6月23日,2026-10-06,2026-10-06 19:42:48,测户成效素材是否能过审-巴西-应用-全版,29,,2026-10-06 18:55:31,2026-10-06 18:55:31
1131,7654427647505694727,7654427647505694727,,巴西,140,-3,,99,6月23日,2026-10-06,2026-10-06 19:42:48,测户成效素材是否能过审-巴西-应用-全版,29,,2026-10-06 18:55:31,2026-10-06 18:55:31
1132,7654428863788515336,7654428863788515336,,巴西,140,-3,,97,6月23日,2026-10-06,2026-10-06 19:42:48,测户成效素材是否能过审-巴西-应用-全版,29,,2026-10-06 18:55:31,2026-10-06 18:55:31
1133,7654429018938327048,7654429018938327048,,巴西,140,-3,,99,6月23日,2026-10-06,2026-10-06 19:42:48,测户成效素材是否能过审-巴西-应用-全版,29,,2026-10-06 18:55:31,2026-10-06 18:55:31
1134,7654428917847277575,7654428917847277575,,巴西,140,-3,,99,6月23日,,2026-10-06 18:55:31,测户成效素材是否能过审-巴西-应用-全版,29,,2026-10-06 18:55:31,2026-10-06 18:55:31
1135,7654427735934173192,7654427735934173192,41,巴西,140,-3,,99,6月23日,2026-10-06,2026-10-06 19:42:48,测户成效素材是否能过审-巴西-应用-全版,30,,2026-10-06 18:55:31,2026-10-06 18:55:31
1136,7654427375628402706,7654427375628402706,41,巴西,140,-3,,99,6月23日,2026-10-06,2026-10-06 19:42:48,测户成效素材是否能过审-巴西-应用-全版,30,,2026-10-06 18:55:31,2026-10-06 18:55:31
1137,7654429039756902418,7654429039756902418,41,巴西,140,-3,,97,6月23日,2026-10-06,2026-10-06 19:42:48,测户成效素材是否能过审-巴西-应用-全版,30,,2026-10-06 18:55:31,2026-10-06 18:55:31
1138,7654429222882394119,7654429222882394119,41,巴西,140,-3,,97,6月23日,2026-10-06,2026-10-06 19:42:48,测户成效素材是否能过审-巴西-应用-全版,30,,2026-10-06 18:55:31,2026-10-06 18:55:31
1139,7654428788608548871,7654428788608548871,24,巴西,140,-3,,,6月23日,2026-10-06,2026-10-06 18:55:31,,31,,2026-10-06 18:55:31,2026-10-06 18:55:31
1140,7654427401774071826,7654427401774071826,24,巴西,140,-3,,,6月23日,2026-10-06,2026-10-06 18:55:31,,31,,2026-10-06 18:55:31,2026-10-06 18:55:31
1141,7654429183749144584,7654429183749144584,24,巴西,140,-3,,,6月23日,2026-10-06,2026-10-06 18:55:31,,31,,2026-10-06 18:55:31,2026-10-06 18:55:31
1142,7633691920899866645,7633691920899866645,,巴西,143,-3,,98,6月23日,2026-10-06,2026-10-06 19:42:48,巴西-测应用,29,,2026-10-06 18:55:31,2026-10-06 18:55:31
1143,7633691856529784852,7633691856529784852,,巴西,143,-3,,97,6月23日,2026-10-06,2026-10-06 19:42:48,巴西-测应用,29,,2026-10-06 18:55:31,2026-10-06 18:55:31
1144,7633691825039179796,7633691825039179796,,巴西,143,-3,,98,6月23日,2026-10-06,2026-10-06 19:42:48,巴西-测应用,29,,2026-10-06 18:55:31,2026-10-06 18:55:31
1145,7633691888798269460,7633691888798269460,,巴西,143,-3,,98,6月23日,2026-10-06,2026-10-06 19:42:48,巴西-测应用,29,,2026-10-06 18:55:31,2026-10-06 18:55:31
1146,7633691890067603477,7633691890067603477,,巴西,143,-3,,97,6月23日,2026-10-06,2026-10-06 19:42:48,巴西-测应用,29,,2026-10-06 18:55:31,2026-10-06 18:55:31
1147,7654507198143578119,7654507198143578119,5,巴铁,140,5,,,6月24日,2026-10-06,2026-10-06 18:55:31,,23,,2026-10-06 18:55:31,2026-10-06 18:55:31
1148,7654506998888906759,7654506998888906759,5,巴铁,140,5,,,6月24日,2026-10-06,2026-10-06 18:55:31,,23,,2026-10-06 18:55:31,2026-10-06 18:55:31
1149,7654507172226711559,7654507172226711559,5,巴铁,140,5,,,6月24日,2026-10-06,2026-10-06 18:55:31,,23,,2026-10-06 18:55:31,2026-10-06 18:55:31
1150,7654835790035533842,7654835790035533842,2,印尼,140,7,,97,6月24日,2026-10-06,2026-10-06 19:42:48,印尼-测应用,29,,2026-10-06 18:55:31,2026-10-06 18:55:31
1151,7654836028888449031,7654836028888449031,2,印尼,140,7,,99,6月24日,2026-10-06,2026-10-06 19:42:48,印尼-测应用,29,,2026-10-06 18:55:31,2026-10-06 18:55:31
1152,7654835897256017928,7654835897256017928,2,印尼,140,7,,99,6月24日,2026-10-06,2026-10-06 19:42:48,印尼-测应用,29,,2026-10-06 18:55:31,2026-10-06 18:55:31
1153,7654834752524107794,7654834752524107794,2,印尼,140,7,,97,6月24日,2026-10-06,2026-10-06 19:42:48,印尼-测应用,29,,2026-10-06 18:55:31,2026-10-06 18:55:31
1154,7654835764601290759,7654835764601290759,42,印尼,140,7,,54,6月24日,2026-10-06,2026-10-06 19:42:48,,30,,2026-10-06 18:55:31,2026-10-06 18:55:31
1155,7654836098087878663,7654836098087878663,42,印尼,140,7,,54,6月24日,2026-10-06,2026-10-06 19:42:48,,30,,2026-10-06 18:55:31,2026-10-06 18:55:31
1156,7654506934627188743,7654506934627188743,42,印尼,140,7,,81,6月24日,2026-10-06,2026-10-06 19:42:48,,30,,2026-10-06 18:55:31,2026-10-06 18:55:31
1157,7654506937553092616,7654506937553092616,7,印尼,140,7,,,6月24日,2026-10-06,2026-10-06 18:55:31,,28,,2026-10-06 18:55:31,2026-10-06 18:55:31
1158,7654836139836096530,7654836139836096530,40,菲律宾,140,8,,99,6月24日,2026-10-06,2026-10-06 19:42:48,测户成效素材是否能过审-巴西-应用-全版,30,,2026-10-06 18:55:31,2026-10-06 18:55:31
1159,7654835652726636562,7654835652726636562,40,菲律宾,140,8,,99,6月24日,2026-10-06,2026-10-06 19:42:48,测户成效素材是否能过审-巴西-应用-全版,30,,2026-10-06 18:55:31,2026-10-06 18:55:31
1160,7654836028536012818,7654836028536012818,40,菲律宾,140,8,,99,6月24日,2026-10-06,2026-10-06 19:42:48,测户成效素材是否能过审-巴西-应用-全版,30,,2026-10-06 18:55:31,2026-10-06 18:55:31
1161,7654835627950669842,7654835627950669842,5,菲律宾,140,8,,,6月24日,2026-10-06,2026-10-06 18:55:31,,23,,2026-10-06 18:55:31,2026-10-06 18:55:31
1162,7654835632992583687,7654835632992583687,16,菲律宾,140,8,,97,6月24日,2026-10-06,2026-10-06 19:42:48,菲律宾-销量-单tiktok,25,,2026-10-06 18:55:31,2026-10-06 18:55:31
1163,7626580524048760839,7626580524048760839,42,印尼,139,7,,,6月25日,2026-10-06,2026-10-06 18:55:31,,30,,2026-10-06 18:55:31,2026-10-06 18:55:31
1164,7626579104673841170,7626579104673841170,2,印尼,139,7,,,6月25日,2026-10-06,2026-10-06 18:55:31,,29,,2026-10-06 18:55:31,2026-10-06 18:55:31
1165,7655278067190956052,7655278067190956052,42,印尼,,7,,54,6月26日,2026-10-06,2026-10-06 19:42:48,,30,,2026-10-06 18:55:31,2026-10-06 18:55:31
1166,7655278156529565717,7655278156529565717,42,印尼,,7,,54,6月26日,2026-10-06,2026-10-06 19:42:48,,30,,2026-10-06 18:55:31,2026-10-06 18:55:31
1167,7655278036247216149,7655278036247216149,42,印尼,,7,,54,6月26日,2026-10-06,2026-10-06 19:42:48,,30,,2026-10-06 18:55:31,2026-10-06 18:55:31
1168,7655278057000861717,7655278057000861717,42,印尼,,7,,54,6月26日,2026-10-06,2026-10-06 19:42:48,,30,,2026-10-06 18:55:31,2026-10-06 18:55:31
1169,7655278057000796181,7655278057000796181,42,印尼,,7,,54,6月26日,2026-10-06,2026-10-06 19:42:48,,30,,2026-10-06 18:55:31,2026-10-06 18:55:31
1170,7655276762208731156,7655276762208731156,2,印尼,,7,,,6月26日,2026-10-06,2026-10-06 18:55:31,,29,,2026-10-06 18:55:31,2026-10-06 18:55:31
1171,7655277023253987349,7655277023253987349,2,印尼,,7,,,6月26日,2026-10-06,2026-10-06 18:55:31,,29,,2026-10-06 18:55:31,2026-10-06 18:55:31
1172,7655277023253921813,7655277023253921813,2,印尼,,7,,,6月26日,2026-10-06,2026-10-06 18:55:31,,29,,2026-10-06 18:55:31,2026-10-06 18:55:31
1173,7655276165023924244,7655276165023924244,2,印尼,,7,,,6月26日,2026-10-06,2026-10-06 18:55:31,,29,,2026-10-06 18:55:31,2026-10-06 18:55:31
1174,7655276186330988564,7655276186330988564,2,印尼,,7,,,6月26日,2026-10-06,2026-10-06 18:55:31,,29,,2026-10-06 18:55:31,2026-10-06 18:55:31
1175,7655277022582767636,7655277022582767636,7,印尼,,7,,,6月26日,2026-10-06,2026-10-06 18:55:31,,28,,2026-10-06 18:55:31,2026-10-06 18:55:31
1176,7655276076809289748,7655276076809289748,7,印尼,,7,,,6月26日,2026-10-06,2026-10-06 18:55:31,,28,,2026-10-06 18:55:31,2026-10-06 18:55:31
1177,7655276189927129108,7655276189927129108,7,印尼,,7,,,6月26日,2026-10-06,2026-10-06 18:55:31,,28,,2026-10-06 18:55:31,2026-10-06 18:55:31
1178,7655276689089708053,7655276689089708053,7,印尼,,7,,,6月26日,2026-10-06,2026-10-06 18:55:31,,28,,2026-10-06 18:55:31,2026-10-06 18:55:31
1179,7655276898998026260,7655276898998026260,7,印尼,,7,,,6月26日,2026-10-06,2026-10-06 18:55:31,,28,,2026-10-06 18:55:31,2026-10-06 18:55:31
1180,7616180034160033810,7616180034160033810,40,菲律宾,139,8,,,6月26日,2026-10-06,2026-10-06 18:55:31,,30,,2026-10-06 18:55:31,2026-10-06 18:55:31
1181,7616179922026954760,7616179922026954760,5,菲律宾,139,8,,,6月26日,2026-10-06,2026-10-06 18:55:31,,23,,2026-10-06 18:55:31,2026-10-06 18:55:31
1182,7616180014739947538,7616180014739947538,7,菲律宾,139,8,,,6月26日,2026-10-06,2026-10-06 18:55:31,,28,,2026-10-06 18:55:31,2026-10-06 18:55:31
1183,7647087883588943892,7647087883588943892,2,菲律宾,139,8,,,6月26日,2026-10-06,2026-10-06 18:55:31,,,,2026-10-06 18:55:31,2026-10-06 18:55:31
1184,7647088485546999829,7647088485546999829,2,菲律宾,139,8,,,6月26日,2026-10-06,2026-10-06 18:55:31,,,,2026-10-06 18:55:31,2026-10-06 18:55:31
1185,7647088340134690836,7647088340134690836,2,菲律宾,139,8,,,6月26日,2026-10-06,2026-10-06 18:55:31,,29,,2026-10-06 18:55:31,2026-10-06 18:55:31
1186,7647006743855136788,7647006743855136788,2,菲律宾,139,8,,,6月26日,2026-10-06,2026-10-06 18:55:31,,29,,2026-10-06 18:55:31,2026-10-06 18:55:31
1187,7647005979544256532,7647005979544256532,2,菲律宾,139,8,,,6月26日,2026-10-06,2026-10-06 18:55:31,,29,,2026-10-06 18:55:31,2026-10-06 18:55:31
1188,7638837526018572296,7638837526018572296,3,菲律宾,139,8,,,6月26日,2026-10-06,2026-10-06 18:55:31,,23,,2026-10-06 18:55:31,2026-10-06 18:55:31
1189,7644848847109259272,7644848847109259272,,巴西,139,-3,,,6月26日,2026-10-06,2026-10-06 18:55:31,,29,,2026-10-06 18:55:31,2026-10-06 18:55:31
1190,7644848383949045768,7644848383949045768,,巴西,139,-3,,,6月26日,2026-10-06,2026-10-06 18:55:31,,29,,2026-10-06 18:55:31,2026-10-06 18:55:31
1191,7644848784010362887,7644848784010362887,,巴西,139,-3,,,6月26日,2026-10-06,2026-10-06 18:55:31,,29,,2026-10-06 18:55:31,2026-10-06 18:55:31
1192,7644848445207052295,7644848445207052295,,巴西,139,-3,,,6月26日,2026-10-06,2026-10-06 18:55:31,,29,,2026-10-06 18:55:31,2026-10-06 18:55:31
1193,7644847916592218119,7644847916592218119,,巴西,139,-3,,,6月26日,2026-10-06,2026-10-06 18:55:31,,29,,2026-10-06 18:55:31,2026-10-06 18:55:31
1194,7654836323529916424,7654836323529916424,7,菲律宾,140,8,,122,6月26日,2026-10-06,2026-10-06 19:42:48,,28,,2026-10-06 18:55:31,2026-10-06 19:42:48
1195,7654836856030363656,7654836856030363656,7,菲律宾,140,8,,122,6月26日,2026-10-06,2026-10-06 19:42:48,,28,,2026-10-06 18:55:31,2026-10-06 19:42:48
1196,7654836482529525767,7654836482529525767,7,菲律宾,140,8,,122,6月26日,2026-10-06,2026-10-06 19:42:48,,28,,2026-10-06 18:55:31,2026-10-06 19:42:48
1197,7613657632355942416,7613657632355942416,7,菲律宾,139,8,,,6月26日,2026-10-06,2026-10-06 18:55:31,,28,,2026-10-06 18:55:31,2026-10-06 18:55:31
1198,7638977133326598151,7638977133326598151,3,菲律宾,139,8,,,6月26日,2026-10-06,2026-10-06 18:55:31,,23,,2026-10-06 18:55:31,2026-10-06 18:55:31
1199,7644849390347304968,7644849390347304968,,巴西,139,-3,,,6月26日,2026-10-06,2026-10-06 18:55:31,,29,,2026-10-06 18:55:31,2026-10-06 18:55:31
1200,7644849973997256722,7644849973997256722,,巴西,139,-3,,,6月26日,2026-10-06,2026-10-06 18:55:31,,29,,2026-10-06 18:55:31,2026-10-06 18:55:31
1201,7644849472723779602,7644849472723779602,,巴西,139,-3,,,6月26日,2026-10-06,2026-10-06 18:55:31,,29,,2026-10-06 18:55:31,2026-10-06 18:55:31
1202,7605126461648961544,7605126461648961544,,巴西,139,-3,,,6月26日,2026-10-06,2026-10-06 18:55:31,,29,,2026-10-06 18:55:31,2026-10-06 18:55:31
1203,7605899974873989121,7605899974873989121,,巴西,139,-3,,,6月26日,2026-10-06,2026-10-06 18:55:31,,29,,2026-10-06 18:55:31,2026-10-06 18:55:31
1204,7620800063878660097,7620800063878660097,2,印尼,139,7,,,6月26日,2026-10-06,2026-10-06 18:55:31,,,,2026-10-06 18:55:31,2026-10-06 18:55:31
1205,7621134220479528967,7621134220479528967,2,印尼,139,7,,,6月26日,2026-10-06,2026-10-06 18:55:31,,29,,2026-10-06 18:55:31,2026-10-06 18:55:31
1206,7621544282118914055,7621544282118914055,2,印尼,139,7,,,6月26日,2026-10-06,2026-10-06 18:55:31,,,,2026-10-06 18:55:31,2026-10-06 18:55:31
1207,7626704481530724359,7626704481530724359,2,印尼,139,7,,,6月26日,2026-10-06,2026-10-06 18:55:31,,29,,2026-10-06 18:55:31,2026-10-06 18:55:31
1208,7626704894061330439,7626704894061330439,42,印尼,139,7,,55,6月26日,2026-10-06,2026-10-06 19:42:48,,,,2026-10-06 18:55:31,2026-10-06 18:55:31
1209,7629641269239758866,7629641269239758866,42,印尼,139,7,,,6月26日,2026-10-06,2026-10-06 18:55:31,,30,,2026-10-06 18:55:31,2026-10-06 18:55:31
1210,7640018241588412423,7640018241588412423,40,菲律宾,139,8,,,6月26日,2026-10-06,2026-10-06 18:55:31,,30,,2026-10-06 18:55:31,2026-10-06 18:55:31
1211,7640018872967659527,7640018872967659527,40,菲律宾,139,8,,,6月26日,2026-10-06,2026-10-06 18:55:31,,30,,2026-10-06 18:55:31,2026-10-06 18:55:31
1212,7640018614594158600,7640018614594158600,40,菲律宾,139,8,,,6月26日,2026-10-06,2026-10-06 18:55:31,,30,,2026-10-06 18:55:31,2026-10-06 18:55:31
1213,7624449338642808833,7624449338642808833,7,菲律宾,147,8,,,6月26日,2026-10-06,2026-10-06 18:55:31,,28,,2026-10-06 18:55:31,2026-10-06 18:55:31
1214,7655589919099846674,7655589919099846674,17,巴铁,140,5,,54,6月26日,2026-10-06,2026-10-06 19:42:48,,25,,2026-10-06 18:55:31,2026-10-06 18:55:31
1215,7641172803370205202,7641172803370205202,28,菲律宾,139,8,,,6月28日,2026-10-06,2026-10-06 18:55:31,,31,,2026-10-06 18:55:31,2026-10-06 18:55:31
1216,7641172992564412423,7641172992564412423,28,菲律宾,139,8,,,6月28日,2026-10-06,2026-10-06 18:55:31,,31,,2026-10-06 18:55:31,2026-10-06 18:55:31
1217,7629626447690661896,7629626447690661896,28,菲律宾,143,8,,,6月29日,2026-10-06,2026-10-06 18:55:31,,31,,2026-10-06 18:55:31,2026-10-06 18:55:31
1218,7629606364200976402,7629606364200976402,28,菲律宾,143,8,,,6月29日,2026-10-06,2026-10-06 18:55:31,,31,,2026-10-06 18:55:31,2026-10-06 18:55:31
1219,7638921479720828946,7638921479720828946,29,巴西,139,-3,,,6月29日,2026-10-06,2026-10-06 18:55:31,,31,,2026-10-06 18:55:31,2026-10-06 18:55:31
1220,7638921363748749319,7638921363748749319,29,巴西,139,-3,,,6月29日,2026-10-06,2026-10-06 18:55:31,,31,,2026-10-06 18:55:31,2026-10-06 18:55:31
1221,7638921238924247048,7638921238924247048,,巴西,139,-3,,,6月29日,2026-10-06,2026-10-06 18:55:31,,29,,2026-10-06 18:55:31,2026-10-06 18:55:31
1222,7638921356519866386,7638921356519866386,,巴西,139,-3,,,6月29日,2026-10-06,2026-10-06 18:55:31,,29,,2026-10-06 18:55:31,2026-10-06 18:55:31
1223,7638921351000129544,7638921351000129544,,巴西,139,-3,,,6月29日,2026-10-06,2026-10-06 18:55:31,,29,,2026-10-06 18:55:31,2026-10-06 18:55:31
1224,7638921052306931730,7638921052306931730,,巴西,139,-3,,,6月29日,2026-10-06,2026-10-06 18:55:31,,29,,2026-10-06 18:55:31,2026-10-06 18:55:31
1225,7638921238924181512,7638921238924181512,,巴西,139,-3,,,6月29日,2026-10-06,2026-10-06 18:55:31,,29,,2026-10-06 18:55:31,2026-10-06 18:55:31
1226,7628527971051503634,7628527971051503634,31,印尼,143,7,,,6月29日,2026-10-06,2026-10-06 18:55:31,,31,,2026-10-06 18:55:31,2026-10-06 18:55:31
1227,7641169204762345480,7641169204762345480,10,印尼,139,8,,54,6月29日,2026-10-06,2026-10-06 19:42:48,,25,,2026-10-06 18:55:31,2026-10-06 18:55:31
1228,7641169557999747090,7641169557999747090,2,印尼,139,8,,,6月29日,2026-10-06,2026-10-06 18:55:31,,29,,2026-10-06 18:55:31,2026-10-06 18:55:31
1229,7644849785987432455,7644849785987432455,,巴西,139,-3,,,6月29日,2026-10-06,2026-10-06 18:55:31,,29,,2026-10-06 18:55:31,2026-10-06 18:55:31
1230,7644849742322565138,7644849742322565138,,巴西,139,-3,,,6月29日,2026-10-06,2026-10-06 18:55:31,,29,,2026-10-06 18:55:31,2026-10-06 18:55:31
1231,7656734331875934216,7656734331875934216,7,印尼,140,7,,,6月30日,2026-10-06,2026-10-06 18:55:31,,28,,2026-10-06 18:55:31,2026-10-06 18:55:31
1232,7656734028908855314,7656734028908855314,,印尼,140,7,,,6月30日,2026-10-06,2026-10-06 18:55:31,,,,2026-10-06 18:55:31,2026-10-06 18:55:31
1233,7656734219296866322,7656734219296866322,,印尼,140,7,,,6月30日,2026-10-06,2026-10-06 18:55:31,,,,2026-10-06 18:55:31,2026-10-06 18:55:31
1234,7656734218395435026,7656734218395435026,,印尼,140,7,,,6月30日,2026-10-06,2026-10-06 18:55:31,,,,2026-10-06 18:55:31,2026-10-06 18:55:31
1235,7656734176317571080,7656734176317571080,7,印尼,140,7,,,6月30日,2026-10-06,2026-10-06 18:55:31,,28,,2026-10-06 18:55:31,2026-10-06 18:55:31
1236,7656733807080964104,7656733807080964104,7,印尼,140,7,,,6月30日,2026-10-06,2026-10-06 18:55:31,,28,,2026-10-06 18:55:31,2026-10-06 18:55:31
1237,7656734321075830802,7656734321075830802,7,印尼,140,7,,,6月30日,2026-10-06,2026-10-06 18:55:31,,28,,2026-10-06 18:55:31,2026-10-06 18:55:31
1238,7656733917845504008,7656733917845504008,7,印尼,140,7,,,6月30日,2026-10-06,2026-10-06 18:55:31,,28,,2026-10-06 18:55:31,2026-10-06 18:55:31
1239,7656734219812667399,7656734219812667399,,印尼,140,7,,,6月30日,2026-10-06,2026-10-06 18:55:31,,,,2026-10-06 18:55:31,2026-10-06 18:55:31
1240,7656734201137070098,7656734201137070098,,印尼,140,7,,,6月30日,2026-10-06,2026-10-06 18:55:31,,,,2026-10-06 18:55:31,2026-10-06 18:55:31
1241,7657074069451407368,7657074069451407368,2,菲律宾,140,8,,,6月30日,2026-10-06,2026-10-06 18:55:31,,29,,2026-10-06 18:55:31,2026-10-06 18:55:31
1242,7656712994089172999,7656712994089172999,2,菲律宾,140,8,,,6月30日,2026-10-06,2026-10-06 18:55:31,,29,,2026-10-06 18:55:31,2026-10-06 18:55:31
1243,7656734571191123975,7656734571191123975,2,菲律宾,140,8,,,6月30日,,2026-10-06 18:55:31,,29,,2026-10-06 18:55:31,2026-10-06 18:55:31
1244,7656734506606460935,7656734506606460935,2,菲律宾,140,8,,,6月30日,2026-10-06,2026-10-06 18:55:31,,29,,2026-10-06 18:55:31,2026-10-06 18:55:31
1245,7656712435805569031,7656712435805569031,2,菲律宾,140,8,,,6月30日,2026-10-06,2026-10-06 18:55:31,,29,,2026-10-06 18:55:31,2026-10-06 18:55:31
1246,7656734451432177672,7656734451432177672,7,泰国,140,8,,,6月30日,2026-10-06,2026-10-06 18:55:31,,28,,2026-10-06 18:55:31,2026-10-06 18:55:31
1247,7624483746091171848,7624483746091171848,28,菲律宾,143,8,,,6月30日,2026-10-06,2026-10-06 18:55:31,,31,,2026-10-06 18:55:31,2026-10-06 18:55:31
1248,7626722604799459336,7626722604799459336,17,泰国,143,7,,57,6月30日,2026-10-06,2026-10-06 19:42:48,,25,,2026-10-06 18:55:31,2026-10-06 18:55:31
1249,7621392623781249041,7621392623781249041,7,印尼,154,8,,,6月30日,2026-10-06,2026-10-06 18:55:31,,28,,2026-10-06 18:55:31,2026-10-06 18:55:31
1250,7621484312797560848,7621484312797560848,7,印尼,154,8,,,6月30日,2026-10-06,2026-10-06 18:55:31,,28,,2026-10-06 18:55:31,2026-10-06 18:55:31
1251,7624449394590433281,7624449394590433281,2,印尼,154,8,,,6月30日,2026-10-06,2026-10-06 18:55:31,,29,,2026-10-06 18:55:31,2026-10-06 18:55:31
1252,7624449113119162369,7624449113119162369,2,印尼,154,8,,,6月30日,2026-10-06,2026-10-06 18:55:31,,29,,2026-10-06 18:55:31,2026-10-06 18:55:31
1253,7624449183000395777,7624449183000395777,2,印尼,154,8,,,6月30日,2026-10-06,2026-10-06 18:55:31,,29,,2026-10-06 18:55:31,2026-10-06 18:55:31
1254,7616290618747748353,7616290618747748353,10,印尼,154,8,,57,6月30日,2026-10-06,2026-10-06 19:42:48,,25,,2026-10-06 18:55:31,2026-10-06 18:55:31
1255,7616296366599356432,7616296366599356432,17,泰国,154,8,,57,6月30日,2026-10-06,2026-10-06 19:42:48,,25,,2026-10-06 18:55:31,2026-10-06 18:55:31
1256,7620663262524325905,7620663262524325905,1,泰国,154,8,,,6月30日,2026-10-06,2026-10-06 18:55:31,,23,,2026-10-06 18:55:31,2026-10-06 18:55:31
1257,7624448159531434001,7624448159531434001,1,印尼,154,8,,,6月30日,2026-10-06,2026-10-06 18:55:31,,23,,2026-10-06 18:55:31,2026-10-06 18:55:31
1258,7623315054683144193,7623315054683144193,7,印尼,143,7,,,7月1日,2026-10-06,2026-10-06 18:55:31,,28,,2026-10-06 18:55:31,2026-10-06 18:55:31
1259,7631106293150957586,7631106293150957586,17,巴西,143,-3,,57,7月1日,2026-10-06,2026-10-06 19:42:48,,25,,2026-10-06 18:55:31,2026-10-06 18:55:31
1260,7631106472462024711,7631106472462024711,,巴西,143,-3,,,7月1日,2026-10-06,2026-10-06 18:55:31,,29,,2026-10-06 18:55:31,2026-10-06 18:55:31
1261,7631107592265400338,7631107592265400338,6,巴西,143,-3,,,7月1日,2026-10-06,2026-10-06 18:55:31,,28,,2026-10-06 18:55:31,2026-10-06 18:55:31
1262,7630759680939655176,7630759680939655176,41,巴西,143,-3,,,7月1日,2026-10-06,2026-10-06 18:55:31,,30,,2026-10-06 18:55:31,2026-10-06 18:55:31
1263,7630760978335531015,7630760978335531015,6,巴西,143,-3,,,7月1日,2026-10-06,2026-10-06 18:55:31,,28,,2026-10-06 18:55:31,2026-10-06 18:55:31
1264,7629607329763328008,7629607329763328008,2,菲律宾,143,8,,,7月1日,2026-10-06,2026-10-06 18:55:31,,29,,2026-10-06 18:55:31,2026-10-06 18:55:31
1265,7615232502982115345,7615232502982115345,10,印尼,147,7,,57,7月1日,2026-10-06,2026-10-06 19:42:48,,25,,2026-10-06 18:55:31,2026-10-06 18:55:31
1266,7615295671083548679,7615295671083548679,2,印尼,147,7,,,7月1日,2026-10-06,2026-10-06 18:55:31,,29,,2026-10-06 18:55:31,2026-10-06 18:55:31
1267,7629287959610687496,7629287959610687496,42,印尼,147,8,,,7月2日,2026-10-06,2026-10-06 18:55:31,,30,,2026-10-06 18:55:31,2026-10-06 18:55:31
1268,7646359919230763016,7646359919230763016,2,菲律宾,139,8,,,7月3日,2026-10-06,2026-10-06 18:55:31,,29,,2026-10-06 18:55:31,2026-10-06 18:55:31
1269,7646359632969056274,7646359632969056274,2,菲律宾,139,8,,,7月3日,2026-10-06,2026-10-06 18:55:31,,29,,2026-10-06 18:55:31,2026-10-06 18:55:31
1270,7646359746957639698,7646359746957639698,2,菲律宾,139,8,,,7月3日,2026-10-06,2026-10-06 18:55:31,,29,,2026-10-06 18:55:31,2026-10-06 18:55:31
1271,7646359581934469138,7646359581934469138,7,菲律宾,139,8,,,7月3日,2026-10-06,2026-10-06 18:55:31,,28,,2026-10-06 18:55:31,2026-10-06 18:55:31
1272,7646359292870066184,7646359292870066184,7,菲律宾,139,8,,,7月3日,2026-10-06,2026-10-06 18:55:31,,28,,2026-10-06 18:55:31,2026-10-06 18:55:31
1273,7625902357611823122,7625902357611823122,7,印尼,143,7,,,7月4日,2026-10-06,2026-10-06 18:55:31,,28,,2026-10-06 18:55:31,2026-10-06 18:55:31
1274,7625902849088045063,7625902849088045063,2,印尼,143,7,,,7月4日,2026-10-06,2026-10-06 18:55:31,,29,,2026-10-06 18:55:31,2026-10-06 18:55:31
1275,7624426827213357063,7624426827213357063,10,印尼,143,7,,57,7月4日,2026-10-06,2026-10-06 19:42:48,哈哈哈哈哈哈哈哈哈,25,,2026-10-06 18:55:31,2026-10-06 18:55:31
1276,7612591077371150344,7612591077371150344,41,巴西,147,-3,,,7月4日,2026-10-06,2026-10-06 18:55:31,,30,,2026-10-06 18:55:31,2026-10-06 18:55:31
1277,7633682315228348436,7633682315228348436,,巴西,147,-3,,,7月4日,2026-10-06,2026-10-06 18:55:31,,29,,2026-10-06 18:55:31,2026-10-06 18:55:31
1278,7572370757624266768,7572370757624266768,2,菲律宾,147,8,,,7月4日,,2026-10-06 18:55:31,,29,,2026-10-06 18:55:31,2026-10-06 18:55:31
1279,7641112717142818823,7641112717142818823,,巴西,139,-3,,,7月4日,2026-10-06,2026-10-06 18:55:31,,29,,2026-10-06 18:55:31,2026-10-06 18:55:31
1280,7629846858558636052,7629846858558636052,,巴西,147,-3,,,7月4日,2026-10-06,2026-10-06 18:55:31,,29,,2026-10-06 18:55:31,2026-10-06 18:55:31
1281,7641529627556134930,7641529627556134930,10,印尼,140,7,,57,7月6日,2026-10-06,2026-10-06 19:42:48,,25,,2026-10-06 18:55:31,2026-10-06 18:55:31
1282,7646308027276132359,7646308027276132359,1,印尼,140,7,,,7月6日,2026-10-06,2026-10-06 18:55:31,,23,,2026-10-06 18:55:31,2026-10-06 18:55:31
1283,7646308704799178759,7646308704799178759,7,印尼,140,7,,,7月6日,2026-10-06,2026-10-06 18:55:31,,28,,2026-10-06 18:55:31,2026-10-06 18:55:31
1284,7646308933761974279,7646308933761974279,7,印尼,140,7,,,7月6日,2026-10-06,2026-10-06 18:55:31,,28,,2026-10-06 18:55:31,2026-10-06 18:55:31
1285,7646308346009845768,7646308346009845768,42,印尼,140,7,,,7月6日,2026-10-06,2026-10-06 18:55:31,,30,,2026-10-06 18:55:31,2026-10-06 18:55:31
1286,7646308981027241991,7646308981027241991,42,印尼,140,7,,,7月6日,2026-10-06,2026-10-06 18:55:31,,30,,2026-10-06 18:55:31,2026-10-06 18:55:31
1287,7646306879531548679,7646306879531548679,2,印尼,140,7,,,7月6日,2026-10-06,2026-10-06 18:55:31,,29,,2026-10-06 18:55:31,2026-10-06 18:55:31
1288,7646306742309240850,7646306742309240850,2,印尼,140,7,,,7月6日,2026-10-06,2026-10-06 18:55:31,,29,,2026-10-06 18:55:31,2026-10-06 18:55:31
1289,7646306601976266760,7646306601976266760,28,印尼,140,7,,,7月6日,2026-10-06,2026-10-06 18:55:31,,31,,2026-10-06 18:55:31,2026-10-06 18:55:31
1290,7646306753744732168,7646306753744732168,28,印尼,140,7,,,7月6日,2026-10-06,2026-10-06 18:55:31,,31,,2026-10-06 18:55:31,2026-10-06 18:55:31
1291,7623685053692018696,7623685053692018696,29,巴西,139,-3,,,7月6日,2026-10-06,2026-10-06 18:55:31,,31,,2026-10-06 18:55:31,2026-10-06 18:55:31
1292,7624093701987467272,7624093701987467272,,巴西,139,-3,,,7月6日,2026-10-06,2026-10-06 18:55:31,,29,,2026-10-06 18:55:31,2026-10-06 18:55:31
1293,7633355657286107143,7633355657286107143,,菲律宾,139,8,,,7月6日,2026-10-06,2026-10-06 18:55:31,,29,,2026-10-06 18:55:31,2026-10-06 18:55:31
1294,7638977030701957127,7638977030701957127,,菲律宾,139,8,,,7月6日,2026-10-06,2026-10-06 18:55:31,,29,,2026-10-06 18:55:31,2026-10-06 18:55:31
1295,7617687453968826386,7617687453968826386,18,菲律宾,147,8,,57,7月7日,2026-10-06,2026-10-06 19:42:48,,25,,2026-10-06 18:55:31,2026-10-06 18:55:31
1296,7649689397297889287,7649689397297889287,10,印尼,147,7,,100,7月7日,2026-10-06,2026-10-06 19:42:48,,25,,2026-10-06 18:55:31,2026-10-06 18:55:31
1297,7646766423808720916,7646766423808720916,7,印尼,155,7,,,7月7日,2026-10-06,2026-10-06 18:55:31,,28,,2026-10-06 18:55:31,2026-10-06 18:55:31
1298,7626205767200178194,7626205767200178194,17,巴西,139,-3,,101,7月7日,2026-10-06,2026-10-06 19:42:48,,25,,2026-10-06 18:55:31,2026-10-06 18:55:31
1299,7626205493828173842,7626205493828173842,41,巴西,139,-3,,,7月7日,2026-10-06,2026-10-06 18:55:31,,30,,2026-10-06 18:55:31,2026-10-06 18:55:31
1300,7639287483886043157,7639287483886043157,42,印尼,,7,,,7月7日,2026-10-06,2026-10-06 18:55:31,,30,,2026-10-06 18:55:31,2026-10-06 18:55:31
1301,7654438669423558676,7654438669423558676,2,印尼,147,7,,,7月7日,2026-10-06,2026-10-06 18:55:31,,29,,2026-10-06 18:55:31,2026-10-06 18:55:31
1302,7660119499412488210,7660119499412488210,10,印尼,,7,,102,7月8日,2026-10-06,2026-10-06 19:42:48,,25,,2026-10-06 18:55:31,2026-10-06 18:55:31
1303,7660123851396956168,7660123851396956168,42,印尼,,7,,,7月8日,2026-10-06,2026-10-06 18:55:31,,30,,2026-10-06 18:55:31,2026-10-06 18:55:31
1304,7644527733481193492,7644527733481193492,7,印尼,155,7,,,7月9日,2026-10-06,2026-10-06 18:55:31,,28,,2026-10-06 18:55:31,2026-10-06 18:55:31
1305,7659255749960351764,7659255749960351764,,巴西,139,-3,,,7月9日,2026-10-06,2026-10-06 18:55:31,,29,,2026-10-06 18:55:31,2026-10-06 18:55:31
1306,7659256120950865940,7659256120950865940,,巴西,139,-3,,,7月9日,2026-10-06,2026-10-06 18:55:31,,29,,2026-10-06 18:55:31,2026-10-06 18:55:31
1307,7659257051956183060,7659257051956183060,17,巴西,139,-3,,,7月9日,2026-10-06,2026-10-06 18:55:31,,25,,2026-10-06 18:55:31,2026-10-06 18:55:31
1308,7610346891074650113,7610346891074650113,9,菲律宾,147,8,,103,7月9日,2026-10-06,2026-10-06 19:42:48,,25,,2026-10-06 18:55:31,2026-10-06 18:55:31
1309,7604772958413963280,7604772958413963280,9,巴西,155,8,,103,7月9日,2026-10-06,2026-10-06 19:42:48,,25,,2026-10-06 18:55:31,2026-10-06 18:55:31
1310,7649690235361755154,7649690235361755154,1,印尼,147,8,,,7月9日,2026-10-06,2026-10-06 18:55:31,,23,,2026-10-06 18:55:31,2026-10-06 18:55:31
1311,7649690143561089031,7649690143561089031,1,印尼,147,8,,,7月9日,2026-10-06,2026-10-06 18:55:31,,23,,2026-10-06 18:55:31,2026-10-06 18:55:31
1312,7613744214513385488,7613744214513385488,1,印尼,155,8,,,7月9日,2026-10-06,2026-10-06 18:55:31,,23,,2026-10-06 18:55:31,2026-10-06 18:55:31
1313,7652198410209738770,7652198410209738770,42,印尼,140,7,,,7月9日,2026-10-06,2026-10-06 18:55:31,,30,,2026-10-06 18:55:31,2026-10-06 18:55:31
1314,7652198569415376903,7652198569415376903,28,印尼,140,7,,,7月9日,2026-10-06,2026-10-06 18:55:31,,31,,2026-10-06 18:55:31,2026-10-06 18:55:31
1315,7652198517917810696,7652198517917810696,28,印尼,140,7,,,7月9日,2026-10-06,2026-10-06 18:55:31,,31,,2026-10-06 18:55:31,2026-10-06 18:55:31
1316,7652225172977303559,7652225172977303559,2,印尼,140,7,,,7月9日,2026-10-06,2026-10-06 18:55:31,,29,,2026-10-06 18:55:31,2026-10-06 18:55:31
1317,7652225224020230152,7652225224020230152,2,印尼,140,7,,,7月9日,2026-10-06,2026-10-06 18:55:31,,29,,2026-10-06 18:55:31,2026-10-06 18:55:31
1318,7652225029890932744,7652225029890932744,2,印尼,140,7,,,7月9日,,2026-10-06 18:55:31,,29,,2026-10-06 18:55:31,2026-10-06 18:55:31
1319,7652225170983125000,7652225170983125000,7,印尼,140,7,,,7月9日,2026-10-06,2026-10-06 18:55:31,,28,,2026-10-06 18:55:31,2026-10-06 18:55:31
1320,7626979304697741319,7626979304697741319,29,巴西,140,-3,,,7月10日,2026-10-06,2026-10-06 18:55:31,,31,,2026-10-06 18:55:31,2026-10-06 18:55:31
1321,7626979304697806855,7626979304697806855,29,巴西,140,-3,,,7月10日,2026-10-06,2026-10-06 18:55:31,,31,,2026-10-06 18:55:31,2026-10-06 18:55:31
1322,7626979526054019080,7626979526054019080,29,巴西,140,-3,,,7月10日,2026-10-06,2026-10-06 18:55:31,,31,,2026-10-06 18:55:31,2026-10-06 18:55:31
1323,7626979333252399112,7626979333252399112,41,巴西,140,-3,,,7月10日,2026-10-06,2026-10-06 18:55:31,,30,,2026-10-06 18:55:31,2026-10-06 18:55:31
1324,7626979173470470151,7626979173470470151,41,巴西,140,-3,,,7月10日,2026-10-06,2026-10-06 18:55:31,,30,,2026-10-06 18:55:31,2026-10-06 18:55:31
1325,7626979155024068615,7626979155024068615,17,巴西,140,-3,,54,7月10日,2026-10-06,2026-10-06 19:42:48,,25,,2026-10-06 18:55:31,2026-10-06 18:55:31
1326,7626979125145288722,7626979125145288722,,巴西,140,-3,,,7月10日,2026-10-06,2026-10-06 18:55:31,,29,,2026-10-06 18:55:31,2026-10-06 18:55:31
1327,7626979427704700935,7626979427704700935,,巴西,140,-3,,,7月10日,2026-10-06,2026-10-06 18:55:31,,29,,2026-10-06 18:55:31,2026-10-06 18:55:31
1328,7626979544896929799,7626979544896929799,,巴西,140,-3,,,7月10日,2026-10-06,2026-10-06 18:55:31,,29,,2026-10-06 18:55:31,2026-10-06 18:55:31
1329,7646361799952203784,7646361799952203784,42,印尼,139,7,,,7月10日,2026-10-06,2026-10-06 18:55:31,,30,,2026-10-06 18:55:31,2026-10-06 18:55:31
1330,7637457279781781525,7637457279781781525,,巴西,139,-3,,,7月11日,2026-10-06,2026-10-06 18:55:31,,29,,2026-10-06 18:55:31,2026-10-06 18:55:31
1331,7637458114899607572,7637458114899607572,,巴西,139,-3,,,7月11日,2026-10-06,2026-10-06 18:55:31,,29,,2026-10-06 18:55:31,2026-10-06 18:55:31
1332,7628986399009816596,7628986399009816596,,巴西,139,-3,,,7月11日,2026-10-06,2026-10-06 18:55:31,,29,,2026-10-06 18:55:31,2026-10-06 18:55:31
1333,7628985608552939540,7628985608552939540,,巴西,139,-3,,,7月11日,2026-10-06,2026-10-06 18:55:31,,29,,2026-10-06 18:55:31,2026-10-06 18:55:31
1334,7628987203808559125,7628987203808559125,,巴西,139,-3,,,7月11日,2026-10-06,2026-10-06 18:55:31,,29,,2026-10-06 18:55:31,2026-10-06 18:55:31
1335,7659967578240172050,7659967578240172050,,印尼,139,7,,,7月11日,2026-10-06,2026-10-06 18:55:31,,25,,2026-10-06 18:55:31,2026-10-06 18:55:31
1336,7659967568568107016,7659967568568107016,,印尼,139,7,,,7月11日,2026-10-06,2026-10-06 18:55:31,,25,,2026-10-06 18:55:31,2026-10-06 18:55:31
1337,7659967756927483912,7659967756927483912,2,印尼,139,7,,,7月11日,2026-10-06,2026-10-06 18:55:31,,29,,2026-10-06 18:55:31,2026-10-06 18:55:31
1338,7659967225399230472,7659967225399230472,2,印尼,139,7,,,7月11日,2026-10-06,2026-10-06 18:55:31,,29,,2026-10-06 18:55:31,2026-10-06 18:55:31
1339,7659966945542029320,7659966945542029320,2,印尼,139,7,,,7月11日,2026-10-06,2026-10-06 18:55:31,,29,,2026-10-06 18:55:31,2026-10-06 18:55:31
1340,7659966651173224455,7659966651173224455,2,印尼,139,7,,,7月11日,2026-10-06,2026-10-06 18:55:31,,29,,2026-10-06 18:55:31,2026-10-06 18:55:31
1341,7642281979634958343,7642281979634958343,,巴西,,-3,,,7月11日,2026-10-06,2026-10-06 18:55:31,,29,,2026-10-06 18:55:31,2026-10-06 18:55:31
1342,7642282441071345672,7642282441071345672,,巴西,,-3,,,7月11日,2026-10-06,2026-10-06 18:55:31,,29,,2026-10-06 18:55:31,2026-10-06 18:55:31
1343,7642282309328273416,7642282309328273416,,巴西,,-3,,,7月11日,2026-10-06,2026-10-06 18:55:31,,29,,2026-10-06 18:55:31,2026-10-06 18:55:31
1344,7639676310054305813,7639676310054305813,2,印尼,,8,,,7月11日,2026-10-06,2026-10-06 18:55:31,,29,,2026-10-06 18:55:31,2026-10-06 18:55:31
1345,7639675472577986580,7639675472577986580,2,印尼,,8,,,7月11日,2026-10-06,2026-10-06 18:55:31,,29,,2026-10-06 18:55:31,2026-10-06 18:55:31
1346,7639675284089864212,7639675284089864212,2,印尼,,8,,,7月11日,2026-10-06,2026-10-06 18:55:31,,29,,2026-10-06 18:55:31,2026-10-06 18:55:31
1347,7660356235689984018,7660356235689984018,21,巴西,139,-3,,,7月13日,2026-10-06,2026-10-06 18:55:31,,29,,2026-10-06 18:55:31,2026-10-06 18:55:31
1348,7660356562531188753,7660356562531188753,,巴西,139,-3,,,7月13日,2026-10-06,2026-10-06 18:55:31,7675381148735520784,29,,2026-10-06 18:55:31,2026-10-06 18:55:31
1349,7660356528507174928,7660356528507174928,,巴西,139,-3,,,7月13日,2026-10-06,2026-10-06 18:55:31,,29,,2026-10-06 18:55:31,2026-10-06 18:55:31
1350,7660356293641404424,7660356293641404424,21,巴西,139,-3,,,7月13日,2026-10-06,2026-10-06 18:55:31,,29,,2026-10-06 18:55:31,2026-10-06 18:55:31
1351,7616221277824679953,7616221277824679953,2,马来西亚,154,8,,,7月13日,2026-10-06,2026-10-06 18:55:31,,29,,2026-10-06 18:55:31,2026-10-06 18:55:31
1352,7615480277850259457,7615480277850259457,5,菲律宾,154,8,,,7月13日,2026-10-06,2026-10-06 18:55:31,,23,,2026-10-06 18:55:31,2026-10-06 18:55:31
1353,7641156371777634321,7641156371777634321,,印尼,155,8,,,7月14日,2026-10-06,2026-10-06 18:55:31,,23,,2026-10-06 18:55:31,2026-10-06 18:55:31
1354,7660048537866158098,7660048537866158098,42,印尼,139,7,,,7月14日,2026-10-06,2026-10-06 18:55:31,,30,,2026-10-06 18:55:31,2026-10-06 18:55:31
1355,7660047978747772936,7660047978747772936,7,印尼,139,7,,,7月14日,2026-10-06,2026-10-06 18:55:31,,28,,2026-10-06 18:55:31,2026-10-06 18:55:31
1356,7660048381663313927,7660048381663313927,1,印尼,139,7,,,7月14日,2026-10-06,2026-10-06 18:55:31,,23,,2026-10-06 18:55:31,2026-10-06 18:55:31
1357,7660047861871771655,7660047861871771655,28,印尼,139,7,,,7月14日,2026-10-06,2026-10-06 18:55:31,,31,,2026-10-06 18:55:31,2026-10-06 18:55:31
1358,7660047702159818770,7660047702159818770,2,印尼,139,7,,,7月14日,2026-10-06,2026-10-06 18:55:31,,29,,2026-10-06 18:55:31,2026-10-06 18:55:31
1359,7660047541953724434,7660047541953724434,2,印尼,139,7,,,7月14日,2026-10-06,2026-10-06 18:55:31,,29,,2026-10-06 18:55:31,2026-10-06 18:55:31
1360,7655582501902762005,7655582501902762005,6,巴西,139,-3,,,7月14日,2026-10-06,2026-10-06 18:55:31,,28,,2026-10-06 18:55:31,2026-10-06 18:55:31
1361,7655583107793354773,7655583107793354773,6,巴西,139,-3,,,7月14日,2026-10-06,2026-10-06 18:55:31,,28,,2026-10-06 18:55:31,2026-10-06 18:55:31
1362,7655582675801178133,7655582675801178133,41,巴西,139,-3,,104,7月14日,2026-10-06,2026-10-06 19:42:48,,30,,2026-10-06 18:55:31,2026-10-06 18:55:31
1363,7655583242128490517,7655583242128490517,41,巴西,139,-3,,105,7月14日,2026-10-06,2026-10-06 19:42:48,,30,,2026-10-06 18:55:31,2026-10-06 18:55:31
1364,7655583242128556053,7655583242128556053,41,巴西,139,-3,,105,7月14日,2026-10-06,2026-10-06 19:42:48,,30,,2026-10-06 18:55:31,2026-10-06 18:55:31
1365,7642642123593924615,7642642123593924615,2,印尼,147,7,,,7月14日,2026-10-06,2026-10-06 18:55:31,,29,,2026-10-06 18:55:31,2026-10-06 18:55:31
1366,7641908435287654408,7641908435287654408,,巴西,147,-3,,,7月14日,2026-10-06,2026-10-06 18:55:31,,29,,2026-10-06 18:55:31,2026-10-06 18:55:31
1367,7658570688203735058,7658570688203735058,,巴西,139,-3,,,7月15日,2026-10-06,2026-10-06 18:55:31,,29,,2026-10-06 18:55:31,2026-10-06 18:55:31
1368,7660034403884105736,7660034403884105736,42,马来西亚,140,8,,,7月16日,2026-10-06,2026-10-06 18:55:31,,30,,2026-10-06 18:55:31,2026-10-06 18:55:31
1369,7660034612480720903,7660034612480720903,42,马来西亚,140,8,,,7月16日,2026-10-06,2026-10-06 18:55:31,,30,,2026-10-06 18:55:31,2026-10-06 18:55:31
1370,7660034602762502162,7660034602762502162,31,马来西亚,140,8,,,7月16日,2026-10-06,2026-10-06 18:55:31,,31,,2026-10-06 18:55:31,2026-10-06 18:55:31
1371,7660034387668615186,7660034387668615186,31,马来西亚,140,8,,,7月16日,2026-10-06,2026-10-06 18:55:31,,31,,2026-10-06 18:55:31,2026-10-06 18:55:31
1372,7660034094046625799,7660034094046625799,,马来西亚,140,8,,,7月16日,2026-10-06,2026-10-06 18:55:31,,29,,2026-10-06 18:55:31,2026-10-06 18:55:31
1373,7660034311885373447,7660034311885373447,,马来西亚,140,8,,,7月16日,2026-10-06,2026-10-06 18:55:31,,29,,2026-10-06 18:55:31,2026-10-06 18:55:31
1374,7660034094046527495,7660034094046527495,,马来西亚,140,8,,,7月16日,2026-10-06,2026-10-06 18:55:31,,29,,2026-10-06 18:55:31,2026-10-06 18:55:31
1375,7660034115878289426,7660034115878289426,1,马来西亚,140,8,,,7月16日,2026-10-06,2026-10-06 18:55:31,,23,,2026-10-06 18:55:31,2026-10-06 18:55:31
1376,7660034160559734802,7660034160559734802,1,马来西亚,140,8,,,7月16日,2026-10-06,2026-10-06 18:55:31,,23,,2026-10-06 18:55:31,2026-10-06 18:55:31
1377,7660034122642997256,7660034122642997256,9,马来西亚,140,8,,,7月16日,2026-10-06,2026-10-06 18:55:31,,25,,2026-10-06 18:55:31,2026-10-06 18:55:31
1378,7660033993198518279,7660033993198518279,9,马来西亚,140,8,,,7月16日,2026-10-06,2026-10-06 18:55:31,,25,,2026-10-06 18:55:31,2026-10-06 18:55:31
1379,7660033664291192840,7660033664291192840,7,马来西亚,140,8,,,7月16日,2026-10-06,2026-10-06 18:55:31,,28,,2026-10-06 18:55:31,2026-10-06 18:55:31
1380,7660033707658608648,7660033707658608648,7,马来西亚,140,8,,,7月16日,2026-10-06,2026-10-06 18:55:31,,28,,2026-10-06 18:55:31,2026-10-06 18:55:31
1381,7660035151542730770,7660035151542730770,23,马来西亚,140,8,,,7月17日,2026-10-06,2026-10-06 18:55:31,,25,,2026-10-06 18:55:31,2026-10-06 18:55:31
1382,7660035094072426514,7660035094072426514,23,马来西亚,140,8,,,7月17日,2026-10-06,2026-10-06 18:55:31,,25,,2026-10-06 18:55:31,2026-10-06 18:55:31
1383,7660035094072360978,7660035094072360978,5,马来西亚,140,8,,,7月17日,2026-10-06,2026-10-06 18:55:31,,23,,2026-10-06 18:55:31,2026-10-06 18:55:31
1384,7660035094072229906,7660035094072229906,5,马来西亚,140,8,,,7月17日,2026-10-06,2026-10-06 18:55:31,,23,,2026-10-06 18:55:31,2026-10-06 18:55:31
1385,7660034966450405394,7660034966450405394,31,马来西亚,140,8,,,7月17日,2026-10-06,2026-10-06 18:55:31,,31,,2026-10-06 18:55:31,2026-10-06 18:55:31
1386,7660034938125680658,7660034938125680658,31,马来西亚,140,8,,,7月17日,2026-10-06,2026-10-06 18:55:31,,31,,2026-10-06 18:55:31,2026-10-06 18:55:31
1387,7660034809844252690,7660034809844252690,42,马来西亚,140,8,,,7月17日,2026-10-06,2026-10-06 18:55:31,,30,,2026-10-06 18:55:31,2026-10-06 18:55:31
1388,7660034293952544786,7660034293952544786,42,马来西亚,140,8,,,7月17日,2026-10-06,2026-10-06 18:55:31,,30,,2026-10-06 18:55:31,2026-10-06 18:55:31
1389,7660034809844154386,7660034809844154386,,马来西亚,140,8,,,7月17日,2026-10-06,2026-10-06 18:55:31,,29,,2026-10-06 18:55:31,2026-10-06 18:55:31
1390,7660034840534925319,7660034840534925319,,马来西亚,140,8,,,7月17日,2026-10-06,2026-10-06 18:55:31,,29,,2026-10-06 18:55:31,2026-10-06 18:55:31
1391,7660033544269545479,7660033544269545479,7,马来西亚,140,8,,,7月17日,2026-10-06,2026-10-06 18:55:31,,28,,2026-10-06 18:55:31,2026-10-06 18:55:31
1392,7660033933085655048,7660033933085655048,7,马来西亚,140,8,,,7月17日,2026-10-06,2026-10-06 18:55:31,,28,,2026-10-06 18:55:31,2026-10-06 18:55:31
1393,7655583107793616917,7655583107793616917,9,印尼,139,7,,,7月17日,2026-10-06,2026-10-06 18:55:31,,25,,2026-10-06 18:55:31,2026-10-06 18:55:31
1394,7655584345873825812,7655584345873825812,42,印尼,139,7,,,7月17日,2026-10-06,2026-10-06 18:55:31,,30,,2026-10-06 18:55:31,2026-10-06 18:55:31
1395,7655583565349994517,7655583565349994517,42,印尼,139,7,,,7月17日,2026-10-06,2026-10-06 18:55:31,,30,,2026-10-06 18:55:31,2026-10-06 18:55:31
1396,7655584013368819732,7655584013368819732,,印尼,139,7,,,7月17日,2026-10-06,2026-10-06 18:55:31,,29,,2026-10-06 18:55:31,2026-10-06 18:55:31
1397,7655583242128719893,7655583242128719893,,印尼,139,7,,,7月17日,2026-10-06,2026-10-06 18:55:31,,29,,2026-10-06 18:55:31,2026-10-06 18:55:31
1398,7655584013368950804,7655584013368950804,28,印尼,139,7,,,7月17日,2026-10-06,2026-10-06 18:55:31,,31,,2026-10-06 18:55:31,2026-10-06 18:55:31
1399,7655584666447036436,7655584666447036436,28,印尼,139,7,,,7月17日,2026-10-06,2026-10-06 18:55:31,,31,,2026-10-06 18:55:31,2026-10-06 18:55:31
1400,7655584528610050068,7655584528610050068,7,印尼,139,7,,,7月17日,2026-10-06,2026-10-06 18:55:31,,28,,2026-10-06 18:55:31,2026-10-06 18:55:31
1401,7655584666447101972,7655584666447101972,7,印尼,139,7,,,7月17日,2026-10-06,2026-10-06 18:55:31,,28,,2026-10-06 18:55:31,2026-10-06 18:55:31
1402,7655942687513657365,7655942687513657365,28,印尼,139,7,,,7月17日,2026-10-06,2026-10-06 18:55:31,,31,,2026-10-06 18:55:31,2026-10-06 18:55:31
1403,7660854008690163719,7660854008690163719,9,印尼,143,7,,54,7月17日,2026-10-06,2026-10-06 19:42:48,,25,,2026-10-06 18:55:31,2026-10-06 18:55:31
1404,7660512967871692807,7660512967871692807,28,印尼,143,7,,,7月18日,2026-10-06,2026-10-06 18:55:31,,31,,2026-10-06 18:55:31,2026-10-06 18:55:31
1405,7660513738738483207,7660513738738483207,2,印尼,143,7,,,7月18日,,2026-10-06 18:55:31,,29,,2026-10-06 18:55:31,2026-10-06 18:55:31
1406,7660514923344166920,7660514923344166920,2,菲律宾,143,8,,,7月18日,2026-10-06,2026-10-06 18:55:31,,29,,2026-10-06 18:55:31,2026-10-06 18:55:31
1407,7660514671934963730,7660514671934963730,2,菲律宾,143,8,,,7月18日,2026-10-06,2026-10-06 18:55:31,,29,,2026-10-06 18:55:31,2026-10-06 18:55:31
1408,7660514546689015826,7660514546689015826,7,菲律宾,143,8,,,7月18日,2026-10-06,2026-10-06 18:55:31,,28,,2026-10-06 18:55:31,2026-10-06 18:55:31
1409,7660513915211677703,7660513915211677703,31,菲律宾,143,8,,,7月18日,2026-10-06,2026-10-06 18:55:31,,31,,2026-10-06 18:55:31,2026-10-06 18:55:31
1410,7628876315105558546,7628876315105558546,40,菲律宾,140,8,,,7月20日,2026-10-06,2026-10-06 18:55:31,,30,,2026-10-06 18:55:31,2026-10-06 18:55:31
1411,7629251675299119122,7629251675299119122,,菲律宾,140,8,,,7月20日,2026-10-06,2026-10-06 18:55:31,,29,,2026-10-06 18:55:31,2026-10-06 18:55:31
1412,7629251106857992200,7629251106857992200,,菲律宾,140,8,,,7月20日,,2026-10-06 18:55:31,,29,,2026-10-06 18:55:31,2026-10-06 18:55:31
1413,7628875288826544136,7628875288826544136,41,巴西,140,-3,,,7月20日,2026-10-06,2026-10-06 18:55:31,,30,,2026-10-06 18:55:31,2026-10-06 18:55:31
1414,7628876315105689618,7628876315105689618,29,巴西,140,-3,,,7月20日,2026-10-06,2026-10-06 18:55:31,,31,,2026-10-06 18:55:31,2026-10-06 18:55:31
1415,7628859981088997394,7628859981088997394,41,巴西,140,-3,,,7月20日,2026-10-06,2026-10-06 18:55:31,,30,,2026-10-06 18:55:31,2026-10-06 18:55:31
1416,7628859489156087815,7628859489156087815,41,巴西,140,-3,,,7月20日,2026-10-06,2026-10-06 18:55:31,,30,,2026-10-06 18:55:31,2026-10-06 18:55:31
1417,7628859621893275666,7628859621893275666,41,巴西,140,-3,,,7月20日,2026-10-06,2026-10-06 18:55:31,,30,,2026-10-06 18:55:31,2026-10-06 18:55:31
1418,7628859689232941064,7628859689232941064,,巴西,140,-3,,,7月20日,2026-10-06,2026-10-06 18:55:31,,29,,2026-10-06 18:55:31,2026-10-06 18:55:31
1419,7628859479370956818,7628859479370956818,,巴西,140,-3,,,7月20日,2026-10-06,2026-10-06 18:55:31,,29,,2026-10-06 18:55:31,2026-10-06 18:55:31
1420,7628859885941506066,7628859885941506066,,巴西,140,-3,,,7月20日,2026-10-06,2026-10-06 18:55:31,,29,,2026-10-06 18:55:31,2026-10-06 18:55:31
1421,7628859630592458770,7628859630592458770,,巴西,140,-3,,,7月20日,2026-10-06,2026-10-06 18:55:31,,29,,2026-10-06 18:55:31,2026-10-06 18:55:31
1422,7628880321748107282,7628880321748107282,40,印尼,140,7,,,7月20日,2026-10-06,2026-10-06 18:55:31,,30,,2026-10-06 18:55:31,2026-10-06 18:55:31
1423,7628880507962458130,7628880507962458130,40,印尼,140,7,,,7月20日,2026-10-06,2026-10-06 18:55:31,,30,,2026-10-06 18:55:31,2026-10-06 18:55:31
1424,7650710325855027220,7650710325855027220,42,印尼,139,7,,,7月20日,2026-10-06,2026-10-06 18:55:31,,30,,2026-10-06 18:55:31,2026-10-06 18:55:31
1425,7650710239012143125,7650710239012143125,2,印尼,139,7,,,7月20日,2026-10-06,2026-10-06 18:55:31,,29,,2026-10-06 18:55:31,2026-10-06 18:55:31
1426,7606564498580897793,7606564498580897793,29,巴西,155,-3,,,7月20日,2026-10-06,2026-10-06 18:55:31,,31,,2026-10-06 18:55:31,2026-10-06 18:55:31
1427,7609704939300110352,7609704939300110352,28,印尼,155,7,,,7月20日,2026-10-06,2026-10-06 18:55:31,,31,,2026-10-06 18:55:31,2026-10-06 18:55:31
1428,7654132268906364946,7654132268906364946,41,巴西,147,-3,,,7月20日,2026-10-06,2026-10-06 18:55:31,,30,,2026-10-06 18:55:31,2026-10-06 18:55:31
1429,7613944481804632065,7613944481804632065,29,巴西,147,-3,,,7月20日,2026-10-06,2026-10-06 18:55:31,,31,,2026-10-06 18:55:31,2026-10-06 18:55:31
1430,7619628994480324615,7619628994480324615,29,巴西,147,-3,,,7月20日,2026-10-06,2026-10-06 18:55:31,,31,,2026-10-06 18:55:31,2026-10-06 18:55:31
1431,7609704930303213569,7609704930303213569,42,印尼,147,7,,,7月20日,2026-10-06,2026-10-06 18:55:31,,30,,2026-10-06 18:55:31,2026-10-06 18:55:31
1432,7657481176642486290,7657481176642486290,29,巴西,142,-3,,,7月21日,2026-10-06,2026-10-06 18:55:31,,31,,2026-10-06 18:55:31,2026-10-06 18:55:31
1433,7657480841836199944,7657480841836199944,41,巴西,142,-3,,,7月21日,2026-10-06,2026-10-06 18:55:31,,30,,2026-10-06 18:55:31,2026-10-06 18:55:31
1434,7657480848997859336,7657480848997859336,41,巴西,142,-3,,,7月21日,2026-10-06,2026-10-06 18:55:31,,30,,2026-10-06 18:55:31,2026-10-06 18:55:31
1435,7657480554643865618,7657480554643865618,41,巴西,142,-3,,,7月21日,,2026-10-06 18:55:31,,29,,2026-10-06 18:55:31,2026-10-06 18:55:31
1436,7657104865633665032,7657104865633665032,41,巴西,140,-3,,,7月21日,2026-10-06,2026-10-06 18:55:31,,30,,2026-10-06 18:55:31,2026-10-06 18:55:31
1437,7657104869087789074,7657104869087789074,41,巴西,140,-3,,,7月21日,2026-10-06,2026-10-06 18:55:31,,30,,2026-10-06 18:55:31,2026-10-06 18:55:31
1438,7658965845809135634,7658965845809135634,28,印尼,142,7,,,7月21日,2026-10-06,2026-10-06 18:55:31,,31,,2026-10-06 18:55:31,2026-10-06 18:55:31
1439,7658965693676748808,7658965693676748808,28,印尼,142,7,,,7月21日,2026-10-06,2026-10-06 18:55:31,,31,,2026-10-06 18:55:31,2026-10-06 18:55:31
1440,7658965027816046610,7658965027816046610,9,印尼,142,7,,,7月21日,2026-10-06,2026-10-06 18:55:31,,,,2026-10-06 18:55:31,2026-10-06 18:55:31
1441,7658965082216333330,7658965082216333330,2,印尼,142,7,,,7月21日,2026-10-06,2026-10-06 18:55:31,,29,,2026-10-06 18:55:31,2026-10-06 18:55:31
1442,7658965343590694920,7658965343590694920,2,印尼,142,7,,,7月21日,,2026-10-06 18:55:31,,29,,2026-10-06 18:55:31,2026-10-06 18:55:31
1443,7659968120316461064,7659968120316461064,9,印尼,142,7,,,7月23日,2026-10-06,2026-10-06 18:55:31,,,,2026-10-06 18:55:31,2026-10-06 18:55:31
1444,7659965727755157522,7659965727755157522,9,印尼,142,7,,,7月23日,2026-10-06,2026-10-06 18:55:31,,,,2026-10-06 18:55:31,2026-10-06 18:55:31
1445,7659965054922063879,7659965054922063879,28,印尼,140,7,,,7月23日,2026-10-06,2026-10-06 18:55:31,,31,,2026-10-06 18:55:31,2026-10-06 18:55:31
1446,7659313046321479698,7659313046321479698,7,印尼,142,7,,,7月23日,2026-10-06,2026-10-06 18:55:31,,28,,2026-10-06 18:55:31,2026-10-06 18:55:31
1447,7659312560869130248,7659312560869130248,7,印尼,142,7,,,7月23日,2026-10-06,2026-10-06 18:55:31,,28,,2026-10-06 18:55:31,2026-10-06 18:55:31
1448,7659312939924455431,7659312939924455431,2,印尼,142,7,,,7月23日,,2026-10-06 18:55:31,,29,,2026-10-06 18:55:31,2026-10-06 18:55:31
1449,7659312881598545938,7659312881598545938,2,印尼,142,7,,,7月23日,2026-10-06,2026-10-06 18:55:31,,29,,2026-10-06 18:55:31,2026-10-06 18:55:31
1450,7659312797865279496,7659312797865279496,2,印尼,142,7,,,7月23日,,2026-10-06 18:55:31,,29,,2026-10-06 18:55:31,2026-10-06 18:55:31
1451,7659312308115636232,7659312308115636232,42,印尼,142,7,,,7月23日,2026-10-06,2026-10-06 18:55:31,,30,,2026-10-06 18:55:31,2026-10-06 18:55:31
1452,7659311927522017287,7659311927522017287,42,印尼,142,7,,,7月23日,2026-10-06,2026-10-06 18:55:31,,30,,2026-10-06 18:55:31,2026-10-06 18:55:31
1453,7655582410318528533,7655582410318528533,21,巴西,139,-3,,,7月23日,2026-10-06,2026-10-06 18:55:31,,29,,2026-10-06 18:55:31,2026-10-06 18:55:31
1454,7642287607943675911,7642287607943675911,21,巴西,139,-3,,,7月23日,2026-10-06,2026-10-06 18:55:31,,29,,2026-10-06 18:55:31,2026-10-06 18:55:31
1455,7644849388992495624,7644849388992495624,21,巴西,139,-3,,,7月23日,2026-10-06,2026-10-06 18:55:31,,29,,2026-10-06 18:55:31,2026-10-06 18:55:31
1456,7658857793730379784,7658857793730379784,41,巴西,142,-3,,,7月25日,2026-10-06,2026-10-06 18:55:31,,30,,2026-10-06 18:55:31,2026-10-06 18:55:31
1457,7658857542415925266,7658857542415925266,29,巴西,140,-3,,,7月25日,2026-10-06,2026-10-06 18:55:31,,31,,2026-10-06 18:55:31,2026-10-06 18:55:31
1458,7658857789212672018,7658857789212672018,21,巴西,142,-3,,,7月25日,2026-10-06,2026-10-06 18:55:31,,29,,2026-10-06 18:55:31,2026-10-06 18:55:31
1459,7658857219006988296,7658857219006988296,21,巴西,142,-3,,,7月25日,,2026-10-06 18:55:31,7675369646895267841,29,,2026-10-06 18:55:31,2026-10-06 18:55:31
1460,7664913619779584021,7664913619779584021,2,印尼,142,7,,,7月27日,,2026-10-06 18:55:31,,29,,2026-10-06 18:55:31,2026-10-06 18:55:31
1461,7658856967262502919,7658856967262502919,41,巴西,142,-3,,,7月27日,2026-10-06,2026-10-06 18:55:31,,30,,2026-10-06 18:55:31,2026-10-06 18:55:31
1462,7657807863285956615,7657807863285956615,41,巴西,142,-3,,,7月27日,2026-10-06,2026-10-06 18:55:31,,30,,2026-10-06 18:55:31,2026-10-06 18:55:31
1463,7657808129420820498,7657808129420820498,21,巴西,142,-3,,,7月27日,2026-10-06,2026-10-06 18:55:31,,29,,2026-10-06 18:55:31,2026-10-06 18:55:31
1464,7657808036102160392,7657808036102160392,21,巴西,142,-3,,,7月27日,2026-10-06,2026-10-06 18:55:31,,29,,2026-10-06 18:55:31,2026-10-06 18:55:31
1465,7657807947223187463,7657807947223187463,29,巴西,142,-3,,,7月27日,2026-10-06,2026-10-06 18:55:31,,31,,2026-10-06 18:55:31,2026-10-06 18:55:31
1466,7652224822525329416,7652224822525329416,28,印尼,142,7,,,7月28日,2026-10-06,2026-10-06 18:55:31,,31,,2026-10-06 18:55:31,2026-10-06 18:55:31
1467,7652224934789333000,7652224934789333000,2,印尼,142,7,,,7月28日,,2026-10-06 18:55:31,,29,,2026-10-06 18:55:31,2026-10-06 18:55:31
1468,7652224870406897682,7652224870406897682,2,印尼,142,7,,,7月28日,,2026-10-06 18:55:31,,29,,2026-10-06 18:55:31,2026-10-06 18:55:31
1469,7652224954985054216,7652224954985054216,2,印尼,142,7,,,7月28日,,2026-10-06 18:55:31,,29,,2026-10-06 18:55:31,2026-10-06 18:55:31
1470,7662271718886555669,7662271718886555669,6,巴西,142,-3,,,7月28日,2026-10-06,2026-10-06 18:55:31,,28,,2026-10-06 18:55:31,2026-10-06 18:55:31
1471,7662271415881859092,7662271415881859092,41,巴西,140,-3,,,7月28日,2026-10-06,2026-10-06 18:55:31,,30,,2026-10-06 18:55:31,2026-10-06 18:55:31
1472,7662270921893445652,7662270921893445652,41,巴西,140,-3,,,7月28日,2026-10-06,2026-10-06 18:55:31,,30,,2026-10-06 18:55:31,2026-10-06 18:55:31
1473,7662271403819237397,7662271403819237397,41,巴西,140,-3,,,7月28日,2026-10-06,2026-10-06 18:55:31,,30,,2026-10-06 18:55:31,2026-10-06 18:55:31
1474,7662271449180373012,7662271449180373012,29,巴西,142,-3,,,7月28日,2026-10-06,2026-10-06 18:55:31,,31,,2026-10-06 18:55:31,2026-10-06 18:55:31
1475,7662270921893511188,7662270921893511188,29,巴西,142,-3,,,7月28日,2026-10-06,2026-10-06 18:55:31,,,,2026-10-06 18:55:31,2026-10-06 18:55:31
1476,7662271508202536980,7662271508202536980,29,巴西,142,-3,,,7月28日,2026-10-06,2026-10-06 18:55:31,,31,,2026-10-06 18:55:31,2026-10-06 18:55:31
1477,7662271236982112276,7662271236982112276,21,巴西,142,-3,,,7月28日,2026-10-06,2026-10-06 18:55:31,,29,,2026-10-06 18:55:31,2026-10-06 18:55:31
1478,7662271415881629716,7662271415881629716,21,巴西,142,-3,,,7月28日,,2026-10-06 18:55:31,,29,,2026-10-06 18:55:31,2026-10-06 18:55:31
1479,7662271367890583572,7662271367890583572,21,巴西,142,-3,,,7月28日,2026-10-06,2026-10-06 18:55:31,,29,,2026-10-06 18:55:31,2026-10-06 18:55:31
1480,7662270209398538260,7662270209398538260,21,巴西,142,-3,,,7月28日,,2026-10-06 18:55:31,,29,,2026-10-06 18:55:31,2026-10-06 18:55:31
1481,7641113158257623048,7641113158257623048,44,巴西,139,-3,,,7月30日,2026-10-06,2026-10-06 18:55:31,,30,,2026-10-06 18:55:31,2026-10-06 18:55:31
1482,7655946521472647188,7655946521472647188,4,巴西,139,-3,,,7月30日,2026-10-06,2026-10-06 18:55:31,,23,,2026-10-06 18:55:31,2026-10-06 18:55:31
1483,7660080444037644296,7660080444037644296,17,巴西,139,-3,,,7月30日,2026-10-06,2026-10-06 18:55:31,,25,,2026-10-06 18:55:31,2026-10-06 18:55:31
1484,7660081673934553095,7660081673934553095,17,巴西,139,-3,,,7月30日,2026-10-06,2026-10-06 18:55:31,,25,,2026-10-06 18:55:31,2026-10-06 18:55:31
1485,7665251777138409492,7665251777138409492,,巴西,140,-3,,,7月31日,2026-10-06,2026-10-06 18:55:31,,29,,2026-10-06 18:55:31,2026-10-06 18:55:31
1486,7665251044122886165,7665251044122886165,,巴西,140,-3,,,7月31日,2026-10-06,2026-10-06 18:55:31,,29,,2026-10-06 18:55:31,2026-10-06 18:55:31
1487,7665251127004413972,7665251127004413972,,巴西,142,-3,,,7月31日,,2026-10-06 18:55:31,,29,,2026-10-06 18:55:31,2026-10-06 18:55:31
1488,7665251633974050836,7665251633974050836,,巴西,142,-3,,,7月31日,2026-10-06,2026-10-06 18:55:31,,29,,2026-10-06 18:55:31,2026-10-06 18:55:31
1489,7665251550146773013,7665251550146773013,41,巴西,142,-3,,,7月31日,2026-10-06,2026-10-06 18:55:31,,30,,2026-10-06 18:55:31,2026-10-06 18:55:31
1490,7665251584069271573,7665251584069271573,41,巴西,142,-3,,,7月31日,2026-10-06,2026-10-06 18:55:31,,30,,2026-10-06 18:55:31,2026-10-06 18:55:31
1491,7665251377127538709,7665251377127538709,41,巴西,142,-3,,,7月31日,2026-10-06,2026-10-06 18:55:31,,30,,2026-10-06 18:55:31,2026-10-06 18:55:31
1492,7665251721794437140,7665251721794437140,6,巴西,142,-3,,,7月31日,2026-10-06,2026-10-06 18:55:31,,28,,2026-10-06 18:55:31,2026-10-06 18:55:31
1493,7660035445577367570,7660035445577367570,29,巴西,142,-3,,,7月31日,2026-10-06,2026-10-06 18:55:31,,31,,2026-10-06 18:55:31,2026-10-06 18:55:31
1494,7660035194574618631,7660035194574618631,29,巴西,142,-3,,,7月31日,2026-10-06,2026-10-06 18:55:31,,31,,2026-10-06 18:55:31,2026-10-06 18:55:31
1495,7660046289857445895,7660046289857445895,,巴西,139,-3,,,8月1日,2026-10-06,2026-10-06 18:55:31,,29,,2026-10-06 18:55:31,2026-10-06 18:55:31
1496,7660036516739678215,7660036516739678215,41,巴西,142,-3,,,8月3日,2026-10-06,2026-10-06 18:55:31,,30,,2026-10-06 18:55:31,2026-10-06 18:55:31
1497,7660036284337225736,7660036284337225736,17,巴西,142,-3,,,8月3日,2026-10-06,2026-10-06 18:55:31,,,,2026-10-06 18:55:31,2026-10-06 18:55:31
1498,7660036969292349447,7660036969292349447,17,巴西,142,-3,,,8月3日,2026-10-06,2026-10-06 18:55:31,,25,,2026-10-06 18:55:31,2026-10-06 18:55:31
1499,7660036984981815314,7660036984981815314,17,巴西,142,-3,,,8月3日,2026-10-06,2026-10-06 18:55:31,,25,,2026-10-06 18:55:31,2026-10-06 18:55:31
1500,7660036607373950984,7660036607373950984,17,巴西,142,-3,,,8月3日,2026-10-06,2026-10-06 18:55:31,,25,,2026-10-06 18:55:31,2026-10-06 18:55:31
1501,7660035791997075463,7660035791997075463,17,巴西,142,-3,,,8月3日,2026-10-06,2026-10-06 18:55:31,,25,,2026-10-06 18:55:31,2026-10-06 18:55:31
1502,7660036283146010632,7660036283146010632,,巴西,142,-3,,,8月3日,,2026-10-06 18:55:31,,29,,2026-10-06 18:55:31,2026-10-06 18:55:31
1503,7660035817108422674,7660035817108422674,,巴西,142,-3,,,8月3日,2026-10-06,2026-10-06 18:55:31,,29,,2026-10-06 18:55:31,2026-10-06 18:55:31
1504,7660035817464987655,7660035817464987655,,巴西,142,-3,,,8月3日,2026-10-06,2026-10-06 18:55:31,,29,,2026-10-06 18:55:31,2026-10-06 18:55:31
1505,7660035497645047815,7660035497645047815,,巴西,142,-3,,,8月3日,2026-10-06,2026-10-06 18:55:31,,29,,2026-10-06 18:55:31,2026-10-06 18:55:31
1506,7647441346575892487,7647441346575892487,2,菲律宾,139,8,,,8月3日,2026-10-06,2026-10-06 18:55:31,,29,,2026-10-06 18:55:31,2026-10-06 18:55:31
1507,7647440987526250503,7647440987526250503,,菲律宾,139,8,,,8月3日,2026-10-06,2026-10-06 18:55:31,,29,,2026-10-06 18:55:31,2026-10-06 18:55:31
1508,7665253735011614740,7665253735011614740,,印尼,139,7,,,8月3日,2026-10-06,2026-10-06 18:55:31,,29,,2026-10-06 18:55:31,2026-10-06 18:55:31
1509,7667788398626947080,7667788398626947080,44,巴西,147,-3,,,8月4日,2026-10-06,2026-10-06 18:55:31,,30,,2026-10-06 18:55:31,2026-10-06 18:55:31
1510,7667788491522654226,7667788491522654226,,巴西,147,-3,,,8月4日,2026-10-06,2026-10-06 18:55:31,,29,,2026-10-06 18:55:31,2026-10-06 18:55:31
1511,7667777513514795029,7667777513514795029,1,印尼,147,7,,,8月4日,2026-10-06,2026-10-06 18:55:31,,23,,2026-10-06 18:55:31,2026-10-06 18:55:31
1512,7659966415465873426,7659966415465873426,42,印尼,139,7,,,8月5日,2026-10-06,2026-10-06 18:55:31,,30,,2026-10-06 18:55:31,2026-10-06 18:55:31
1513,7667139996708519954,7667139996708519954,7,印尼,139,7,,,8月5日,2026-10-06,2026-10-06 18:55:31,,28,,2026-10-06 18:55:31,2026-10-06 18:55:31
1514,7661149940307083284,7661149940307083284,,泰国,139,7,,,8月6日,2026-10-06,2026-10-06 18:55:31,,29,,2026-10-06 18:55:31,2026-10-06 18:55:31
1515,7661151000761352213,7661151000761352213,,泰国,139,7,,,8月6日,2026-10-06,2026-10-06 18:55:31,,29,,2026-10-06 18:55:31,2026-10-06 18:55:31
1516,7637066044448079892,7637066044448079892,28,印尼,156,7,,,8月7日,2026-10-06,2026-10-06 18:55:31,,31,,2026-10-06 18:55:31,2026-10-06 18:55:31
1517,7645323731723059207,7645323731723059207,44,巴西,156,-3,,,8月7日,2026-10-06,2026-10-06 18:55:31,,30,,2026-10-06 18:55:31,2026-10-06 18:55:31
1518,7645323587213180946,7645323587213180946,,巴西,156,-3,,,8月7日,2026-10-06,2026-10-06 18:55:31,,29,,2026-10-06 18:55:31,2026-10-06 18:55:31
1519,7660063030419767303,7660063030419767303,2,印尼,139,8,,,8月7日,2026-10-06,2026-10-06 18:55:31,,29,,2026-10-06 18:55:31,2026-10-06 18:55:31
1520,7660068635360296967,7660068635360296967,2,印尼,139,7,,,8月7日,2026-10-06,2026-10-06 18:55:31,,29,,2026-10-06 18:55:31,2026-10-06 18:55:31
1521,7667114262926180360,7667114262926180360,,泰国,155,7,,,8月7日,,2026-10-06 18:55:31,,29,,2026-10-06 18:55:31,2026-10-06 18:55:31
1522,7667384157894574098,7667384157894574098,43,墨西哥,147,-6,,,8月7日,2026-10-06,2026-10-06 18:55:31,,30,,2026-10-06 18:55:31,2026-10-06 18:55:31
1523,7667383188507197448,7667383188507197448,,墨西哥,155,-6,,,8月7日,2026-10-06,2026-10-06 18:55:31,,29,,2026-10-06 18:55:31,2026-10-06 18:55:31
1524,7562096317070344209,7562096317070344209,,墨西哥,147,-6,,,8月8日,2026-10-06,2026-10-06 18:55:31,,29,,2026-10-06 18:55:31,2026-10-06 18:55:31
1525,7660076268545048583,7660076268545048583,2,印尼,139,8,,,8月8日,2026-10-06,2026-10-06 18:55:31,,29,,2026-10-06 18:55:31,2026-10-06 18:55:31
1526,7639992577558708245,7639992577558708245,2,印尼,139,7,,,8月8日,2026-10-06,2026-10-06 18:55:31,,29,,2026-10-06 18:55:31,2026-10-06 18:55:31
1527,7639992799743606805,7639992799743606805,2,印尼,139,7,,,8月8日,2026-10-06,2026-10-06 18:55:31,,29,,2026-10-06 18:55:31,2026-10-06 18:55:31
1528,7666382119207354384,7666382119207354384,2,印尼,147,7,,,8月8日,2026-10-06,2026-10-06 18:55:31,,29,,2026-10-06 18:55:31,2026-10-06 18:55:31
1529,7658253141829320712,7658253141829320712,1,印尼,143,7,,,8月9日,2026-10-06,2026-10-06 18:55:31,,23,,2026-10-06 18:55:31,2026-10-06 18:55:31
1530,7669734550521036816,7669734550521036816,28,印尼,147,7,,,8月10日,2026-10-06,2026-10-06 18:55:31,,31,,2026-10-06 18:55:31,2026-10-06 18:55:31
1531,7669727247204630549,7669727247204630549,7,菲律宾,142,8,,,8月10日,2026-10-06,2026-10-06 18:55:31,,28,,2026-10-06 18:55:31,2026-10-06 18:55:31
1532,7669727526226460692,7669727526226460692,7,菲律宾,142,8,,,8月10日,2026-10-06,2026-10-06 18:55:31,,28,,2026-10-06 18:55:31,2026-10-06 18:55:31
1533,7669727981811662869,7669727981811662869,7,菲律宾,142,8,,,8月10日,2026-10-06,2026-10-06 18:55:31,,28,,2026-10-06 18:55:31,2026-10-06 18:55:31
1534,7669727355854192660,7669727355854192660,40,菲律宾,142,8,,,8月10日,2026-10-06,2026-10-06 18:55:31,,30,,2026-10-06 18:55:31,2026-10-06 18:55:31
1535,7669727147082203157,7669727147082203157,32,菲律宾,142,8,,,8月10日,2026-10-06,2026-10-06 18:55:31,,31,,2026-10-06 18:55:31,2026-10-06 18:55:31
1536,7669727269245501460,7669727269245501460,32,菲律宾,142,8,,,8月10日,2026-10-06,2026-10-06 18:55:31,,31,,2026-10-06 18:55:31,2026-10-06 18:55:31
1537,7669727191411818516,7669727191411818516,32,菲律宾,142,8,,,8月10日,2026-10-06,2026-10-06 18:55:31,,31,,2026-10-06 18:55:31,2026-10-06 18:55:31
1538,7669727086986149909,7669727086986149909,,菲律宾,142,8,,,8月10日,2026-10-06,2026-10-06 18:55:31,,29,,2026-10-06 18:55:31,2026-10-06 18:55:31
1539,7669727114081550357,7669727114081550357,,菲律宾,142,8,,,8月10日,2026-10-06,2026-10-06 18:55:31,,29,,2026-10-06 18:55:31,2026-10-06 18:55:31
1540,7669725057979154452,7669725057979154452,,菲律宾,142,8,,,8月10日,2026-10-06,2026-10-06 18:55:31,,29,,2026-10-06 18:55:31,2026-10-06 18:55:31
1541,7669726706262474772,7669726706262474772,5,泰国,142,8,,,8月10日,2026-10-06,2026-10-06 18:55:31,,23,,2026-10-06 18:55:31,2026-10-06 18:55:31
1542,7669726866089541652,7669726866089541652,,泰国,142,8,,,8月10日,2026-10-06,2026-10-06 18:55:31,,29,,2026-10-06 18:55:31,2026-10-06 18:55:31
1543,7669726976627294228,7669726976627294228,,泰国,142,8,,,8月10日,2026-10-06,2026-10-06 18:55:31,,29,,2026-10-06 18:55:31,2026-10-06 18:55:31
1544,7669726822975881236,7669726822975881236,7,泰国,142,8,,,8月10日,2026-10-06,2026-10-06 18:55:31,,28,,2026-10-06 18:55:31,2026-10-06 18:55:31
1545,7669726419525861396,7669726419525861396,39,泰国,142,8,,,8月10日,2026-10-06,2026-10-06 18:55:31,,30,,2026-10-06 18:55:31,2026-10-06 18:55:31
1546,7669726195063472149,7669726195063472149,39,泰国,142,8,,,8月10日,2026-10-06,2026-10-06 18:55:31,,30,,2026-10-06 18:55:31,2026-10-06 18:55:31
1547,7669726481219764245,7669726481219764245,39,泰国,142,8,,,8月10日,2026-10-06,2026-10-06 18:55:31,,30,,2026-10-06 18:55:31,2026-10-06 18:55:31
1548,7669725953140523029,7669725953140523029,30,泰国,142,8,,,8月10日,2026-10-06,2026-10-06 18:55:31,,31,,2026-10-06 18:55:31,2026-10-06 18:55:31
1549,7669726338823192597,7669726338823192597,30,泰国,142,8,,,8月10日,2026-10-06,2026-10-06 18:55:31,,31,,2026-10-06 18:55:31,2026-10-06 18:55:31
1550,7669725995393564693,7669725995393564693,30,泰国,142,8,,,8月10日,2026-10-06,2026-10-06 18:55:31,,31,,2026-10-06 18:55:31,2026-10-06 18:55:31
1551,7669724099450716181,7669724099450716181,,巴西,142,-3,,,8月10日,,2026-10-06 18:55:31,,29,,2026-10-06 18:55:31,2026-10-06 18:55:31
1552,7669724224222969876,7669724224222969876,,巴西,142,-3,,,8月10日,,2026-10-06 18:55:31,,29,,2026-10-06 18:55:31,2026-10-06 18:55:31
1553,7669723921419288596,7669723921419288596,,巴西,142,-3,,,8月10日,,2026-10-06 18:55:31,,29,,2026-10-06 18:55:31,2026-10-06 18:55:31
1554,7669724138927489045,7669724138927489045,,巴西,142,-3,,,8月10日,,2026-10-06 18:55:31,,29,,2026-10-06 18:55:31,2026-10-06 18:55:31
1555,7669723956420771860,7669723956420771860,,巴西,142,-3,,,8月10日,,2026-10-06 18:55:31,,29,,2026-10-06 18:55:31,2026-10-06 18:55:31
1556,7643649784921915413,7643649784921915413,2,印尼,139,7,,,8月10日,,2026-10-06 18:55:31,,29,,2026-10-06 18:55:31,2026-10-06 18:55:31
1557,7626579754683547666,7626579754683547666,2,印尼,139,7,,,8月10日,2026-10-06,2026-10-06 18:55:31,,29,,2026-10-06 18:55:31,2026-10-06 18:55:31
1558,7626580258778693650,7626580258778693650,2,印尼,139,7,,,8月10日,2026-10-06,2026-10-06 18:55:31,,29,,2026-10-06 18:55:31,2026-10-06 18:55:31
1559,7626580387627597832,7626580387627597832,28,印尼,139,7,,,8月10日,2026-10-06,2026-10-06 18:55:31,,31,,2026-10-06 18:55:31,2026-10-06 18:55:31
1560,7667544642517467144,7667544642517467144,1,印尼,139,7,,,8月10日,2026-10-06,2026-10-06 18:55:31,,23,,2026-10-06 18:55:31,2026-10-06 18:55:31
1561,7667544970634723348,7667544970634723348,1,印尼,139,7,,,8月10日,2026-10-06,2026-10-06 18:55:31,,23,,2026-10-06 18:55:31,2026-10-06 18:55:31
1562,7667518616887394324,7667518616887394324,,墨西哥,139,-6,,,8月11日,,2026-10-06 18:55:31,,29,,2026-10-06 18:55:31,2026-10-06 18:55:31
1563,7667518893099008021,7667518893099008021,,墨西哥,139,-6,,,8月11日,2026-10-06,2026-10-06 18:55:31,,29,,2026-10-06 18:55:31,2026-10-06 18:55:31
1564,7667518880813858837,7667518880813858837,43,墨西哥,139,-6,,,8月11日,2026-10-06,2026-10-06 18:55:31,,30,,2026-10-06 18:55:31,2026-10-06 18:55:31
1565,7669693760814202888,7669693760814202888,2,印尼,139,7,,,8月11日,2026-10-06,2026-10-06 18:55:31,,29,,2026-10-06 18:55:31,2026-10-06 18:55:31
1566,7628529353786523655,7628529353786523655,42,印尼,143,7,,,8月11日,2026-10-06,2026-10-06 18:55:31,,30,,2026-10-06 18:55:31,2026-10-06 18:55:31
1567,7667791113983098887,7667791113983098887,6,巴西,139,-3,,,8月11日,2026-10-06,2026-10-06 18:55:31,,28,,2026-10-06 18:55:31,2026-10-06 18:55:31
1568,7667790992075669512,7667790992075669512,,巴西,139,-3,,,8月11日,2026-10-06,2026-10-06 18:55:31,,29,,2026-10-06 18:55:31,2026-10-06 18:55:31
1569,7667791377473880071,7667791377473880071,,巴西,139,-3,,,8月11日,2026-10-06,2026-10-06 18:55:31,,29,,2026-10-06 18:55:31,2026-10-06 18:55:31
1570,7669646193240145940,7669646193240145940,28,印尼,139,7,,,8月11日,2026-10-06,2026-10-06 18:55:31,,31,,2026-10-06 18:55:31,2026-10-06 18:55:31
1571,7669646359427137557,7669646359427137557,28,印尼,139,7,,,8月11日,2026-10-06,2026-10-06 18:55:31,,31,,2026-10-06 18:55:31,2026-10-06 18:55:31
1572,7665292286284136468,7665292286284136468,1,印尼,139,7,,,8月11日,2026-10-06,2026-10-06 18:55:31,,23,,2026-10-06 18:55:31,2026-10-06 18:55:31
1573,7627044371149668370,7627044371149668370,42,印尼,156,7,,,8月11日,2026-10-06,2026-10-06 18:55:31,,30,,2026-10-06 18:55:31,2026-10-06 18:55:31
1574,7627049877834317840,7627049877834317840,28,印尼,156,7,,,8月11日,2026-10-06,2026-10-06 18:55:31,,31,,2026-10-06 18:55:31,2026-10-06 18:55:31
1575,7627049529394593799,7627049529394593799,28,印尼,156,7,,,8月11日,2026-10-06,2026-10-06 18:55:31,,,,2026-10-06 18:55:31,2026-10-06 18:55:31
1576,7627049457355620370,7627049457355620370,28,印尼,156,7,,,8月11日,2026-10-06,2026-10-06 18:55:31,,31,,2026-10-06 18:55:31,2026-10-06 18:55:31
1577,7659665141320744968,7659665141320744968,2,印尼,142,7,,,8月12日,,2026-10-06 18:55:31,,29,,2026-10-06 18:55:31,2026-10-06 18:55:31
1578,7659664588062212114,7659664588062212114,2,印尼,142,7,,,8月12日,,2026-10-06 18:55:31,,29,,2026-10-06 18:55:31,2026-10-06 18:55:31
1579,7667382309948719124,7667382309948719124,7,墨西哥,155,-6,,,8月12日,2026-10-06,2026-10-06 18:55:31,,28,,2026-10-06 18:55:31,2026-10-06 18:55:31
1580,7664830899799834644,7664830899799834644,,墨西哥,139,-6,,,8月12日,2026-10-06,2026-10-06 18:55:31,,29,,2026-10-06 18:55:31,2026-10-06 18:55:31
1581,7669727838720720917,7669727838720720917,31,菲律宾,142,8,,,8月13日,2026-10-06,2026-10-06 18:55:31,,31,,2026-10-06 18:55:31,2026-10-06 18:55:31
1582,7669727147310399508,7669727147310399508,40,菲律宾,142,8,,,8月13日,2026-10-06,2026-10-06 18:55:31,,30,,2026-10-06 18:55:31,2026-10-06 18:55:31
1583,7669727085916717077,7669727085916717077,40,菲律宾,142,8,,,8月13日,2026-10-06,2026-10-06 18:55:31,,30,,2026-10-06 18:55:31,2026-10-06 18:55:31
1584,7669727059715047444,7669727059715047444,40,菲律宾,142,8,,,8月13日,2026-10-06,2026-10-06 18:55:31,,30,,2026-10-06 18:55:31,2026-10-06 18:55:31
1585,7669724576984760340,7669724576984760340,,菲律宾,142,8,,,8月13日,2026-10-06,2026-10-06 18:55:31,,29,,2026-10-06 18:55:31,2026-10-06 18:55:31
1586,7669724576984825876,7669724576984825876,,菲律宾,142,8,,,8月13日,2026-10-06,2026-10-06 18:55:31,,29,,2026-10-06 18:55:31,2026-10-06 18:55:31
1587,7669725057979088916,7669725057979088916,,菲律宾,142,8,,,8月13日,2026-10-06,2026-10-06 18:55:31,,29,,2026-10-06 18:55:31,2026-10-06 18:55:31
1588,7669726837806940181,7669726837806940181,32,泰国,142,7,,,8月13日,2026-10-06,2026-10-06 18:55:31,,31,,2026-10-06 18:55:31,2026-10-06 18:55:31
1589,7669726618394558484,7669726618394558484,32,泰国,142,7,,,8月13日,2026-10-06,2026-10-06 18:55:31,,31,,2026-10-06 18:55:31,2026-10-06 18:55:31
1590,7669726853380407317,7669726853380407317,39,泰国,142,7,,,8月13日,2026-10-06,2026-10-06 18:55:31,,30,,2026-10-06 18:55:31,2026-10-06 18:55:31
1591,7669726528233635861,7669726528233635861,39,泰国,142,7,,,8月13日,2026-10-06,2026-10-06 18:55:31,,30,,2026-10-06 18:55:31,2026-10-06 18:55:31
1592,7669726251141316629,7669726251141316629,39,泰国,142,7,,,8月13日,2026-10-06,2026-10-06 18:55:31,,30,,2026-10-06 18:55:31,2026-10-06 18:55:31
1593,7669726035545587733,7669726035545587733,2,泰国,142,7,,,8月13日,2026-10-06,2026-10-06 18:55:31,,29,,2026-10-06 18:55:31,2026-10-06 18:55:31
1594,7669726034606129172,7669726034606129172,2,泰国,142,7,,,8月13日,2026-10-06,2026-10-06 18:55:31,,29,,2026-10-06 18:55:31,2026-10-06 18:55:31
1595,7669726099409715221,7669726099409715221,2,泰国,142,7,,,8月13日,2026-10-06,2026-10-06 18:55:31,,29,,2026-10-06 18:55:31,2026-10-06 18:55:31
1596,7669726055007059988,7669726055007059988,7,泰国,142,7,,,8月13日,2026-10-06,2026-10-06 18:55:31,,28,,2026-10-06 18:55:31,2026-10-06 18:55:31
1597,7669726299262287892,7669726299262287892,7,泰国,142,7,,,8月13日,2026-10-06,2026-10-06 18:55:31,,28,,2026-10-06 18:55:31,2026-10-06 18:55:31
1598,7669726002985123861,7669726002985123861,7,泰国,142,7,,,8月13日,2026-10-06,2026-10-06 18:55:31,,28,,2026-10-06 18:55:31,2026-10-06 18:55:31
1599,7667400337111891988,7667400337111891988,34,墨西哥,139,-6,,,8月13日,2026-10-06,2026-10-06 18:55:31,,31,,2026-10-06 18:55:31,2026-10-06 18:55:31
1600,7670393859922264085,7670393859922264085,,印尼,139,7,,,8月14日,2026-10-06,2026-10-06 18:55:31,,,,2026-10-06 18:55:31,2026-10-06 18:55:31
1601,7670393920655720468,7670393920655720468,,印尼,139,7,,,8月14日,2026-10-06,2026-10-06 18:55:31,,,,2026-10-06 18:55:31,2026-10-06 18:55:31
1602,7670393601037271061,7670393601037271061,,印尼,139,7,,,8月14日,2026-10-06,2026-10-06 18:55:31,,33,,2026-10-06 18:55:31,2026-10-06 18:55:31
1603,7670393601037336597,7670393601037336597,,印尼,139,7,,,8月14日,2026-10-06,2026-10-06 18:55:31,,33,,2026-10-06 18:55:31,2026-10-06 18:55:31
1604,7667145679998943253,7667145679998943253,,巴西,139,-3,,,8月15日,2026-10-06,2026-10-06 18:55:31,,,,2026-10-06 18:55:31,2026-10-06 18:55:31
1605,7667125304242044948,7667125304242044948,,巴西,139,7,,,8月15日,2026-10-06,2026-10-06 18:55:31,,,,2026-10-06 18:55:31,2026-10-06 18:55:31
1606,7667125239737843733,7667125239737843733,44,巴西,139,-3,,,8月15日,2026-10-06,2026-10-06 18:55:31,,30,,2026-10-06 18:55:31,2026-10-06 18:55:31
1607,7667118556928147477,7667118556928147477,44,巴西,139,-3,,,8月15日,2026-10-06,2026-10-06 18:55:31,,30,,2026-10-06 18:55:31,2026-10-06 18:55:31
1608,7667866378791223317,7667866378791223317,,巴西,139,-3,,,8月15日,2026-10-06,2026-10-06 18:55:31,,29,,2026-10-06 18:55:31,2026-10-06 18:55:31
1609,7667866095361196053,7667866095361196053,,巴西,139,-3,,,8月15日,2026-10-06,2026-10-06 18:55:31,,29,,2026-10-06 18:55:31,2026-10-06 18:55:31
1610,7667866120678064149,7667866120678064149,,巴西,139,-3,,,8月15日,2026-10-06,2026-10-06 18:55:31,,29,,2026-10-06 18:55:31,2026-10-06 18:55:31
1611,7667866036460486677,7667866036460486677,,巴西,139,-3,,,8月15日,2026-10-06,2026-10-06 18:55:31,,29,,2026-10-06 18:55:31,2026-10-06 18:55:31
1612,7667866394598998036,7667866394598998036,,巴西,139,-3,,,8月15日,2026-10-06,2026-10-06 18:55:31,,29,,2026-10-06 18:55:31,2026-10-06 18:55:31
1613,7667865694872338452,7667865694872338452,,巴西,139,-3,,,8月15日,2026-10-06,2026-10-06 18:55:31,,29,,2026-10-06 18:55:31,2026-10-06 18:55:31
1614,7667865345083883541,7667865345083883541,,巴西,139,-3,,,8月15日,2026-10-06,2026-10-06 18:55:31,,,,2026-10-06 18:55:31,2026-10-06 18:55:31
1615,7667864762849214484,7667864762849214484,,巴西,139,-3,,,8月15日,2026-10-06,2026-10-06 18:55:31,,,,2026-10-06 18:55:31,2026-10-06 18:55:31
1616,7667401184059179028,7667401184059179028,43,墨西哥,139,-6,,,8月15日,2026-10-06,2026-10-06 18:55:31,,30,,2026-10-06 18:55:31,2026-10-06 18:55:31
1617,7634145043959496712,7634145043959496712,,巴西,139,-3,,,8月15日,2026-10-06,2026-10-06 18:55:31,,33,,2026-10-06 18:55:31,2026-10-06 18:55:31
1618,7634145213564600338,7634145213564600338,,巴西,139,-3,,,8月15日,2026-10-06,2026-10-06 18:55:31,,33,,2026-10-06 18:55:31,2026-10-06 18:55:31
1619,7669698436364304402,7669698436364304402,33,印尼,139,7,,,8月16日,2026-10-06,2026-10-06 18:55:31,,31,,2026-10-06 18:55:31,2026-10-06 18:55:31
1620,7669698859932712980,7669698859932712980,33,印尼,139,7,,,8月16日,2026-10-06,2026-10-06 18:55:31,,31,,2026-10-06 18:55:31,2026-10-06 18:55:31
1621,7670480706459533330,7670480706459533330,32,印尼,139,7,,,8月17日,2026-10-06,2026-10-06 18:55:31,,31,,2026-10-06 18:55:31,2026-10-06 18:55:31
1622,7628217076531871745,7628217076531871745,1,印尼,156,7,,,8月17日,2026-10-06,2026-10-06 18:55:31,,23,,2026-10-06 18:55:31,2026-10-06 18:55:31
1623,7628216349634101256,7628216349634101256,42,印尼,156,7,,,8月17日,2026-10-06,2026-10-06 18:55:31,,30,,2026-10-06 18:55:31,2026-10-06 18:55:31
1624,7628216892301279239,7628216892301279239,42,印尼,156,7,,,8月17日,2026-10-06,2026-10-06 18:55:31,,30,,2026-10-06 18:55:31,2026-10-06 18:55:31
1625,7628217054067425297,7628217054067425297,2,印尼,156,7,,,8月17日,,2026-10-06 18:55:31,,29,,2026-10-06 18:55:31,2026-10-06 18:55:31
1626,7628216791914856456,7628216791914856456,2,印尼,156,7,,,8月17日,2026-10-06,2026-10-06 18:55:31,,29,,2026-10-06 18:55:31,2026-10-06 18:55:31
1627,7628273666803007505,7628273666803007505,46,巴铁,156,5,,,8月17日,2026-10-06,2026-10-06 18:55:31,,30,,2026-10-06 18:55:31,2026-10-06 18:55:31
1628,7628274331799060498,7628274331799060498,,巴铁,156,5,,,8月17日,,2026-10-06 18:55:31,,29,,2026-10-06 18:55:31,2026-10-06 18:55:31
1629,7663377847158947861,7663377847158947861,2,印尼,142,7,,,8月17日,,2026-10-06 18:55:31,,29,,2026-10-06 18:55:31,2026-10-06 18:55:31
1630,7663376682950279189,7663376682950279189,2,印尼,142,7,,,8月17日,2026-10-06,2026-10-06 18:55:31,,29,,2026-10-06 18:55:31,2026-10-06 18:55:31
1631,7663375603886112788,7663375603886112788,23,印尼,142,7,,,8月17日,,2026-10-06 18:55:31,,,,2026-10-06 18:55:31,2026-10-06 18:55:31
1632,7663375990164570133,7663375990164570133,1,印尼,142,7,,,8月17日,,2026-10-06 18:55:31,,,,2026-10-06 18:55:31,2026-10-06 18:55:31
1633,7665252753534550036,7665252753534550036,,菲律宾,142,8,,,8月17日,2026-10-06,2026-10-06 18:55:31,,29,,2026-10-06 18:55:31,2026-10-06 18:55:31
1634,7665252157981261844,7665252157981261844,,菲律宾,142,8,,,8月17日,2026-10-06,2026-10-06 18:55:31,,29,,2026-10-06 18:55:31,2026-10-06 18:55:31
1635,7665252648228028436,7665252648228028436,,菲律宾,142,8,,,8月17日,2026-10-06,2026-10-06 18:55:31,,29,,2026-10-06 18:55:31,2026-10-06 18:55:31
1636,7665252369105682453,7665252369105682453,,菲律宾,142,8,,,8月17日,2026-10-06,2026-10-06 18:55:31,,29,,2026-10-06 18:55:31,2026-10-06 18:55:31
1637,7665252541101260821,7665252541101260821,3,菲律宾,142,8,,,8月17日,2026-10-06,2026-10-06 18:55:31,,23,,2026-10-06 18:55:31,2026-10-06 18:55:31
1638,7665252548367695892,7665252548367695892,31,菲律宾,142,8,,,8月17日,2026-10-06,2026-10-06 18:55:31,,31,,2026-10-06 18:55:31,2026-10-06 18:55:31
1639,7665252173231472660,7665252173231472660,31,菲律宾,142,8,,,8月17日,2026-10-06,2026-10-06 18:55:31,,31,,2026-10-06 18:55:31,2026-10-06 18:55:31
1640,7665252369105453077,7665252369105453077,31,菲律宾,142,8,,,8月17日,2026-10-06,2026-10-06 18:55:31,,31,,2026-10-06 18:55:31,2026-10-06 18:55:31
1641,7665252173231538196,7665252173231538196,31,菲律宾,142,8,,,8月17日,2026-10-06,2026-10-06 18:55:31,,31,,2026-10-06 18:55:31,2026-10-06 18:55:31
1642,7665251872206372884,7665251872206372884,,菲律宾,142,8,,,8月17日,2026-10-06,2026-10-06 18:55:31,,33,,2026-10-06 18:55:31,2026-10-06 18:55:31
1643,7665252335186280469,7665252335186280469,,菲律宾,142,8,,,8月17日,2026-10-06,2026-10-06 18:55:31,,33,,2026-10-06 18:55:31,2026-10-06 18:55:31
1644,7665251987243565077,7665251987243565077,,菲律宾,142,8,,,8月17日,2026-10-06,2026-10-06 18:55:31,,33,,2026-10-06 18:55:31,2026-10-06 18:55:31
1645,7665252035676880916,7665252035676880916,,菲律宾,142,8,,,8月17日,2026-10-06,2026-10-06 18:55:31,,33,,2026-10-06 18:55:31,2026-10-06 18:55:31
1646,7665251887700131860,7665251887700131860,18,菲律宾,142,8,,,8月17日,2026-10-06,2026-10-06 18:55:31,,,,2026-10-06 18:55:31,2026-10-06 18:55:31
1647,7665251892326613012,7665251892326613012,18,菲律宾,142,8,,,8月17日,2026-10-06,2026-10-06 18:55:31,,25,,2026-10-06 18:55:31,2026-10-06 18:55:31
1648,7665251778589687828,7665251778589687828,18,菲律宾,142,8,,,8月17日,2026-10-06,2026-10-06 18:55:31,,25,,2026-10-06 18:55:31,2026-10-06 18:55:31
1649,7667520833472217108,7667520833472217108,18,泰国,139,8,,,8月18日,2026-10-06,2026-10-06 18:55:31,,25,,2026-10-06 18:55:31,2026-10-06 18:55:31
1650,7667521431909023764,7667521431909023764,18,泰国,139,8,,,8月18日,2026-10-06,2026-10-06 18:55:31,,25,,2026-10-06 18:55:31,2026-10-06 18:55:31
1651,7651527649843871764,7651527649843871764,44,巴西,139,-3,,,8月18日,2026-10-06,2026-10-06 18:55:31,,30,,2026-10-06 18:55:31,2026-10-06 18:55:31
1652,7651527498487971858,7651527498487971858,44,巴西,139,-3,,,8月18日,2026-10-06,2026-10-06 18:55:31,,30,,2026-10-06 18:55:31,2026-10-06 18:55:31
1653,7641799557357191188,7641799557357191188,29,巴西,139,-3,,,8月18日,2026-10-06,2026-10-06 18:55:31,,31,,2026-10-06 18:55:31,2026-10-06 18:55:31
1654,7641800637289840660,7641800637289840660,6,巴西,139,-3,,,8月18日,2026-10-06,2026-10-06 18:55:31,,28,,2026-10-06 18:55:31,2026-10-06 18:55:31
1655,7667124881070342152,7667124881070342152,34,印尼,139,7,,,8月18日,2026-10-06,2026-10-06 18:55:31,,31,,2026-10-06 18:55:31,2026-10-06 18:55:31
1656,7660079852474302482,7660079852474302482,29,巴西,139,-3,,,8月18日,2026-10-06,2026-10-06 18:55:31,,31,,2026-10-06 18:55:31,2026-10-06 18:55:31
1657,7660080223039406088,7660080223039406088,29,巴西,139,-3,,,8月18日,2026-10-06,2026-10-06 18:55:31,,31,,2026-10-06 18:55:31,2026-10-06 18:55:31
1658,7671105763217178644,7671105763217178644,44,巴西,139,-3,,,8月18日,2026-10-06,2026-10-06 18:55:31,,30,,2026-10-06 18:55:31,2026-10-06 18:55:31
1659,7671105383410466836,7671105383410466836,44,巴西,139,-3,,,8月18日,2026-10-06,2026-10-06 18:55:31,,30,,2026-10-06 18:55:31,2026-10-06 18:55:31
1660,7671105585487822868,7671105585487822868,44,巴西,139,-3,,,8月18日,2026-10-06,2026-10-06 18:55:31,,30,,2026-10-06 18:55:31,2026-10-06 18:55:31
1661,7670088015020032021,7670088015020032021,29,巴西,139,-3,,,8月18日,2026-10-06,2026-10-06 18:55:31,,31,,2026-10-06 18:55:31,2026-10-06 18:55:31
1662,7670476124704047112,7670476124704047112,6,巴西,139,-3,,,8月18日,2026-10-06,2026-10-06 18:55:31,,28,,2026-10-06 18:55:31,2026-10-06 18:55:31
1663,7663376291413540885,7663376291413540885,1,印尼,142,7,,,8月19日,2026-10-06,2026-10-06 18:55:31,,,,2026-10-06 18:55:31,2026-10-06 18:55:31
1664,7663375830512500757,7663375830512500757,1,印尼,142,7,,,8月19日,2026-10-06,2026-10-06 18:55:31,,23,,2026-10-06 18:55:31,2026-10-06 18:55:31
1665,7663375490656354325,7663375490656354325,1,印尼,142,7,,,8月19日,2026-10-06,2026-10-06 18:55:31,,23,,2026-10-06 18:55:31,2026-10-06 18:55:31
1666,7663375324156854292,7663375324156854292,2,印尼,142,7,,,8月19日,2026-10-06,2026-10-06 18:55:31,,29,,2026-10-06 18:55:31,2026-10-06 18:55:31
1667,7663376026080198676,7663376026080198676,2,印尼,142,7,,,8月19日,,2026-10-06 18:55:31,,29,,2026-10-06 18:55:31,2026-10-06 18:55:31
1668,7663374836934098964,7663374836934098964,2,印尼,142,7,,,8月19日,2026-10-06,2026-10-06 18:55:31,,29,,2026-10-06 18:55:31,2026-10-06 18:55:31
1669,7663374907031699477,7663374907031699477,33,印尼,142,7,,,8月19日,2026-10-06,2026-10-06 18:55:31,,31,,2026-10-06 18:55:31,2026-10-06 18:55:31
1670,7663373209253183509,7663373209253183509,45,印尼,142,7,,,8月19日,2026-10-06,2026-10-06 18:55:31,,30,,2026-10-06 18:55:31,2026-10-06 18:55:31
1671,7663374202526924821,7663374202526924821,45,印尼,142,7,,,8月19日,2026-10-06,2026-10-06 18:55:31,,30,,2026-10-06 18:55:31,2026-10-06 18:55:31
1672,7663374041973145620,7663374041973145620,,印尼,142,7,,,8月19日,2026-10-06,2026-10-06 18:55:31,,33,,2026-10-06 18:55:31,2026-10-06 18:55:31
1673,7663373957789335572,7663373957789335572,,印尼,142,7,,,8月19日,2026-10-06,2026-10-06 18:55:31,,33,,2026-10-06 18:55:31,2026-10-06 18:55:31
1674,7663373872468639765,7663373872468639765,,泰国,142,8,,,8月19日,2026-10-06,2026-10-06 18:55:31,,29,,2026-10-06 18:55:31,2026-10-06 18:55:31
1675,7663373005862502421,7663373005862502421,30,泰国,142,8,,,8月19日,2026-10-06,2026-10-06 18:55:31,,31,,2026-10-06 18:55:31,2026-10-06 18:55:31
1676,7663372990515822612,7663372990515822612,39,泰国,142,8,,,8月19日,2026-10-06,2026-10-06 18:55:31,,30,,2026-10-06 18:55:31,2026-10-06 18:55:31
1677,7663372733208297493,7663372733208297493,7,泰国,142,8,,,8月19日,2026-10-06,2026-10-06 18:55:31,,28,,2026-10-06 18:55:31,2026-10-06 18:55:31
1678,7663373206736306196,7663373206736306196,,泰国,142,8,,,8月19日,2026-10-06,2026-10-06 18:55:31,,33,,2026-10-06 18:55:31,2026-10-06 18:55:31
1679,7670392299305582613,7670392299305582613,,巴西,139,-3,,,8月19日,2026-10-06,2026-10-06 18:55:31,,32,,2026-10-06 18:55:31,2026-10-06 18:55:31
1680,7670392306534039572,7670392306534039572,,巴西,139,-3,,,8月19日,2026-10-06,2026-10-06 18:55:31,,32,,2026-10-06 18:55:31,2026-10-06 18:55:31
1681,7663371605317484565,7663371605317484565,,墨西哥,142,-6,,,8月20日,,2026-10-06 18:55:31,,29,,2026-10-06 18:55:31,2026-10-06 18:55:31
1682,7663370936994611220,7663370936994611220,,菲律宾,142,8,,,8月20日,2026-10-06,2026-10-06 18:55:31,,29,,2026-10-06 18:55:31,2026-10-06 18:55:31
1683,7663371005636673556,7663371005636673556,,菲律宾,142,8,,,8月20日,2026-10-06,2026-10-06 18:55:31,,29,,2026-10-06 18:55:31,2026-10-06 18:55:31
1684,7663370767329067029,7663370767329067029,40,菲律宾,142,8,,,8月20日,2026-10-06,2026-10-06 18:55:31,,30,,2026-10-06 18:55:31,2026-10-06 18:55:31
1685,7663371307148607509,7663371307148607509,40,菲律宾,142,8,,,8月20日,2026-10-06,2026-10-06 18:55:31,,30,,2026-10-06 18:55:31,2026-10-06 18:55:31
1686,7663372269218545685,7663372269218545685,,菲律宾,142,8,,,8月20日,2026-10-06,2026-10-06 18:55:31,,33,,2026-10-06 18:55:31,2026-10-06 18:55:31
1687,7663386419523502100,7663386419523502100,,巴铁,142,5,,,8月20日,2026-10-06,2026-10-06 18:55:31,,29,,2026-10-06 18:55:31,2026-10-06 18:55:31
1688,7663385146556743701,7663385146556743701,,巴铁,142,5,,,8月20日,,2026-10-06 18:55:31,,29,,2026-10-06 18:55:31,2026-10-06 18:55:31
1689,7663386272433618965,7663386272433618965,,巴铁,142,5,,,8月20日,2026-10-06,2026-10-06 18:55:31,,29,,2026-10-06 18:55:31,2026-10-06 18:55:31
1690,7663385924673044500,7663385924673044500,46,巴铁,142,5,,,8月20日,2026-10-06,2026-10-06 18:55:31,,30,,2026-10-06 18:55:31,2026-10-06 18:55:31
1691,7663385433300271125,7663385433300271125,46,巴铁,142,5,,,8月20日,2026-10-06,2026-10-06 18:55:31,,30,,2026-10-06 18:55:31,2026-10-06 18:55:31
1692,7663385706626154516,7663385706626154516,46,巴铁,142,5,,,8月20日,2026-10-06,2026-10-06 18:55:31,,30,,2026-10-06 18:55:31,2026-10-06 18:55:31
1693,7663386272433487893,7663386272433487893,34,巴铁,142,5,,,8月20日,2026-10-06,2026-10-06 18:55:31,,31,,2026-10-06 18:55:31,2026-10-06 18:55:31
1694,7663386237537157141,7663386237537157141,34,巴铁,142,5,,,8月20日,2026-10-06,2026-10-06 18:55:31,,31,,2026-10-06 18:55:31,2026-10-06 18:55:31
1695,7663386272433553429,7663386272433553429,34,巴铁,142,5,,,8月20日,2026-10-06,2026-10-06 18:55:31,,31,,2026-10-06 18:55:31,2026-10-06 18:55:31
1696,7663386445998161941,7663386445998161941,34,巴铁,142,5,,,8月20日,2026-10-06,2026-10-06 18:55:31,,31,,2026-10-06 18:55:31,2026-10-06 18:55:31
1697,7663386199630594069,7663386199630594069,34,巴铁,142,5,,,8月20日,2026-10-06,2026-10-06 18:55:31,,31,,2026-10-06 18:55:31,2026-10-06 18:55:31
1698,7663386253680803861,7663386253680803861,,巴铁,142,5,,,8月20日,2026-10-06,2026-10-06 18:55:31,,33,,2026-10-06 18:55:31,2026-10-06 18:55:31
1699,7666014897389584404,7666014897389584404,,巴西,142,-3,,,8月22日,2026-10-06,2026-10-06 18:55:31,,29,,2026-10-06 18:55:31,2026-10-06 18:55:31
1700,7666014544229351444,7666014544229351444,,巴西,142,-3,,,8月22日,,2026-10-06 18:55:31,,29,,2026-10-06 18:55:31,2026-10-06 18:55:31
1701,7665252048895639573,7665252048895639573,,菲律宾,142,8,,,8月22日,2026-10-06,2026-10-06 18:55:31,,30,,2026-10-06 18:55:31,2026-10-06 18:55:31
1702,7665251569256153108,7665251569256153108,,菲律宾,142,8,,,8月22日,2026-10-06,2026-10-06 18:55:31,,28,,2026-10-06 18:55:31,2026-10-06 18:55:31
1703,7665251872206307348,7665251872206307348,,菲律宾,142,8,,,8月22日,2026-10-06,2026-10-06 18:55:31,,29,,2026-10-06 18:55:31,2026-10-06 18:55:31
1704,7665252024008245268,7665252024008245268,,菲律宾,142,8,,,8月22日,2026-10-06,2026-10-06 18:55:31,,29,,2026-10-06 18:55:31,2026-10-06 18:55:31
1705,7665252048895492117,7665252048895492117,,菲律宾,142,8,,,8月22日,2026-10-06,2026-10-06 18:55:31,,29,,2026-10-06 18:55:31,2026-10-06 18:55:31
1706,7663384898440101909,7663384898440101909,,巴基斯坦,142,5,,,8月22日,2026-10-06,2026-10-06 18:55:31,,29,,2026-10-06 18:55:31,2026-10-06 18:55:31
1707,7663384798215503892,7663384798215503892,,巴基斯坦,142,5,,,8月22日,2026-10-06,2026-10-06 18:55:31,,29,,2026-10-06 18:55:31,2026-10-06 18:55:31
1708,7663385131423531028,7663385131423531028,,巴基斯坦,142,5,,,8月22日,,2026-10-06 18:55:31,,29,,2026-10-06 18:55:31,2026-10-06 18:55:31
1709,7663385131423596564,7663385131423596564,,巴基斯坦,142,5,,,8月22日,,2026-10-06 18:55:31,,29,,2026-10-06 18:55:31,2026-10-06 18:55:31
1710,7663385933487603732,7663385933487603732,,巴基斯坦,142,5,,,8月22日,,2026-10-06 18:55:31,,29,,2026-10-06 18:55:31,2026-10-06 18:55:31
1711,7663384890469220372,7663384890469220372,,巴基斯坦,142,5,,,8月22日,,2026-10-06 18:55:31,,29,,2026-10-06 18:55:31,2026-10-06 18:55:31
1712,7663384582586433557,7663384582586433557,,巴基斯坦,142,5,,,8月22日,2026-10-06,2026-10-06 18:55:31,,30,,2026-10-06 18:55:31,2026-10-06 18:55:31
1713,7663384420648484885,7663384420648484885,,巴基斯坦,142,5,,,8月22日,2026-10-06,2026-10-06 18:55:31,,30,,2026-10-06 18:55:31,2026-10-06 18:55:31
1714,7658286023360839687,7658286023360839687,44,巴西,139,-3,,,8月24日,2026-10-06,2026-10-06 18:55:31,,30,,2026-10-06 18:55:31,2026-10-06 18:55:31
1715,7658285822715363346,7658285822715363346,6,巴西,139,-3,,,8月24日,2026-10-06,2026-10-06 18:55:31,,28,,2026-10-06 18:55:31,2026-10-06 18:55:31
1716,7658283708616982535,7658283708616982535,,巴西,139,-3,,,8月24日,2026-10-06,2026-10-06 18:55:31,,29,,2026-10-06 18:55:31,2026-10-06 18:55:31
1717,7612600265857957905,7612600265857957905,2,印尼,155,7,,106,8月24日,2026-10-06,2026-10-06 19:42:48,,30,,2026-10-06 18:55:31,2026-10-06 18:55:31
1718,7612627909862998033,7612627909862998033,42,印尼,155,7,,106,8月24日,2026-10-06,2026-10-06 19:42:48,,29,,2026-10-06 18:55:31,2026-10-06 18:55:31
1719,7660419840045301768,7660419840045301768,,巴西,153,-3,,,8月25日,2026-10-06,2026-10-06 18:55:31,,29,,2026-10-06 18:55:31,2026-10-06 18:55:31
1720,7660419632830169095,7660419632830169095,,巴西,153,-3,,,8月25日,2026-10-06,2026-10-06 18:55:31,,29,,2026-10-06 18:55:31,2026-10-06 18:55:31
1721,7677793460694515733,7677793460694515733,,巴西,139,-3,,,8月25日,2026-10-06,2026-10-06 18:55:31,,32,,2026-10-06 18:55:31,2026-10-06 18:55:31
1722,7677793995057250325,7677793995057250325,,巴西,139,-3,,,8月25日,2026-10-06,2026-10-06 18:55:31,,32,,2026-10-06 18:55:31,2026-10-06 18:55:31
1723,7677793921405304853,7677793921405304853,,巴西,139,-3,,,8月25日,2026-10-06,2026-10-06 18:55:31,,32,,2026-10-06 18:55:31,2026-10-06 18:55:31
1724,7677794132940554261,7677794132940554261,,巴西,139,-3,,,8月25日,2026-10-06,2026-10-06 18:55:31,,33,,2026-10-06 18:55:31,2026-10-06 18:55:31
1725,7677810856167669780,7677810856167669780,,巴西,139,-3,,,8月25日,2026-10-06,2026-10-06 18:55:31,,33,,2026-10-06 18:55:31,2026-10-06 18:55:31
1726,7659662316750618631,7659662316750618631,,巴西,139,-3,,,8月25日,2026-10-06,2026-10-06 18:55:31,,32,,2026-10-06 18:55:31,2026-10-06 18:55:31
1727,7659662274209415176,7659662274209415176,,巴西,139,-3,,,8月25日,2026-10-06,2026-10-06 18:55:31,,32,,2026-10-06 18:55:31,2026-10-06 18:55:31
1728,7621487465668542472,7621487465668542472,6,巴西,144,-3,,,8月26日,2026-10-06,2026-10-06 18:55:31,,28,,2026-10-06 18:55:31,2026-10-06 18:55:31
1729,7613304223815598097,7613304223815598097,44,巴西,144,-3,,,8月26日,2026-10-06,2026-10-06 18:55:31,,30,,2026-10-06 18:55:31,2026-10-06 18:55:31
1730,7669727879655358484,7669727879655358484,10,印尼,142,7,,,8月27日,2026-10-06,2026-10-06 18:55:31,,,,2026-10-06 18:55:31,2026-10-06 18:55:31
1731,7669728314248003605,7669728314248003605,45,印尼,142,7,,,8月27日,2026-10-06,2026-10-06 18:55:31,,30,,2026-10-06 18:55:31,2026-10-06 18:55:31
1732,7669727799485136917,7669727799485136917,,印尼,142,7,,,8月27日,2026-10-06,2026-10-06 18:55:31,,32,,2026-10-06 18:55:31,2026-10-06 18:55:31
1733,7669727880951300116,7669727880951300116,,印尼,142,7,,,8月27日,2026-10-06,2026-10-06 18:55:31,,32,,2026-10-06 18:55:31,2026-10-06 18:55:31
1734,7669728003500376084,7669728003500376084,,印尼,142,7,,,8月27日,2026-10-06,2026-10-06 18:55:31,,32,,2026-10-06 18:55:31,2026-10-06 18:55:31
1735,7669728003500441620,7669728003500441620,,印尼,142,7,,,8月27日,2026-10-06,2026-10-06 18:55:31,,32,,2026-10-06 18:55:31,2026-10-06 18:55:31
1736,7669727652105994261,7669727652105994261,2,印尼,142,7,,,8月27日,,2026-10-06 18:55:31,,29,,2026-10-06 18:55:31,2026-10-06 18:55:31
1737,7669727953730912276,7669727953730912276,2,印尼,142,7,,,8月27日,2026-10-06,2026-10-06 18:55:31,,29,,2026-10-06 18:55:31,2026-10-06 18:55:31
1738,7669727936123191316,7669727936123191316,2,印尼,142,7,,,8月27日,,2026-10-06 18:55:31,,29,,2026-10-06 18:55:31,2026-10-06 18:55:31
1739,7669727046125518868,7669727046125518868,2,印尼,142,7,,,8月27日,2026-10-06,2026-10-06 18:55:31,,29,,2026-10-06 18:55:31,2026-10-06 18:55:31
1740,7669727119116369940,7669727119116369940,2,印尼,142,7,,,8月27日,,2026-10-06 18:55:31,,29,,2026-10-06 18:55:31,2026-10-06 18:55:31
1741,7669727116208144405,7669727116208144405,,印尼,142,7,,,8月27日,2026-10-06,2026-10-06 18:55:31,,33,,2026-10-06 18:55:31,2026-10-06 18:55:31
1742,7669727119116435476,7669727119116435476,,印尼,142,7,,,8月27日,2026-10-06,2026-10-06 18:55:31,,33,,2026-10-06 18:55:31,2026-10-06 18:55:31
1743,7669727197610917909,7669727197610917909,,印尼,142,7,,,8月27日,2026-10-06,2026-10-06 18:55:31,,33,,2026-10-06 18:55:31,2026-10-06 18:55:31
1744,7669727367060881429,7669727367060881429,,印尼,142,7,,,8月27日,,2026-10-06 18:55:31,,33,,2026-10-06 18:55:31,2026-10-06 18:55:31
1745,7639266520862687240,7639266520862687240,,巴西,139,-3,,,8月27日,2026-10-06,2026-10-06 18:55:31,,33,,2026-10-06 18:55:31,2026-10-06 18:55:31
1746,7639267210237657106,7639267210237657106,,巴西,139,-3,,,8月27日,2026-10-06,2026-10-06 18:55:31,,33,,2026-10-06 18:55:31,2026-10-06 18:55:31
1747,7670091847062192148,7670091847062192148,29,巴西,139,-3,,,8月27日,2026-10-06,2026-10-06 18:55:31,,31,,2026-10-06 18:55:31,2026-10-06 18:55:31
1748,7670087635700056084,7670087635700056084,29,巴西,139,-3,,,8月27日,2026-10-06,2026-10-06 18:55:31,,31,,2026-10-06 18:55:31,2026-10-06 18:55:31
1749,7670087636597440533,7670087636597440533,,巴西,139,-3,,,8月27日,,2026-10-06 18:55:31,,33,,2026-10-06 18:55:31,2026-10-06 18:55:31
1750,7661945711726034964,7661945711726034964,,巴西,139,-3,,,8月27日,2026-10-06,2026-10-06 18:55:31,,33,,2026-10-06 18:55:31,2026-10-06 18:55:31
1751,7661946842376044564,7661946842376044564,,巴西,139,-3,,,8月27日,2026-10-06,2026-10-06 18:55:31,,32,,2026-10-06 18:55:31,2026-10-06 18:55:31
1752,7661945711726133268,7661945711726133268,,巴西,139,-3,,,8月27日,,2026-10-06 18:55:31,,32,,2026-10-06 18:55:31,2026-10-06 18:55:31
1753,7673790306877227028,7673790306877227028,6,巴西,142,-3,,,8月27日,2026-10-06,2026-10-06 18:55:31,,28,,2026-10-06 18:55:31,2026-10-06 18:55:31
1754,7673789912713330708,7673789912713330708,6,巴西,142,-3,,,8月27日,2026-10-06,2026-10-06 18:55:31,,28,,2026-10-06 18:55:31,2026-10-06 18:55:31
1755,7673790112513146901,7673790112513146901,6,巴西,142,-3,,,8月27日,2026-10-06,2026-10-06 18:55:31,,28,,2026-10-06 18:55:31,2026-10-06 18:55:31
1756,7675626681993822228,7675626681993822228,,巴西,142,-3,,,8月27日,,2026-10-06 18:55:31,,29,,2026-10-06 18:55:31,2026-10-06 18:55:31
1757,7675621271849435157,7675621271849435157,,巴西,142,-3,,,8月27日,,2026-10-06 18:55:31,,29,,2026-10-06 18:55:31,2026-10-06 18:55:31
1758,7675621040306946068,7675621040306946068,,巴西,142,-3,,,8月27日,,2026-10-06 18:55:31,,29,,2026-10-06 18:55:31,2026-10-06 18:55:31
1759,7675620985506070548,7675620985506070548,41,巴西,142,-3,,,8月27日,2026-10-06,2026-10-06 18:55:31,,30,,2026-10-06 18:55:31,2026-10-06 18:55:31
1760,7675621429588525077,7675621429588525077,41,巴西,142,-3,,,8月27日,2026-10-06,2026-10-06 18:55:31,,30,,2026-10-06 18:55:31,2026-10-06 18:55:31
1761,7675621054223843348,7675621054223843348,41,巴西,142,-3,,,8月27日,2026-10-06,2026-10-06 18:55:31,,30,,2026-10-06 18:55:31,2026-10-06 18:55:31
1762,7675621361699684373,7675621361699684373,35,巴西,142,-3,,,8月27日,2026-10-06,2026-10-06 18:55:31,,31,,2026-10-06 18:55:31,2026-10-06 18:55:31
1763,7675621359707406357,7675621359707406357,35,巴西,142,-3,,,8月27日,2026-10-06,2026-10-06 18:55:31,,31,,2026-10-06 18:55:31,2026-10-06 18:55:31
1764,7638925535737053202,7638925535737053202,,巴西,144,-3,,,8月28日,2026-10-06,2026-10-06 18:55:31,,29,,2026-10-06 18:55:31,2026-10-06 18:55:31
1765,7621089831736754184,7621089831736754184,1,印尼,144,7,,,8月28日,2026-10-06,2026-10-06 18:55:31,,23,,2026-10-06 18:55:31,2026-10-06 18:55:31
1766,7675519570041339912,7675519570041339912,,巴西,145,-3,,,8月29日,2026-10-06,2026-10-06 18:55:31,,29,,2026-10-06 18:55:31,2026-10-06 18:55:31
1767,7675519955151929362,7675519955151929362,35,巴西,145,-3,,,8月29日,2026-10-06,2026-10-06 18:55:31,,31,,2026-10-06 18:55:31,2026-10-06 18:55:31
1768,7675519984277143559,7675519984277143559,,巴西,145,-3,,,8月29日,2026-10-06,2026-10-06 18:55:31,,33,,2026-10-06 18:55:31,2026-10-06 18:55:31
1769,7675520190695636999,7675520190695636999,,巴西,145,-3,,,8月29日,,2026-10-06 18:55:31,,32,,2026-10-06 18:55:31,2026-10-06 18:55:31
1770,7675520554853482514,7675520554853482514,44,巴西,145,-3,,,8月29日,2026-10-06,2026-10-06 18:55:31,,30,,2026-10-06 18:55:31,2026-10-06 18:55:31
1771,7665251234350972949,7665251234350972949,41,巴西,142,-3,,,8月31日,2026-10-06,2026-10-06 18:55:31,,30,,2026-10-06 18:55:31,2026-10-06 18:55:31
1772,7665251204511023124,7665251204511023124,,巴西,142,-3,,,8月31日,,2026-10-06 18:55:31,,29,,2026-10-06 18:55:31,2026-10-06 18:55:31
1773,7670075060979777556,7670075060979777556,,巴西,142,-3,,,8月31日,,2026-10-06 18:55:31,,29,,2026-10-06 18:55:31,2026-10-06 18:55:31
1774,7662271776509607956,7662271776509607956,,巴西,142,-3,,,8月31日,2026-10-06,2026-10-06 18:55:31,,32,,2026-10-06 18:55:31,2026-10-06 18:55:31
1775,7665251254775611413,7665251254775611413,,巴西,142,-3,,,8月31日,2026-10-06,2026-10-06 18:55:31,,33,,2026-10-06 18:55:31,2026-10-06 18:55:31
1776,7671105136646897685,7671105136646897685,,巴西,139,-3,,,8月31日,2026-10-06,2026-10-06 18:55:31,,32,,2026-10-06 18:55:31,2026-10-06 18:55:31
1777,7671105136646766613,7671105136646766613,,巴西,139,-3,,,8月31日,2026-10-06,2026-10-06 18:55:31,,32,,2026-10-06 18:55:31,2026-10-06 18:55:31
1778,7680097241253396487,7680097241253396487,35,巴西,139,-3,,,8月31日,2026-10-06,2026-10-06 18:55:31,,31,,2026-10-06 18:55:31,2026-10-06 18:55:31
1779,7680097557053554696,7680097557053554696,35,巴西,139,-3,,,8月31日,2026-10-06,2026-10-06 18:55:31,,31,,2026-10-06 18:55:31,2026-10-06 18:55:31
1780,7680098029852049415,7680098029852049415,35,巴西,139,-3,,,8月31日,2026-10-06,2026-10-06 18:55:31,,31,,2026-10-06 18:55:31,2026-10-06 18:55:31
1781,7680098427077722133,7680098427077722133,35,巴西,139,-3,,,8月31日,2026-10-06,2026-10-06 18:55:31,,31,,2026-10-06 18:55:31,2026-10-06 18:55:31
1782,7647734674462310420,7647734674462310420,44,巴西,139,-3,,,9月1日,2026-10-06,2026-10-06 18:55:31,,30,,2026-10-06 18:55:31,2026-10-06 18:55:31
1783,7670087829950840852,7670087829950840852,44,巴西,139,-3,,,9月1日,2026-10-06,2026-10-06 18:55:31,,30,,2026-10-06 18:55:31,2026-10-06 18:55:31
1784,7639286440970633224,7639286440970633224,,墨西哥,139,-6,,,9月1日,,2026-10-06 18:55:31,,29,,2026-10-06 18:55:31,2026-10-06 18:55:31
1785,7639287904245727239,7639287904245727239,43,墨西哥,139,-6,,,9月1日,2026-10-06,2026-10-06 18:55:31,,30,,2026-10-06 18:55:31,2026-10-06 18:55:31
1786,7627069127634550792,7627069127634550792,34,墨西哥,139,-6,,,9月1日,2026-10-06,2026-10-06 18:55:31,,31,,2026-10-06 18:55:31,2026-10-06 18:55:31
1787,7663026791552221191,7663026791552221191,,巴西,139,-3,,,9月1日,2026-10-06,2026-10-06 18:55:31,,29,,2026-10-06 18:55:31,2026-10-06 18:55:31
1788,7663026577961418759,7663026577961418759,,巴西,139,-3,,,9月1日,2026-10-06,2026-10-06 18:55:31,,29,,2026-10-06 18:55:31,2026-10-06 18:55:31
1789,7663028440503140370,7663028440503140370,,巴西,139,-3,,,9月1日,2026-10-06,2026-10-06 18:55:31,,29,,2026-10-06 18:55:31,2026-10-06 18:55:31
1790,7641511661890961426,7641511661890961426,34,墨西哥,155,-6,,,9月1日,2026-10-06,2026-10-06 18:55:31,,31,,2026-10-06 18:55:31,2026-10-06 18:55:31
1791,7670486908316680199,7670486908316680199,6,巴西,139,-3,,,9月1日,2026-10-06,2026-10-06 18:55:31,,28,,2026-10-06 18:55:31,2026-10-06 18:55:31
1792,7670485971868893202,7670485971868893202,,巴西,139,-3,,,9月1日,,2026-10-06 18:55:31,,29,,2026-10-06 18:55:31,2026-10-06 18:55:31
1793,7670487041062551559,7670487041062551559,35,巴西,139,-3,,,9月1日,2026-10-06,2026-10-06 18:55:31,,31,,2026-10-06 18:55:31,2026-10-06 18:55:31
1794,7670487572135903250,7670487572135903250,41,巴西,139,-3,,,9月1日,2026-10-06,2026-10-06 18:55:31,,30,,2026-10-06 18:55:31,2026-10-06 18:55:31
1795,7678962033810898965,7678962033810898965,41,巴西,149,-3,,,9月2日,2026-10-06,2026-10-06 18:55:31,,30,,2026-10-06 18:55:31,2026-10-06 18:55:31
1796,7678961419647647765,7678961419647647765,,巴西,149,-3,,,9月2日,2026-10-06,2026-10-06 18:55:31,,32,,2026-10-06 18:55:31,2026-10-06 18:55:31
1797,7678960814526660628,7678960814526660628,,巴西,149,-3,,,9月2日,2026-10-06,2026-10-06 18:55:31,,32,,2026-10-06 18:55:31,2026-10-06 18:55:31
1798,7678960017713709077,7678960017713709077,,巴西,149,-3,,,9月2日,2026-10-06,2026-10-06 18:55:31,,33,,2026-10-06 18:55:31,2026-10-06 18:55:31
1799,7678957094711934997,7678957094711934997,,巴西,149,-3,,,9月2日,2026-10-06,2026-10-06 18:55:31,,29,,2026-10-06 18:55:31,2026-10-06 18:55:31
1800,7666034680285921300,7666034680285921300,2,巴西,147,-3,,,9月2日,2026-10-06,2026-10-06 18:55:31,,29,,2026-10-06 18:55:31,2026-10-06 18:55:31
1801,7606288696773689345,7606288696773689345,,巴西,155,-3,,,9月2日,2026-10-06,2026-10-06 18:55:31,,29,,2026-10-06 18:55:31,2026-10-06 18:55:31
1802,7581305573971492872,7581305573971492872,,菲律宾,139,8,,,9月2日,2026-10-06,2026-10-06 18:55:31,,29,,2026-10-06 18:55:31,2026-10-06 18:55:31
1803,7581306242107326481,7581306242107326481,,菲律宾,139,8,,,9月2日,2026-10-06,2026-10-06 18:55:31,,29,,2026-10-06 18:55:31,2026-10-06 18:55:31
1804,7670468851272040466,7670468851272040466,1,印尼,139,7,,,9月2日,2026-10-06,2026-10-06 18:55:31,,23,,2026-10-06 18:55:31,2026-10-06 18:55:31
1805,7670470289658298388,7670470289658298388,42,印尼,139,7,,,9月2日,2026-10-06,2026-10-06 18:55:31,,30,,2026-10-06 18:55:31,2026-10-06 18:55:31
1806,7670470594479456274,7670470594479456274,42,印尼,139,7,,,9月2日,2026-10-06,2026-10-06 18:55:31,,30,,2026-10-06 18:55:31,2026-10-06 18:55:31
1807,7670470961642307592,7670470961642307592,,印尼,139,7,,,9月2日,2026-10-06,2026-10-06 18:55:31,,33,,2026-10-06 18:55:31,2026-10-06 18:55:31
1808,7670471001999343623,7670471001999343623,,印尼,139,7,,,9月2日,,2026-10-06 18:55:31,,33,,2026-10-06 18:55:31,2026-10-06 18:55:31
1809,7639940695872585735,7639940695872585735,,巴西,155,-3,,,9月3日,2026-10-06,2026-10-06 18:55:31,,32,,2026-10-06 18:55:31,2026-10-06 18:55:31
1810,7670798290811633672,7670798290811633672,,巴西,147,-3,,,9月3日,2026-10-06,2026-10-06 18:55:31,,29,,2026-10-06 18:55:31,2026-10-06 18:55:31
1811,7670799172539858951,7670799172539858951,44,巴西,147,-3,,,9月3日,2026-10-06,2026-10-06 18:55:31,,30,,2026-10-06 18:55:31,2026-10-06 18:55:31
1812,7670799060426948626,7670799060426948626,1,印尼,147,7,,,9月3日,2026-10-06,2026-10-06 18:55:31,,23,,2026-10-06 18:55:31,2026-10-06 18:55:31
1813,7627025763721216007,7627025763721216007,1,印尼,144,7,,,9月4日,2026-10-06,2026-10-06 18:55:31,,23,,2026-10-06 18:55:31,2026-10-06 18:55:31
1814,7627025880325439506,7627025880325439506,33,印尼,144,7,,,9月4日,2026-10-06,2026-10-06 18:55:31,,31,,2026-10-06 18:55:31,2026-10-06 18:55:31
1815,7627028344101584903,7627028344101584903,13,印尼,144,7,,,9月4日,2026-10-06,2026-10-06 18:55:31,,28,,2026-10-06 18:55:31,2026-10-06 18:55:31
1816,7643762153387327495,7643762153387327495,6,巴西,144,-3,,,9月4日,2026-10-06,2026-10-06 18:55:31,,28,,2026-10-06 18:55:31,2026-10-06 18:55:31
1817,7640020462143406101,7640020462143406101,,巴西,144,-3,,,9月4日,2026-10-06,2026-10-06 18:55:31,,29,,2026-10-06 18:55:31,2026-10-06 18:55:31
1818,7619247152354705415,7619247152354705415,,巴西,140,-3,,,9月4日,2026-10-06,2026-10-06 18:55:31,,33,,2026-10-06 18:55:31,2026-10-06 18:55:31
1819,7619246951141392391,7619246951141392391,,巴西,140,-3,,,9月4日,2026-10-06,2026-10-06 18:55:31,,33,,2026-10-06 18:55:31,2026-10-06 18:55:31
1820,7619247102509645832,7619247102509645832,,巴西,140,-3,,,9月4日,2026-10-06,2026-10-06 18:55:31,,32,,2026-10-06 18:55:31,2026-10-06 18:55:31
1821,7619247095916544008,7619247095916544008,,巴西,140,-3,,,9月4日,2026-10-06,2026-10-06 18:55:31,,32,,2026-10-06 18:55:31,2026-10-06 18:55:31
1822,7619247182018740231,7619247182018740231,,巴西,140,-3,,,9月4日,2026-10-06,2026-10-06 18:55:31,,29,,2026-10-06 18:55:31,2026-10-06 18:55:31
1823,7619245972507181074,7619245972507181074,,巴西,140,-3,,,9月4日,2026-10-06,2026-10-06 18:55:31,,29,,2026-10-06 18:55:31,2026-10-06 18:55:31
1824,7619246163434340359,7619246163434340359,35,巴西,140,-3,,,9月4日,2026-10-06,2026-10-06 18:55:31,,31,,2026-10-06 18:55:31,2026-10-06 18:55:31
1825,7619246289863098386,7619246289863098386,41,巴西,140,-3,,,9月4日,2026-10-06,2026-10-06 18:55:31,,30,,2026-10-06 18:55:31,2026-10-06 18:55:31
1826,7577019749742428167,7577019749742428167,,印尼,140,7,,,9月4日,2026-10-06,2026-10-06 18:55:31,,33,,2026-10-06 18:55:31,2026-10-06 18:55:31
1827,7613962363884273681,7613962363884273681,,印尼,140,7,,,9月4日,,2026-10-06 18:55:31,,33,,2026-10-06 18:55:31,2026-10-06 18:55:31
1828,7613961162119643154,7613961162119643154,2,印尼,140,7,,,9月4日,2026-10-06,2026-10-06 18:55:31,,29,,2026-10-06 18:55:31,2026-10-06 18:55:31
1829,7613962420733853712,7613962420733853712,2,印尼,140,7,,,9月4日,2026-10-06,2026-10-06 18:55:31,,29,,2026-10-06 18:55:31,2026-10-06 18:55:31
1830,7614034816882950161,7614034816882950161,33,印尼,140,7,,,9月4日,2026-10-06,2026-10-06 18:55:31,,31,,2026-10-06 18:55:31,2026-10-06 18:55:31
1831,7672263544791891989,7672263544791891989,,印尼,139,7,,,9月4日,2026-10-06,2026-10-06 18:55:31,,33,,2026-10-06 18:55:31,2026-10-06 18:55:31
1832,7644515488579977236,7644515488579977236,,印尼,139,7,,,9月4日,,2026-10-06 18:55:31,,33,,2026-10-06 18:55:31,2026-10-06 18:55:31
1833,7668621424613179412,7668621424613179412,33,印尼,139,7,,,9月4日,2026-10-06,2026-10-06 18:55:31,,31,,2026-10-06 18:55:31,2026-10-06 18:55:31
1834,7645288751672967176,7645288751672967176,,巴西,156,-2,,,9月4日,2026-10-06,2026-10-06 18:55:31,,29,,2026-10-06 18:55:31,2026-10-06 18:55:31
1835,7645288395590795272,7645288395590795272,,巴西,156,-2,,,9月4日,2026-10-06,2026-10-06 18:55:31,,29,,2026-10-06 18:55:31,2026-10-06 18:55:31
1836,7645288992595640327,7645288992595640327,35,巴西,156,-2,,,9月4日,2026-10-06,2026-10-06 18:55:31,,31,,2026-10-06 18:55:31,2026-10-06 18:55:31
1837,7681202133206728725,7681202133206728725,,巴西,155,-3,,,9月4日,2026-10-06,2026-10-06 18:55:31,,32,,2026-10-06 18:55:31,2026-10-06 18:55:31
1838,7681205002211442708,7681205002211442708,,印尼,155,7,,,9月4日,2026-10-06,2026-10-06 18:55:31,,33,,2026-10-06 18:55:31,2026-10-06 18:55:31
1839,7676458702500790279,7676458702500790279,,巴西,145,-3,,,9月7日,2026-10-06,2026-10-06 18:55:31,,33,,2026-10-06 18:55:31,2026-10-06 18:55:31
1840,7676458868997783570,7676458868997783570,,巴西,145,-3,,,9月7日,2026-10-06,2026-10-06 18:55:31,,33,,2026-10-06 18:55:31,2026-10-06 18:55:31
1841,7676459054970552328,7676459054970552328,41,巴西,145,-3,,,9月7日,2026-10-06,2026-10-06 18:55:31,,30,,2026-10-06 18:55:31,2026-10-06 18:55:31
1842,7676459373191577618,7676459373191577618,,巴西,145,-3,,,9月7日,2026-10-06,2026-10-06 18:55:31,,29,,2026-10-06 18:55:31,2026-10-06 18:55:31
1843,7676459515111047175,7676459515111047175,,巴西,145,-3,,,9月7日,2026-10-06,2026-10-06 18:55:31,,29,,2026-10-06 18:55:31,2026-10-06 18:55:31
1844,7673406419781140501,7673406419781140501,2,印尼,142,7,,,9月7日,,2026-10-06 18:55:31,,29,,2026-10-06 18:55:31,2026-10-06 18:55:31
1845,7673406419781238805,7673406419781238805,7,印尼,142,7,,,9月7日,2026-10-06,2026-10-06 18:55:31,,28,,2026-10-06 18:55:31,2026-10-06 18:55:31
1846,7657506739419398151,7657506739419398151,,巴西,147,-3,,,9月7日,,2026-10-06 18:55:31,,29,,2026-10-06 18:55:31,2026-10-06 18:55:31
1847,7682686557716316180,7682686557716316180,39,尼日利亚,155,1,,,9月7日,2026-10-06,2026-10-06 18:55:31,,,,2026-10-06 18:55:31,2026-10-06 18:55:31
1848,7680838251267162132,7680838251267162132,42,印尼,155,7,,,9月8日,2026-10-06,2026-10-06 18:55:31,,30,,2026-10-06 18:55:31,2026-10-06 18:55:31
1849,7648169721619120149,7648169721619120149,,菲律宾,139,8,,,9月8日,2026-10-06,2026-10-06 18:55:31,,33,,2026-10-06 18:55:31,2026-10-06 18:55:31
1850,7678286955622219784,7678286955622219784,,菲律宾,139,8,,,9月8日,,2026-10-06 18:55:31,,32,,2026-10-06 18:55:31,2026-10-06 18:55:31
1851,7620440758593224711,7620440758593224711,,印尼,144,8,,,9月8日,2026-10-06,2026-10-06 18:55:31,,33,,2026-10-06 18:55:31,2026-10-06 18:55:31
1852,7642715911132151829,7642715911132151829,44,巴西,156,-3,,,9月8日,2026-10-06,2026-10-06 18:55:31,,30,,2026-10-06 18:55:31,2026-10-06 18:55:31
1853,7642735546430750741,7642735546430750741,6,巴西,156,-3,,,9月8日,2026-10-06,2026-10-06 18:55:31,,28,,2026-10-06 18:55:31,2026-10-06 18:55:31
1854,7642736727907500053,7642736727907500053,,巴西,156,-3,,,9月8日,2026-10-06,2026-10-06 18:55:31,,32,,2026-10-06 18:55:31,2026-10-06 18:55:31
1855,7642736689382866965,7642736689382866965,,巴西,156,-3,,,9月8日,2026-10-06,2026-10-06 18:55:31,,29,,2026-10-06 18:55:31,2026-10-06 18:55:31
1856,7675517375686787090,7675517375686787090,,巴西,145,-3,,,9月8日,2026-10-06,2026-10-06 18:55:31,,32,,2026-10-06 18:55:31,2026-10-06 18:55:31
1857,7675517385907879954,7675517385907879954,,巴西,145,-3,,,9月8日,,2026-10-06 18:55:31,,29,,2026-10-06 18:55:31,2026-10-06 18:55:31
1858,7675517523311280135,7675517523311280135,,巴西,145,-3,,,9月8日,,2026-10-06 18:55:31,,29,,2026-10-06 18:55:31,2026-10-06 18:55:31
1859,7675517564624584722,7675517564624584722,36,巴西,145,-3,,,9月8日,2026-10-06,2026-10-06 18:55:31,,31,,2026-10-06 18:55:31,2026-10-06 18:55:31
1860,7654440680407695381,7654440680407695381,,印尼,155,7,,,9月8日,2026-10-06,2026-10-06 18:55:31,,32,,2026-10-06 18:55:31,2026-10-06 18:55:31
1861,7667065881763086357,7667065881763086357,,巴西,155,-3,,,9月8日,2026-10-06,2026-10-06 18:55:31,,32,,2026-10-06 18:55:31,2026-10-06 18:55:31
1862,7678682673224892437,7678682673224892437,2,印尼,148,7,,,9月9日,2026-10-06,2026-10-06 18:55:31,,29,,2026-10-06 18:55:31,2026-10-06 18:55:31
1863,7675522234743554056,7675522234743554056,6,巴西,148,-3,,,9月9日,2026-10-06,2026-10-06 18:55:31,,28,,2026-10-06 18:55:31,2026-10-06 18:55:31
1864,7675522111993085959,7675522111993085959,,巴西,148,-3,,,9月9日,,2026-10-06 18:55:31,,29,,2026-10-06 18:55:31,2026-10-06 18:55:31
1865,7676480966285950983,7676480966285950983,,墨西哥,156,-6,,,9月9日,2026-10-06,2026-10-06 18:55:31,,29,,2026-10-06 18:55:31,2026-10-06 18:55:31
1866,7676468029995319303,7676468029995319303,,墨西哥,156,-6,,,9月9日,,2026-10-06 18:55:31,,29,,2026-10-06 18:55:31,2026-10-06 18:55:31
1867,7678685488428924948,7678685488428924948,,墨西哥,156,-6,,,9月9日,,2026-10-06 18:55:31,,29,,2026-10-06 18:55:31,2026-10-06 18:55:31
1868,7678620953672515585,7678620953672515585,,尼日利亚,156,1,,,9月9日,2026-10-06,2026-10-06 18:55:31,,29,,2026-10-06 18:55:31,2026-10-06 18:55:31
1869,7678620978057854992,7678620978057854992,,尼日利亚,156,1,,,9月9日,2026-10-06,2026-10-06 18:55:31,,29,,2026-10-06 18:55:31,2026-10-06 18:55:31
1870,7673393416264335380,7673393416264335380,,巴西,,-3,,,9月10日,2026-10-06,2026-10-06 18:55:31,,29,,2026-10-06 18:55:31,2026-10-06 18:55:31
1871,7649233157779832840,7649233157779832840,,菲律宾,139,8,,,9月10日,,2026-10-06 18:55:31,,29,,2026-10-06 18:55:31,2026-10-06 18:55:31
1872,7649233087156158471,7649233087156158471,,菲律宾,139,8,,,9月10日,2026-10-06,2026-10-06 18:55:31,,33,,2026-10-06 18:55:31,2026-10-06 18:55:31
1873,7647457643401003015,7647457643401003015,,菲律宾,139,8,,,9月10日,,2026-10-06 18:55:31,,32,,2026-10-06 18:55:31,2026-10-06 18:55:31
1874,7681222024663941127,7681222024663941127,,巴西,149,-3,,,9月10日,,2026-10-06 18:55:31,,29,,2026-10-06 18:55:31,2026-10-06 18:55:31
1875,7681222554589413394,7681222554589413394,,巴西,149,-3,,,9月10日,,2026-10-06 18:55:31,,29,,2026-10-06 18:55:31,2026-10-06 18:55:31
1876,7668621866965286932,7668621866965286932,,巴西,139,-3,,,9月10日,2026-10-06,2026-10-06 18:55:31,,29,,2026-10-06 18:55:31,2026-10-06 18:55:31
1877,7668621851731869716,7668621851731869716,,巴西,139,-3,,,9月10日,2026-10-06,2026-10-06 18:55:31,,29,,2026-10-06 18:55:31,2026-10-06 18:55:31
1878,7665184184912150546,7665184184912150546,,巴西,139,-3,,,9月10日,2026-10-06,2026-10-06 18:55:31,,29,,2026-10-06 18:55:31,2026-10-06 18:55:31
1879,7614074331716026375,7614074331716026375,,印尼,139,7,,,9月10日,2026-10-06,2026-10-06 18:55:31,,32,,2026-10-06 18:55:31,2026-10-06 18:55:31
1880,7614073014321381394,7614073014321381394,,印尼,139,7,,,9月10日,2026-10-06,2026-10-06 18:55:31,,32,,2026-10-06 18:55:31,2026-10-06 18:55:31
1881,7614073453238435841,7614073453238435841,,印尼,139,7,,,9月10日,,2026-10-06 18:55:31,,33,,2026-10-06 18:55:31,2026-10-06 18:55:31
1882,7642572542687117332,7642572542687117332,,尼日利亚,155,1,,,9月11日,,2026-10-06 18:55:31,,29,,2026-10-06 18:55:31,2026-10-06 18:55:31
1883,7673406448702423060,7673406448702423060,2,印尼,142,7,,,9月11日,2026-10-06,2026-10-06 18:55:31,,29,,2026-10-06 18:55:31,2026-10-06 18:55:31
1884,7673406542695186453,7673406542695186453,2,印尼,142,7,,,9月11日,2026-10-06,2026-10-06 18:55:31,,29,,2026-10-06 18:55:31,2026-10-06 18:55:31
1885,7673406570977443861,7673406570977443861,,印尼,142,7,,,9月11日,2026-10-06,2026-10-06 18:55:31,,32,,2026-10-06 18:55:31,2026-10-06 18:55:31
1886,7673406479789162517,7673406479789162517,,印尼,142,7,,,9月11日,2026-10-06,2026-10-06 18:55:31,,32,,2026-10-06 18:55:31,2026-10-06 18:55:31
1887,7673406457257312276,7673406457257312276,,印尼,142,7,,,9月11日,,2026-10-06 18:55:31,,33,,2026-10-06 18:55:31,2026-10-06 18:55:31
1888,7673406921575301141,7673406921575301141,,印尼,142,7,,,9月11日,2026-10-06,2026-10-06 18:55:31,,33,,2026-10-06 18:55:31,2026-10-06 18:55:31
1889,7641877813114208264,7641877813114208264,,印尼,144,7,,,9月11日,,2026-10-06 18:55:31,,33,,2026-10-06 18:55:31,2026-10-06 18:55:31
1890,7660878428891004949,7660878428891004949,,墨西哥,155,-5,,,9月11日,,2026-10-06 18:55:31,,29,,2026-10-06 18:55:31,2026-10-06 18:55:31
1891,7678622506065412112,7678622506065412112,,尼日利亚,156,1,,,9月12日,2026-10-06,2026-10-06 18:55:31,,29,,2026-10-06 18:55:31,2026-10-06 18:55:31
1892,7678622685206855681,7678622685206855681,,尼日利亚,156,1,,,9月12日,2026-10-06,2026-10-06 18:55:31,,29,,2026-10-06 18:55:31,2026-10-06 18:55:31
1893,7678623383304470529,7678623383304470529,,尼日利亚,156,1,,,9月12日,2026-10-06,2026-10-06 18:55:31,,29,,2026-10-06 18:55:31,2026-10-06 18:55:31
1894,7667837692729638932,7667837692729638932,,印尼,139,7,,,9月12日,,2026-10-06 18:55:31,,32,,2026-10-06 18:55:31,2026-10-06 18:55:31
1895,7667837692729802772,7667837692729802772,,印尼,139,7,,,9月12日,2026-10-06,2026-10-06 18:55:31,,32,,2026-10-06 18:55:31,2026-10-06 18:55:31
1896,7667839436088115221,7667839436088115221,,印尼,139,7,,,9月12日,2026-10-06,2026-10-06 18:55:31,,33,,2026-10-06 18:55:31,2026-10-06 18:55:31
1897,7671105224525840404,7671105224525840404,,巴西,139,-3,,,9月12日,2026-10-06,2026-10-06 18:55:31,,29,,2026-10-06 18:55:31,2026-10-06 18:55:31
1898,7660047371102961671,7660047371102961671,,巴西,139,-3,,,9月12日,2026-10-06,2026-10-06 18:55:31,,32,,2026-10-06 18:55:31,2026-10-06 18:55:31
1899,7660046412834914322,7660046412834914322,,巴西,139,-3,,,9月12日,2026-10-06,2026-10-06 18:55:31,,33,,2026-10-06 18:55:31,2026-10-06 18:55:31
1900,7679001645828882450,7679001645828882450,,巴西,149,-3,,,9月14日,2026-10-06,2026-10-06 18:55:31,,29,,2026-10-06 18:55:31,2026-10-06 18:55:31
1901,7685280456157429778,7685280456157429778,2,印尼,146,7,,,9月14日,2026-10-06,2026-10-06 18:55:31,,29,,2026-10-06 18:55:31,2026-10-06 18:55:31
1902,7685278760689762325,7685278760689762325,,巴西,146,-3,,,9月14日,2026-10-06,2026-10-06 18:55:31,,33,,2026-10-06 18:55:31,2026-10-06 18:55:31
1903,7675517835090673671,7675517835090673671,,尼日利亚,156,1,,,9月14日,2026-10-06,2026-10-06 18:55:31,,29,,2026-10-06 18:55:31,2026-10-06 18:55:31
1904,7675517849598771207,7675517849598771207,,尼日利亚,156,1,,,9月14日,,2026-10-06 18:55:31,,29,,2026-10-06 18:55:31,2026-10-06 18:55:31
1905,7683091783797260296,7683091783797260296,,巴西,149,-3,,,9月14日,2026-10-06,2026-10-06 18:55:31,,29,,2026-10-06 18:55:31,2026-10-06 18:55:31
1906,7683091572648869895,7683091572648869895,,巴西,149,-3,,,9月14日,2026-10-06,2026-10-06 18:55:31,,32,,2026-10-06 18:55:31,2026-10-06 18:55:31
1907,7683094927938273287,7683094927938273287,21,巴西,149,-3,,,9月15日,,2026-10-06 18:55:31,,29,,2026-10-06 18:55:31,2026-10-06 18:55:31
1908,7683094848162496530,7683094848162496530,,巴西,149,-3,,,9月15日,2026-10-06,2026-10-06 18:55:31,,32,,2026-10-06 18:55:31,2026-10-06 18:55:31
1909,7670074969962905620,7670074969962905620,,巴西,149,-3,,,9月15日,2026-10-06,2026-10-06 18:55:31,,33,,2026-10-06 18:55:31,2026-10-06 18:55:31
1910,7669693716663140373,7669693716663140373,2,印尼,139,7,,,9月15日,2026-10-06,2026-10-06 18:55:31,,29,,2026-10-06 18:55:31,2026-10-06 18:55:31
1911,7662283585780498450,7662283585780498450,,印尼,139,7,,,9月15日,2026-10-06,2026-10-06 18:55:31,,32,,2026-10-06 18:55:31,2026-10-06 18:55:31
1912,7639274297214812168,7639274297214812168,,印尼,139,7,,,9月15日,2026-10-06,2026-10-06 18:55:31,,33,,2026-10-06 18:55:31,2026-10-06 18:55:31
1913,7641533810762301448,7641533810762301448,,印尼,139,7,,,9月15日,,2026-10-06 18:55:31,,33,,2026-10-06 18:55:31,2026-10-06 18:55:31
1914,7682686567877771285,7682686567877771285,,巴西,155,-3,,,9月15日,,2026-10-06 18:55:31,,29,,2026-10-06 18:55:31,2026-10-06 18:55:31
1915,7613696016520478721,7613696016520478721,,印尼,144,7,,,9月15日,2026-10-06,2026-10-06 18:55:31,,32,,2026-10-06 18:55:31,2026-10-06 18:55:31
1916,7613697906435981330,7613697906435981330,,印尼,144,7,,,9月15日,2026-10-06,2026-10-06 18:55:31,,33,,2026-10-06 18:55:31,2026-10-06 18:55:31
1917,7660514498298249224,7660514498298249224,,巴西,143,-3,,,9月15日,2026-10-06,2026-10-06 18:55:31,,32,,2026-10-06 18:55:31,2026-10-06 18:55:31
1918,7651530819625943048,7651530819625943048,,巴西,139,-3,,,9月15日,2026-10-06,2026-10-06 18:55:31,,29,,2026-10-06 18:55:31,2026-10-06 18:55:31
1919,7647730847676121106,7647730847676121106,,巴西,139,-3,,,9月15日,2026-10-06,2026-10-06 18:55:31,,29,,2026-10-06 18:55:31,2026-10-06 18:55:31
1920,7655583107793485845,7655583107793485845,,巴西,139,-3,,,9月15日,2026-10-06,2026-10-06 18:55:31,,33,,2026-10-06 18:55:31,2026-10-06 18:55:31
1921,7655583066588594197,7655583066588594197,,巴西,139,-3,,,9月15日,2026-10-06,2026-10-06 18:55:31,,32,,2026-10-06 18:55:31,2026-10-06 18:55:31
1922,7639967027771506708,7639967027771506708,,巴西,139,-3,,,9月15日,2026-10-06,2026-10-06 18:55:31,,32,,2026-10-06 18:55:31,2026-10-06 18:55:31
1923,7678668005609832469,7678668005609832469,,巴西,145,-3,,,9月15日,2026-10-06,2026-10-06 18:55:31,,29,,2026-10-06 18:55:31,2026-10-06 18:55:31
1924,7678671082160701461,7678671082160701461,,巴西,145,-3,,,9月15日,2026-10-06,2026-10-06 18:55:31,,33,,2026-10-06 18:55:31,2026-10-06 18:55:31
1925,7680511406151860245,7680511406151860245,,巴西,156,-3,,,9月15日,2026-10-06,2026-10-06 18:55:31,,32,,2026-10-06 18:55:31,2026-10-06 18:55:31
1926,7680511562293231637,7680511562293231637,,巴西,156,-3,,,9月15日,,2026-10-06 18:55:31,,33,,2026-10-06 18:55:31,2026-10-06 18:55:31
1927,7680511867802058772,7680511867802058772,,巴西,156,-3,,,9月15日,,2026-10-06 18:55:31,,33,,2026-10-06 18:55:31,2026-10-06 18:55:31
1928,7680511888324870164,7680511888324870164,,巴西,156,-3,,,9月15日,,2026-10-06 18:55:31,,29,,2026-10-06 18:55:31,2026-10-06 18:55:31
1929,7680511926058729492,7680511926058729492,44,巴西,156,-3,,,9月15日,2026-10-06,2026-10-06 18:55:31,,30,,2026-10-06 18:55:31,2026-10-06 18:55:31
1930,7639953217920450580,7639953217920450580,,巴西,144,-3,,,9月16日,,2026-10-06 18:55:31,,29,,2026-10-06 18:55:31,2026-10-06 18:55:31
1931,7613698771741884433,7613698771741884433,2,印尼,144,7,,,9月16日,2026-10-06,2026-10-06 18:55:31,,29,,2026-10-06 18:55:31,2026-10-06 18:55:31
1932,7669694775475077128,7669694775475077128,,印尼,139,7,,,9月16日,2026-10-06,2026-10-06 18:55:31,,32,,2026-10-06 18:55:31,2026-10-06 18:55:31
1933,7669698373150212103,7669698373150212103,,印尼,139,7,,,9月16日,2026-10-06,2026-10-06 18:55:31,,33,,2026-10-06 18:55:31,2026-10-06 18:55:31
1934,7661900573164994568,7661900573164994568,,巴西,139,-3,,,9月16日,2026-10-06,2026-10-06 18:55:31,,32,,2026-10-06 18:55:31,2026-10-06 18:55:31
1935,7680521545048604692,7680521545048604692,,巴西,145,-3,,,9月17日,2026-10-06,2026-10-06 18:55:31,,29,,2026-10-06 18:55:31,2026-10-06 18:55:31
1936,7680499988241170452,7680499988241170452,36,巴西,145,-3,,,9月17日,2026-10-06,2026-10-06 18:55:31,,31,,2026-10-06 18:55:31,2026-10-06 18:55:31
1937,7680505028607492116,7680505028607492116,,巴西,145,-3,,,9月17日,2026-10-06,2026-10-06 18:55:31,,33,,2026-10-06 18:55:31,2026-10-06 18:55:31
1938,7647440826364461074,7647440826364461074,,菲律宾,139,8,,,9月17日,2026-10-06,2026-10-06 18:55:31,,29,,2026-10-06 18:55:31,2026-10-06 18:55:31
1939,7667514406617481237,7667514406617481237,,菲律宾,139,8,,,9月17日,2026-10-06,2026-10-06 18:55:31,,29,,2026-10-06 18:55:31,2026-10-06 18:55:31
1940,7667514758450380821,7667514758450380821,,菲律宾,139,8,,,9月17日,2026-10-06,2026-10-06 18:55:31,,29,,2026-10-06 18:55:31,2026-10-06 18:55:31
1941,7670471338298834962,7670471338298834962,2,印尼,139,7,,,9月17日,2026-10-06,2026-10-06 18:55:31,,29,,2026-10-06 18:55:31,2026-10-06 18:55:31
1942,7667522397028843541,7667522397028843541,2,印尼,139,7,,,9月17日,2026-10-06,2026-10-06 18:55:31,,29,,2026-10-06 18:55:31,2026-10-06 18:55:31
1943,7600296097898201104,7600296097898201104,21,巴西,147,-3,,,9月17日,,2026-10-06 18:55:31,,29,,2026-10-06 18:55:31,2026-10-06 18:55:31
1944,7648096054499491861,7648096054499491861,,菲律宾,139,8,,,9月17日,,2026-10-06 18:55:31,,32,,2026-10-06 18:55:31,2026-10-06 18:55:31
1945,7685941849298583572,7685941849298583572,,巴西,144,-3,,,9月17日,2026-10-06,2026-10-06 18:55:31,,32,,2026-10-06 18:55:31,2026-10-06 18:55:31
1946,7678666828373655572,7678666828373655572,,印尼,148,8,,,9月17日,,2026-10-06 18:55:31,,33,,2026-10-06 18:55:31,2026-10-06 18:55:31
1947,7678666162222776340,7678666162222776340,,印尼,148,8,,,9月17日,2026-10-06,2026-10-06 18:55:31,,33,,2026-10-06 18:55:31,2026-10-06 18:55:31
1948,7678711298733015061,7678711298733015061,,印尼,148,8,,,9月17日,,2026-10-06 18:55:31,,32,,2026-10-06 18:55:31,2026-10-06 18:55:31
1949,7678665049069731861,7678665049069731861,,印尼,148,8,,,9月17日,,2026-10-06 18:55:31,,32,,2026-10-06 18:55:31,2026-10-06 18:55:31
1950,7678664931503620116,7678664931503620116,2,印尼,148,8,,,9月17日,,2026-10-06 18:55:31,,29,,2026-10-06 18:55:31,2026-10-06 18:55:31
1951,7678664537532432404,7678664537532432404,2,印尼,148,8,,,9月17日,,2026-10-06 18:55:31,,29,,2026-10-06 18:55:31,2026-10-06 18:55:31
1952,7684196585682386952,7684196585682386952,2,印尼,149,7,,,9月17日,2026-10-06,2026-10-06 18:55:31,,29,,2026-10-06 18:55:31,2026-10-06 18:55:31
1953,7686034786577678356,7686034786577678356,,巴西,142,-3,,,9月17日,2026-10-06,2026-10-06 18:55:31,,32,,2026-10-06 18:55:31,2026-10-06 18:55:31
1954,7686034786577842196,7686034786577842196,,巴西,142,-3,,,9月17日,2026-10-06,2026-10-06 18:55:31,,32,,2026-10-06 18:55:31,2026-10-06 18:55:31
1955,7686034573284835349,7686034573284835349,21,巴西,142,-3,,,9月17日,2026-10-06,2026-10-06 18:55:31,,29,,2026-10-06 18:55:31,2026-10-06 18:55:31
1956,7670443713144602645,7670443713144602645,2,印尼,144,7,,,9月18日,,2026-10-06 18:55:31,,29,,2026-10-06 18:55:31,2026-10-06 18:55:31
1957,7638930110624006162,7638930110624006162,2,印尼,144,7,,,9月18日,2026-10-06,2026-10-06 18:55:31,,29,,2026-10-06 18:55:31,2026-10-06 18:55:31
1958,7667786738730401799,7667786738730401799,2,印尼,139,7,,,9月18日,2026-10-06,2026-10-06 18:55:31,,29,,2026-10-06 18:55:31,2026-10-06 18:55:31
1959,7667787231138086919,7667787231138086919,2,印尼,139,7,,,9月18日,2026-10-06,2026-10-06 18:55:31,,29,,2026-10-06 18:55:31,2026-10-06 18:55:31
1960,7667789056230572040,7667789056230572040,,印尼,139,7,,,9月18日,2026-10-06,2026-10-06 18:55:31,,33,,2026-10-06 18:55:31,2026-10-06 18:55:31
1961,7667789165913522183,7667789165913522183,,印尼,139,7,,,9月18日,2026-10-06,2026-10-06 18:55:31,,33,,2026-10-06 18:55:31,2026-10-06 18:55:31
1962,7582060421205688337,7582060421205688337,21,巴西,,0,,,9月18日,2026-10-06,2026-10-06 18:55:31,,29,,2026-10-06 18:55:31,2026-10-06 18:55:31
1963,7582060439413555217,7582060439413555217,48,巴西,,0,,,9月18日,2026-10-06,2026-10-06 18:55:31,,30,,2026-10-06 18:55:31,2026-10-06 18:55:31
1964,7672636220370894868,7672636220370894868,11,巴西,,-3,,,9月18日,2026-10-06,2026-10-06 18:55:31,,28,,2026-10-06 18:55:31,2026-10-06 18:55:31
1965,7672635717335646228,7672635717335646228,36,巴西,,-3,,,9月18日,2026-10-06,2026-10-06 18:55:31,,31,,2026-10-06 18:55:31,2026-10-06 18:55:31
1966,7685283601570856980,7685283601570856980,21,巴西,142,-3,,,9月18日,2026-10-06,2026-10-06 18:55:31,,29,,2026-10-06 18:55:31,2026-10-06 18:55:31
1967,7678687198094589972,7678687198094589972,,巴西,145,-3,,,9月21日,2026-10-06,2026-10-06 18:55:31,,32,,2026-10-06 18:55:31,2026-10-06 18:55:31
1968,7678687254054748180,7678687254054748180,,巴西,145,-3,,,9月21日,,2026-10-06 18:55:31,,32,,2026-10-06 18:55:31,2026-10-06 18:55:31
1969,7678682848173342740,7678682848173342740,,巴西,145,-3,,,9月21日,,2026-10-06 18:55:31,,33,,2026-10-06 18:55:31,2026-10-06 18:55:31
1970,7678683006495703061,7678683006495703061,,巴西,145,-3,,,9月21日,,2026-10-06 18:55:31,,33,,2026-10-06 18:55:31,2026-10-06 18:55:31
1971,7676476498160779272,7676476498160779272,21,巴西,145,-3,,,9月21日,2026-10-06,2026-10-06 18:55:31,,29,,2026-10-06 18:55:31,2026-10-06 18:55:31
1972,7678682495645286421,7678682495645286421,21,巴西,145,-3,,,9月21日,,2026-10-06 18:55:31,,29,,2026-10-06 18:55:31,2026-10-06 18:55:31
1973,7687811383070621716,7687811383070621716,,巴西,155,-3,,,9月21日,2026-10-06,2026-10-06 18:55:31,,29,,2026-10-06 18:55:31,2026-10-06 18:55:31
1974,7687811151618555925,7687811151618555925,,巴西,155,-3,,,9月21日,2026-10-06,2026-10-06 18:55:31,,32,,2026-10-06 18:55:31,2026-10-06 18:55:31
1975,7687811562008002581,7687811562008002581,,印尼,155,7,,,9月21日,2026-10-06,2026-10-06 18:55:31,,33,,2026-10-06 18:55:31,2026-10-06 18:55:31
1976,7687824167721041940,7687824167721041940,,巴铁,155,5,,,9月21日,2026-10-06,2026-10-06 18:55:31,,29,,2026-10-06 18:55:31,2026-10-06 18:55:31
1977,7687824022574350356,7687824022574350356,,菲律宾,155,8,,,9月21日,,2026-10-06 18:55:31,,29,,2026-10-06 18:55:31,2026-10-06 18:55:31
1978,7687823718315343893,7687823718315343893,,菲律宾,155,8,,,9月21日,,2026-10-06 18:55:31,,29,,2026-10-06 18:55:31,2026-10-06 18:55:31
1979,7660071694589526034,7660071694589526034,,印尼,139,7,,,9月21日,2026-10-06,2026-10-06 18:55:31,,29,,2026-10-06 18:55:31,2026-10-06 18:55:31
1980,7659965974334521351,7659965974334521351,,印尼,139,7,,,9月21日,2026-10-06,2026-10-06 18:55:31,,33,,2026-10-06 18:55:31,2026-10-06 18:55:31
1981,7665252331134615573,7665252331134615573,,印尼,139,7,,,9月21日,,2026-10-06 18:55:31,,32,,2026-10-06 18:55:31,2026-10-06 18:55:31
1982,7680096646620971016,7680096646620971016,2,印尼,139,7,,,9月21日,2026-10-06,2026-10-06 18:55:31,,29,,2026-10-06 18:55:31,2026-10-06 18:55:31
1983,7680096652064129031,7680096652064129031,2,印尼,139,7,,,9月21日,2026-10-06,2026-10-06 18:55:31,,29,,2026-10-06 18:55:31,2026-10-06 18:55:31
1984,7680097066502357000,7680097066502357000,,印尼,139,7,,,9月21日,2026-10-06,2026-10-06 18:55:31,,33,,2026-10-06 18:55:31,2026-10-06 18:55:31
1985,7680097557053489160,7680097557053489160,,印尼,139,7,,,9月21日,2026-10-06,2026-10-06 18:55:31,,33,,2026-10-06 18:55:31,2026-10-06 18:55:31
1986,7686717559749050388,7686717559749050388,,菲律宾,139,8,,,9月21日,,2026-10-06 18:55:31,,29,,2026-10-06 18:55:31,2026-10-06 18:55:31
1987,7686717483364646932,7686717483364646932,,菲律宾,139,8,,,9月21日,,2026-10-06 18:55:31,,32,,2026-10-06 18:55:31,2026-10-06 18:55:31
1988,7685285300838547477,7685285300838547477,,巴西,142,-3,,,9月22日,2026-10-06,2026-10-06 18:55:31,,29,,2026-10-06 18:55:31,2026-10-06 18:55:31
1989,7685285294400258068,7685285294400258068,,巴西,142,-3,,,9月22日,2026-10-06,2026-10-06 18:55:31,,29,,2026-10-06 18:55:31,2026-10-06 18:55:31
1990,7685283844806672404,7685283844806672404,,巴西,142,-3,,,9月22日,2026-10-06,2026-10-06 18:55:31,,29,,2026-10-06 18:55:31,2026-10-06 18:55:31
1991,7670484794702364679,7670484794702364679,2,印尼,139,7,,,9月22日,,2026-10-06 18:55:31,,29,,2026-10-06 18:55:31,2026-10-06 18:55:31
1992,7677846254470135828,7677846254470135828,2,印尼,139,7,,,9月22日,2026-10-06,2026-10-06 18:55:31,,29,,2026-10-06 18:55:31,2026-10-06 18:55:31
1993,7670476688999972872,7670476688999972872,,巴西,139,-3,,,9月22日,2026-10-06,2026-10-06 18:55:31,,29,,2026-10-06 18:55:31,2026-10-06 18:55:31
1994,7670477675581653012,7670477675581653012,,巴西,139,-3,,,9月22日,2026-10-06,2026-10-06 18:55:31,,29,,2026-10-06 18:55:31,2026-10-06 18:55:31
1995,7621476674911207431,7621476674911207431,,巴西,144,-3,,,9月22日,2026-10-06,2026-10-06 18:55:31,,29,,2026-10-06 18:55:31,2026-10-06 18:55:31
1996,7683070219456806920,7683070219456806920,23,印尼,147,7,,54,9月23日,2026-10-06,2026-10-06 19:42:48,,25,,2026-10-06 18:55:31,2026-10-06 18:55:31
1997,7683732852659208213,7683732852659208213,,巴西,157,-3,,,9月23日,,2026-10-06 18:55:31,,29,,2026-10-06 18:55:31,2026-10-06 18:55:31
1998,7659663271540146184,7659663271540146184,,巴西,139,-3,,,9月23日,,2026-10-06 18:55:31,,29,,2026-10-06 18:55:31,2026-10-06 18:55:31
1999,7683096399537356807,7683096399537356807,,巴西,139,-3,,,9月23日,2026-10-06,2026-10-06 18:55:31,,29,,2026-10-06 18:55:31,2026-10-06 18:55:31
2000,7660854193544609799,7660854193544609799,,巴西,143,-3,,,9月23日,,2026-10-06 18:55:31,,29,,2026-10-06 18:55:31,2026-10-06 18:55:31
2001,7685945962943774740,7685945962943774740,,巴西,144,-3,,,9月23日,,2026-10-06 18:55:31,,32,,2026-10-06 18:55:31,2026-10-06 18:55:31
2002,7652206439083147281,7652206439083147281,2,印尼,144,7,,,9月23日,,2026-10-06 18:55:31,,29,,2026-10-06 18:55:31,2026-10-06 18:55:31
2003,7687923192618319892,7687923192618319892,,巴西,155,-3,,,9月23日,2026-10-06,2026-10-06 18:55:31,,29,,2026-10-06 18:55:31,2026-10-06 18:55:31
2004,7687811241226977301,7687811241226977301,42,印尼,155,7,,,9月23日,2026-10-06,2026-10-06 18:55:31,,30,,2026-10-06 18:55:31,2026-10-06 18:55:31
2005,7686394905544687617,7686394905544687617,,巴西,158,-3,,,9月23日,,2026-10-06 18:55:31,,29,,2026-10-06 18:55:31,2026-10-06 18:55:31
2006,7686768768439238663,7686768768439238663,,巴西,158,-3,,,9月23日,,2026-10-06 18:55:31,,29,,2026-10-06 18:55:31,2026-10-06 18:55:31
2007,7686768982137323540,7686768982137323540,,巴西,158,-3,,,9月23日,,2026-10-06 18:55:31,,29,,2026-10-06 18:55:31,2026-10-06 18:55:31
2008,7686700048280748052,7686700048280748052,,巴西,158,-3,,,9月23日,,2026-10-06 18:55:31,,29,,2026-10-06 18:55:31,2026-10-06 18:55:31
2009,7686700187721285652,7686700187721285652,,巴西,158,-3,,,9月23日,,2026-10-06 18:55:31,,29,,2026-10-06 18:55:31,2026-10-06 18:55:31
2010,7686700099417866261,7686700099417866261,35,巴西,158,-3,,,9月23日,2026-10-06,2026-10-06 18:55:31,,31,,2026-10-06 18:55:31,2026-10-06 18:55:31
2011,7686699477364752404,7686699477364752404,35,巴西,158,-3,,,9月23日,2026-10-06,2026-10-06 18:55:31,,31,,2026-10-06 18:55:31,2026-10-06 18:55:31
2012,7686699839756943381,7686699839756943381,35,巴西,158,-3,,,9月23日,2026-10-06,2026-10-06 18:55:31,,31,,2026-10-06 18:55:31,2026-10-06 18:55:31
2013,7686699874137669652,7686699874137669652,35,巴西,158,-3,,,9月23日,2026-10-06,2026-10-06 18:55:31,,31,,2026-10-06 18:55:31,2026-10-06 18:55:31
2014,7686409497883279380,7686409497883279380,35,巴西,158,-3,,,9月23日,2026-10-06,2026-10-06 18:55:31,,31,,2026-10-06 18:55:31,2026-10-06 18:55:31
2015,7686699892900282389,7686699892900282389,,巴西,158,-3,,,9月23日,,2026-10-06 18:55:31,,33,,2026-10-06 18:55:31,2026-10-06 18:55:31
2016,7686768829829201927,7686768829829201927,,巴西,158,-3,,,9月23日,,2026-10-06 18:55:31,,33,,2026-10-06 18:55:31,2026-10-06 18:55:31
2017,7686699887424995349,7686699887424995349,,巴西,158,-3,,,9月23日,,2026-10-06 18:55:31,,33,,2026-10-06 18:55:31,2026-10-06 18:55:31
2018,7686768687497216018,7686768687497216018,,巴西,158,-3,,,9月23日,,2026-10-06 18:55:31,,33,,2026-10-06 18:55:31,2026-10-06 18:55:31
2019,7686805804823232533,7686805804823232533,,巴西,158,-3,,,9月23日,,2026-10-06 18:55:31,,33,,2026-10-06 18:55:31,2026-10-06 18:55:31
2020,7686699992569626645,7686699992569626645,,巴西,158,-3,,,9月23日,2026-10-06,2026-10-06 18:55:31,,32,,2026-10-06 18:55:31,2026-10-06 18:55:31
2021,7686699657686204437,7686699657686204437,,巴西,158,-3,,,9月23日,2026-10-06,2026-10-06 18:55:31,,32,,2026-10-06 18:55:31,2026-10-06 18:55:31
2022,7686700536506138644,7686700536506138644,,巴西,158,-3,,,9月23日,2026-10-06,2026-10-06 18:55:31,,32,,2026-10-06 18:55:31,2026-10-06 18:55:31
2023,7686769149020340232,7686769149020340232,,巴西,158,-3,,,9月23日,2026-10-06,2026-10-06 18:55:31,,32,,2026-10-06 18:55:31,2026-10-06 18:55:31
2024,7686699551410978836,7686699551410978836,,巴西,158,-3,,,9月23日,2026-10-06,2026-10-06 18:55:31,,32,,2026-10-06 18:55:31,2026-10-06 18:55:31
2025,7678704453943377940,7678704453943377940,,巴西,148,-3,,,9月23日,,2026-10-06 18:55:31,,29,,2026-10-06 18:55:31,2026-10-06 18:55:31
2026,7678704269960380437,7678704269960380437,,巴西,148,-3,,,9月23日,,2026-10-06 18:55:31,,29,,2026-10-06 18:55:31,2026-10-06 18:55:31
2027,7678702122422009876,7678702122422009876,,巴西,148,-3,,,9月23日,,2026-10-06 18:55:31,,33,,2026-10-06 18:55:31,2026-10-06 18:55:31
2028,7678702033847025685,7678702033847025685,,巴西,148,-3,,,9月23日,,2026-10-06 18:55:31,,33,,2026-10-06 18:55:31,2026-10-06 18:55:31
2029,7678701597706469397,7678701597706469397,,巴西,148,-3,,,9月23日,,2026-10-06 18:55:31,,33,,2026-10-06 18:55:31,2026-10-06 18:55:31
2030,7678701481906192404,7678701481906192404,,巴西,148,-3,,,9月23日,,2026-10-06 18:55:31,,32,,2026-10-06 18:55:31,2026-10-06 18:55:31
2031,7678701456005808148,7678701456005808148,,巴西,148,-3,,,9月23日,2026-10-06,2026-10-06 18:55:31,,32,,2026-10-06 18:55:31,2026-10-06 18:55:31
2032,7678701297173626901,7678701297173626901,,巴西,148,-3,,,9月23日,2026-10-06,2026-10-06 18:55:31,,32,,2026-10-06 18:55:31,2026-10-06 18:55:31
2033,7678687759913435157,7678687759913435157,10,印尼,148,7,,,9月23日,2026-10-06,2026-10-06 18:55:31,,25,,2026-10-06 18:55:31,2026-10-06 18:55:31
2034,7678687430224134165,7678687430224134165,10,印尼,148,7,,,9月23日,2026-10-06,2026-10-06 18:55:31,,25,,2026-10-06 18:55:31,2026-10-06 18:55:31
2035,7678687034990526485,7678687034990526485,2,印尼,148,7,,,9月23日,,2026-10-06 18:55:31,,29,,2026-10-06 18:55:31,2026-10-06 18:55:31
2036,7678686747077001237,7678686747077001237,2,印尼,148,7,,,9月23日,2026-10-06,2026-10-06 18:55:31,,29,,2026-10-06 18:55:31,2026-10-06 18:55:31
2037,7678686414247755796,7678686414247755796,2,印尼,148,7,,,9月23日,2026-10-06,2026-10-06 18:55:31,,29,,2026-10-06 18:55:31,2026-10-06 18:55:31
2038,7678689255238729748,7678689255238729748,42,印尼,148,7,,,9月23日,2026-10-06,2026-10-06 18:55:31,,30,,2026-10-06 18:55:31,2026-10-06 18:55:31
2039,7678689009878532117,7678689009878532117,42,印尼,148,7,,,9月23日,2026-10-06,2026-10-06 18:55:31,,30,,2026-10-06 18:55:31,2026-10-06 18:55:31
2040,7678688765250125845,7678688765250125845,34,印尼,148,7,,,9月23日,2026-10-06,2026-10-06 18:55:31,,31,,2026-10-06 18:55:31,2026-10-06 18:55:31
2041,7678688504087576597,7678688504087576597,34,印尼,148,7,,,9月23日,2026-10-06,2026-10-06 18:55:31,,31,,2026-10-06 18:55:31,2026-10-06 18:55:31
2042,7678686070632120340,7678686070632120340,7,印尼,148,7,,,9月23日,2026-10-06,2026-10-06 18:55:31,,28,,2026-10-06 18:55:31,2026-10-06 18:55:31
2043,7678685832420687893,7678685832420687893,,印尼,148,7,,,9月23日,2026-10-06,2026-10-06 18:55:31,,33,,2026-10-06 18:55:31,2026-10-06 18:55:31
2044,7678685562812678164,7678685562812678164,,印尼,148,7,,,9月23日,2026-10-06,2026-10-06 18:55:31,,32,,2026-10-06 18:55:31,2026-10-06 18:55:31
2045,7687437015083925524,7687437015083925524,,巴西,140,-3,,,9月24日,2026-10-06,2026-10-06 18:55:31,,29,,2026-10-06 18:55:31,2026-10-06 18:55:31
2046,7686826236022177813,7686826236022177813,,巴西,140,-3,,,9月24日,2026-10-06,2026-10-06 18:55:31,,29,,2026-10-06 18:55:31,2026-10-06 18:55:31
2047,7686826091595530261,7686826091595530261,,巴西,140,-3,,,9月24日,2026-10-06,2026-10-06 18:55:31,,29,,2026-10-06 18:55:31,2026-10-06 18:55:31
2048,7687437015083859988,7687437015083859988,11,巴西,140,-3,,,9月24日,,2026-10-06 18:55:31,,28,,2026-10-06 18:55:31,2026-10-06 18:55:31
2049,7687436899992059925,7687436899992059925,11,巴西,140,-3,,,9月24日,,2026-10-06 18:55:31,,28,,2026-10-06 18:55:31,2026-10-06 18:55:31
2050,7686826168133959700,7686826168133959700,11,巴西,140,-3,,,9月24日,,2026-10-06 18:55:31,,28,,2026-10-06 18:55:31,2026-10-06 18:55:31
2051,7687542476455526421,7687542476455526421,,巴西,140,-3,,,9月24日,,2026-10-06 18:55:31,,33,,2026-10-06 18:55:31,2026-10-06 18:55:31
2052,7687437146090029077,7687437146090029077,,巴西,140,-3,,,9月24日,,2026-10-06 18:55:31,,32,,2026-10-06 18:55:31,2026-10-06 18:55:31
2053,7641148262490898440,7641148262490898440,,巴西,144,-3,,,9月24日,2026-10-06,2026-10-06 18:55:31,,29,,2026-10-06 18:55:31,2026-10-06 18:55:31
2054,7634151628035227666,7634151628035227666,11,巴西,144,-3,,,9月24日,,2026-10-06 18:55:31,,28,,2026-10-06 18:55:31,2026-10-06 18:55:31
2055,7678707669464694805,7678707669464694805,11,巴西,148,-3,,,9月24日,,2026-10-06 18:55:31,,28,,2026-10-06 18:55:31,2026-10-06 18:55:31
2056,7678707597236191253,7678707597236191253,11,巴西,148,-3,,,9月24日,,2026-10-06 18:55:31,,28,,2026-10-06 18:55:31,2026-10-06 18:55:31
2057,7678707520206290965,7678707520206290965,11,巴西,148,-3,,,9月24日,,2026-10-06 18:55:31,,28,,2026-10-06 18:55:31,2026-10-06 18:55:31
2058,7678707416959991829,7678707416959991829,,巴西,148,-3,,,9月24日,2026-10-06,2026-10-06 18:55:31,,29,,2026-10-06 18:55:31,2026-10-06 18:55:31
2059,7678707386227392532,7678707386227392532,,巴西,148,-3,,,9月24日,2026-10-06,2026-10-06 18:55:31,,29,,2026-10-06 18:55:31,2026-10-06 18:55:31
2060,7678707272410873877,7678707272410873877,,巴西,148,-3,,,9月24日,2026-10-06,2026-10-06 18:55:31,,29,,2026-10-06 18:55:31,2026-10-06 18:55:31
2061,7678707074049572885,7678707074049572885,,巴西,148,-3,,,9月24日,2026-10-06,2026-10-06 18:55:31,,29,,2026-10-06 18:55:31,2026-10-06 18:55:31
2062,7678706997176598549,7678706997176598549,,巴西,148,-3,,,9月24日,2026-10-06,2026-10-06 18:55:31,,29,,2026-10-06 18:55:31,2026-10-06 18:55:31
2063,7685737270963339271,7685737270963339271,,印尼,159,7,,,9月24日,,2026-10-06 18:55:31,,32,,2026-10-06 18:55:31,2026-10-06 18:55:31
2064,7685684970505207815,7685684970505207815,,印尼,159,7,,,9月24日,,2026-10-06 18:55:31,,32,,2026-10-06 18:55:31,2026-10-06 18:55:31
2065,7685684668292055048,7685684668292055048,,印尼,159,7,,,9月24日,,2026-10-06 18:55:31,,32,,2026-10-06 18:55:31,2026-10-06 18:55:31
2066,7685589534087757845,7685589534087757845,,印尼,159,7,,,9月24日,,2026-10-06 18:55:31,,32,,2026-10-06 18:55:31,2026-10-06 18:55:31
2067,7685589245314203669,7685589245314203669,,印尼,159,7,,,9月24日,2026-10-06,2026-10-06 18:55:31,,33,,2026-10-06 18:55:31,2026-10-06 18:55:31
2068,7685589047389372437,7685589047389372437,,印尼,159,7,,,9月24日,2026-10-06,2026-10-06 18:55:31,,33,,2026-10-06 18:55:31,2026-10-06 18:55:31
2069,7685588885788459028,7685588885788459028,,印尼,159,7,,,9月24日,2026-10-06,2026-10-06 18:55:31,,33,,2026-10-06 18:55:31,2026-10-06 18:55:31
2070,7685588615757332500,7685588615757332500,,印尼,159,7,,,9月24日,2026-10-06,2026-10-06 18:55:31,,33,,2026-10-06 18:55:31,2026-10-06 18:55:31
2071,7685738768413769746,7685738768413769746,2,印尼,159,7,,,9月24日,2026-10-06,2026-10-06 18:55:31,,29,,2026-10-06 18:55:31,2026-10-06 18:55:31
2072,7685686002786222098,7685686002786222098,2,印尼,159,7,,,9月24日,2026-10-06,2026-10-06 18:55:31,,29,,2026-10-06 18:55:31,2026-10-06 18:55:31
2073,7685685916966567944,7685685916966567944,2,印尼,159,7,,,9月24日,2026-10-06,2026-10-06 18:55:31,,29,,2026-10-06 18:55:31,2026-10-06 18:55:31
2074,7685685507253600274,7685685507253600274,2,印尼,159,7,,,9月24日,2026-10-06,2026-10-06 18:55:31,,29,,2026-10-06 18:55:31,2026-10-06 18:55:31
2075,7685588160167985173,7685588160167985173,7,印尼,159,7,,,9月24日,,2026-10-06 18:55:31,,28,,2026-10-06 18:55:31,2026-10-06 18:55:31
2076,7685587927895719957,7685587927895719957,7,印尼,159,7,,,9月24日,,2026-10-06 18:55:31,,28,,2026-10-06 18:55:31,2026-10-06 18:55:31
2077,7685587938441805844,7685587938441805844,7,印尼,159,7,,,9月24日,,2026-10-06 18:55:31,,28,,2026-10-06 18:55:31,2026-10-06 18:55:31
2078,7685587462130991124,7685587462130991124,7,印尼,159,7,,,9月24日,,2026-10-06 18:55:31,,28,,2026-10-06 18:55:31,2026-10-06 18:55:31
2079,7676475038496980999,7676475038496980999,,墨西哥,148,8,,,9月28日,,2026-10-06 18:55:31,,32,,2026-10-06 18:55:31,2026-10-06 18:55:31
2080,7676475020670943239,7676475020670943239,,墨西哥,148,8,,,9月28日,,2026-10-06 18:55:31,,32,,2026-10-06 18:55:31,2026-10-06 18:55:31
2081,7676473916000436242,7676473916000436242,,墨西哥,148,8,,,9月28日,2026-10-06,2026-10-06 18:55:31,,32,,2026-10-06 18:55:31,2026-10-06 18:55:31
2082,7676473342101258247,7676473342101258247,28,墨西哥,148,8,,,9月28日,,2026-10-06 18:55:31,,31,,2026-10-06 18:55:31,2026-10-06 18:55:31
2083,7676495371836784648,7676495371836784648,28,墨西哥,148,8,,,9月28日,2026-10-06,2026-10-06 18:55:31,,31,,2026-10-06 18:55:31,2026-10-06 18:55:31
2084,7676493534852284423,7676493534852284423,28,墨西哥,148,8,,,9月28日,2026-10-06,2026-10-06 18:55:31,,31,,2026-10-06 18:55:31,2026-10-06 18:55:31
2085,7676492351170363410,7676492351170363410,,墨西哥,148,8,,,9月28日,,2026-10-06 18:55:31,,33,,2026-10-06 18:55:31,2026-10-06 18:55:31
2086,7676492140205506567,7676492140205506567,,墨西哥,148,8,,,9月28日,,2026-10-06 18:55:31,,33,,2026-10-06 18:55:31,2026-10-06 18:55:31
2087,7675521340950233096,7675521340950233096,,墨西哥,148,-5,,,9月29日,,2026-10-06 18:55:31,,29,,2026-10-06 18:55:31,2026-10-06 18:55:31
2088,7676463324948381704,7676463324948381704,,墨西哥,148,-5,,,9月29日,,2026-10-06 18:55:31,,29,,2026-10-06 18:55:31,2026-10-06 18:55:31
2089,7660046539217469447,7660046539217469447,,巴西,139,-3,,,9月29日,,2026-10-06 18:55:31,,29,,2026-10-06 18:55:31,2026-10-06 18:55:31
2090,7660047377746657288,7660047377746657288,11,巴西,139,-3,,,9月29日,,2026-10-06 18:55:31,,28,,2026-10-06 18:55:31,2026-10-06 18:55:31
2091,7683364454473531412,7683364454473531412,,巴西,149,-3,,,9月29日,,2026-10-06 18:55:31,,29,,2026-10-06 18:55:31,2026-10-06 18:55:31
2092,7683377004078645266,7683377004078645266,,巴西,149,-3,,,9月29日,,2026-10-06 18:55:31,,29,,2026-10-06 18:55:31,2026-10-06 18:55:31
2093,7683367324874866695,7683367324874866695,,巴西,149,-3,,,9月29日,,2026-10-06 18:55:31,,29,,2026-10-06 18:55:31,2026-10-06 18:55:31
2094,7683367305206857735,7683367305206857735,,巴西,149,-3,,,9月29日,,2026-10-06 18:55:31,,29,,2026-10-06 18:55:31,2026-10-06 18:55:31
2095,7683367181412909063,7683367181412909063,,巴西,149,-3,,,9月29日,,2026-10-06 18:55:31,,29,,2026-10-06 18:55:31,2026-10-06 18:55:31
2096,7683377127001767954,7683377127001767954,37,巴西,149,-3,,,9月29日,,2026-10-06 18:55:31,,31,,2026-10-06 18:55:31,2026-10-06 18:55:31
2097,7683366949387386898,7683366949387386898,37,巴西,149,-3,,,9月29日,,2026-10-06 18:55:31,,31,,2026-10-06 18:55:31,2026-10-06 18:55:31
2098,7683367578424721416,7683367578424721416,37,巴西,149,-3,,,9月29日,,2026-10-06 18:55:31,,31,,2026-10-06 18:55:31,2026-10-06 18:55:31
2099,7683367076450582535,7683367076450582535,37,巴西,149,-3,,,9月29日,,2026-10-06 18:55:31,,31,,2026-10-06 18:55:31,2026-10-06 18:55:31
2100,7683382913861419026,7683382913861419026,11,巴西,149,-3,,,9月29日,2026-10-06,2026-10-06 18:55:31,,28,,2026-10-06 18:55:31,2026-10-06 18:55:31
2101,7683421966622441479,7683421966622441479,11,巴西,149,-3,,,9月29日,2026-10-06,2026-10-06 18:55:31,,28,,2026-10-06 18:55:31,2026-10-06 18:55:31
2102,7683367548158033938,7683367548158033938,11,巴西,149,-3,,,9月29日,2026-10-06,2026-10-06 18:55:31,,28,,2026-10-06 18:55:31,2026-10-06 18:55:31
2103,7683383135169626130,7683383135169626130,11,巴西,149,-3,,,9月29日,2026-10-06,2026-10-06 18:55:31,,28,,2026-10-06 18:55:31,2026-10-06 18:55:31
2104,7683375994232668167,7683375994232668167,,巴西,149,-3,,,9月29日,,2026-10-06 18:55:31,,33,,2026-10-06 18:55:31,2026-10-06 18:55:31
2105,7683367646175985672,7683367646175985672,,巴西,149,-3,,,9月29日,,2026-10-06 18:55:31,,33,,2026-10-06 18:55:31,2026-10-06 18:55:31
2106,7683376193199898642,7683376193199898642,,巴西,149,-3,,,9月29日,2026-10-06,2026-10-06 18:55:31,,33,,2026-10-06 18:55:31,2026-10-06 18:55:31
2107,7683377039274950674,7683377039274950674,,巴西,149,-3,,,9月29日,,2026-10-06 18:55:31,,32,,2026-10-06 18:55:31,2026-10-06 18:55:31
2108,7683367352433065991,7683367352433065991,,巴西,149,-3,,,9月29日,,2026-10-06 18:55:31,,32,,2026-10-06 18:55:31,2026-10-06 18:55:31
2109,7683378680848515080,7683378680848515080,,巴西,149,-3,,,9月29日,,2026-10-06 18:55:31,,32,,2026-10-06 18:55:31,2026-10-06 18:55:31
2110,7662265800195145736,7662265800195145736,2,泰国,149,7,,,9月29日,2026-10-06,2026-10-06 18:55:31,,29,,2026-10-06 18:55:31,2026-10-06 18:55:31
2111,7660004439147167751,7660004439147167751,2,泰国,149,7,,,9月29日,2026-10-06,2026-10-06 18:55:31,,29,,2026-10-06 18:55:31,2026-10-06 18:55:31
2112,7660737547749638162,7660737547749638162,2,泰国,149,7,,,9月29日,2026-10-06,2026-10-06 18:55:31,,29,,2026-10-06 18:55:31,2026-10-06 18:55:31
2113,7660001659075510279,7660001659075510279,31,泰国,149,7,,,9月29日,,2026-10-06 18:55:31,,31,,2026-10-06 18:55:31,2026-10-06 18:55:31
2114,7660001414505136136,7660001414505136136,31,泰国,149,7,,,9月29日,,2026-10-06 18:55:31,,31,,2026-10-06 18:55:31,2026-10-06 18:55:31
2115,7660001660216623112,7660001660216623112,,泰国,149,7,,,9月29日,,2026-10-06 18:55:31,,33,,2026-10-06 18:55:31,2026-10-06 18:55:31
2116,7660001309629906951,7660001309629906951,,泰国,149,7,,,9月29日,,2026-10-06 18:55:31,,32,,2026-10-06 18:55:31,2026-10-06 18:55:31
2117,7688662018911207444,7688662018911207444,7,尼日利亚,155,1,,,9月29日,,2026-10-06 18:55:31,,28,,2026-10-06 18:55:31,2026-10-06 18:55:31
2118,7678648266812145680,7678648266812145680,,尼日利亚,156,1,,,9月30日,2026-10-06,2026-10-06 18:55:31,,29,,2026-10-06 18:55:31,2026-10-06 18:55:31
2119,7678648280774967297,7678648280774967297,,尼日利亚,156,1,,,9月30日,2026-10-06,2026-10-06 18:55:31,,29,,2026-10-06 18:55:31,2026-10-06 18:55:31
2120,7678648328222539792,7678648328222539792,7,尼日利亚,156,1,,,9月30日,,2026-10-06 18:55:31,,28,,2026-10-06 18:55:31,2026-10-06 18:55:31
2121,7678684211567214612,7678684211567214612,2,印尼,148,8,,,9月30日,,2026-10-06 18:55:31,,29,,2026-10-06 18:55:31,2026-10-06 18:55:31
2122,7678685660923871252,7678685660923871252,2,印尼,148,8,,,9月30日,,2026-10-06 18:55:31,,29,,2026-10-06 18:55:31,2026-10-06 18:55:31
2123,7678686696166326293,7678686696166326293,2,印尼,148,8,,,9月30日,,2026-10-06 18:55:31,,29,,2026-10-06 18:55:31,2026-10-06 18:55:31
2124,7676478076244197383,7676478076244197383,,巴西,148,-3,,,9月30日,2026-10-06,2026-10-06 18:55:31,,29,,2026-10-06 18:55:31,2026-10-06 18:55:31
2125,7676476828079996946,7676476828079996946,,巴西,148,-3,,,9月30日,,2026-10-06 18:55:31,,29,,2026-10-06 18:55:31,2026-10-06 18:55:31
2126,7676476089666519058,7676476089666519058,,巴西,148,-3,,,9月30日,,2026-10-06 18:55:31,,29,,2026-10-06 18:55:31,2026-10-06 18:55:31
2127,7676475878087458824,7676475878087458824,11,巴西,148,-3,,,9月30日,,2026-10-06 18:55:31,,28,,2026-10-06 18:55:31,2026-10-06 18:55:31
2128,7676475756430950418,7676475756430950418,11,巴西,148,-3,,,9月30日,,2026-10-06 18:55:31,,28,,2026-10-06 18:55:31,2026-10-06 18:55:31
2129,7676475646532026376,7676475646532026376,11,巴西,148,-3,,,9月30日,,2026-10-06 18:55:31,,28,,2026-10-06 18:55:31,2026-10-06 18:55:31
2130,7676475405147799570,7676475405147799570,11,巴西,148,-3,,,9月30日,,2026-10-06 18:55:31,,28,,2026-10-06 18:55:31,2026-10-06 18:55:31
2131,7676474891411030024,7676474891411030024,11,巴西,148,-3,,,9月30日,,2026-10-06 18:55:31,,28,,2026-10-06 18:55:31,2026-10-06 18:55:31
2132,7676485387981406215,7676485387981406215,,巴铁,148,4,,,9月30日,,2026-10-06 18:55:31,,29,,2026-10-06 18:55:31,2026-10-06 18:55:31
2133,7675512220551102471,7675512220551102471,,巴铁,148,4,,,9月30日,,2026-10-06 18:55:31,,29,,2026-10-06 18:55:31,2026-10-06 18:55:31
2134,7676483206653919240,7676483206653919240,,巴铁,148,4,,,9月30日,,2026-10-06 18:55:31,,29,,2026-10-06 18:55:31,2026-10-06 18:55:31
2135,7648104339512262676,7648104339512262676,42,菲律宾,144,8,,,10月1日,,2026-10-06 18:55:31,,30,,2026-10-06 18:55:31,2026-10-06 18:55:31
2136,7621477093978308626,7621477093978308626,11,巴西,144,-3,,,10月1日,,2026-10-06 18:55:31,,28,,2026-10-06 18:55:31,2026-10-06 18:55:31
2137,7680515068865363988,7680515068865363988,48,巴西,145,0,,,10月2日,,2026-10-06 18:55:31,,30,,2026-10-06 18:55:31,2026-10-06 18:55:31
2138,7680524386960719893,7680524386960719893,48,巴西,145,0,,,10月2日,,2026-10-06 18:55:31,,30,,2026-10-06 18:55:31,2026-10-06 18:55:31
2139,7680525201406509077,7680525201406509077,,巴西,145,0,,,10月2日,2026-10-06,2026-10-06 18:55:31,,29,,2026-10-06 18:55:31,2026-10-06 18:55:31
2140,7680530357007040533,7680530357007040533,,巴西,145,0,,,10月2日,2026-10-06,2026-10-06 18:55:31,,29,,2026-10-06 18:55:31,2026-10-06 18:55:31
2141,7680504528501440532,7680504528501440532,14,巴西,145,0,,,10月2日,,2026-10-06 18:55:31,,28,,2026-10-06 18:55:31,2026-10-06 18:55:31
2142,7680512556347179028,7680512556347179028,14,巴西,145,0,,,10月2日,,2026-10-06 18:55:31,,28,,2026-10-06 18:55:31,2026-10-06 18:55:31
2143,7680524816390225940,7680524816390225940,28,巴西,145,0,,,10月2日,,2026-10-06 18:55:31,,31,,2026-10-06 18:55:31,2026-10-06 18:55:31
2144,7680533320073052181,7680533320073052181,28,巴西,145,0,,,10月2日,,2026-10-06 18:55:31,,31,,2026-10-06 18:55:31,2026-10-06 18:55:31
2145,7678517381316116501,7678517381316116501,48,巴西,156,0,,,10月3日,2026-10-06,2026-10-06 18:55:31,,30,,2026-10-06 18:55:31,2026-10-06 18:55:31
2146,7678648339954090001,7678648339954090001,48,巴西,156,0,,,10月3日,2026-10-06,2026-10-06 18:55:31,,30,,2026-10-06 18:55:31,2026-10-06 18:55:31
2147,7675514677737914375,7675514677737914375,,巴西,156,0,,,10月3日,,2026-10-06 18:55:31,,29,,2026-10-06 18:55:31,2026-10-06 18:55:31
2148,7676487549352902663,7676487549352902663,,巴西,156,0,,,10月3日,,2026-10-06 18:55:31,,29,,2026-10-06 18:55:31,2026-10-06 18:55:31
2149,7678690270637654037,7678690270637654037,14,巴西,156,0,,,10月3日,,2026-10-06 18:55:31,,28,,2026-10-06 18:55:31,2026-10-06 18:55:31
2150,7678688299086839829,7678688299086839829,14,巴西,156,0,,,10月3日,,2026-10-06 18:55:31,,28,,2026-10-06 18:55:31,2026-10-06 18:55:31
2151,7678688378467958804,7678688378467958804,28,巴西,156,0,,,10月3日,,2026-10-06 18:55:31,,31,,2026-10-06 18:55:31,2026-10-06 18:55:31
2152,7678706675183829012,7678706675183829012,28,巴西,156,0,,,10月3日,2026-10-06,2026-10-06 18:55:31,,31,,2026-10-06 18:55:31,2026-10-06 18:55:31
2153,7678689083765456917,7678689083765456917,,巴西,148,-3,,,10月3日,2026-10-06,2026-10-06 18:55:31,,32,,2026-10-06 18:55:31,2026-10-06 18:55:31
2154,7678689201466064916,7678689201466064916,,巴西,148,-3,,,10月3日,,2026-10-06 18:55:31,,32,,2026-10-06 18:55:31,2026-10-06 18:55:31
2155,7678689936947331093,7678689936947331093,,巴西,148,-3,,,10月3日,2026-10-06,2026-10-06 18:55:31,,32,,2026-10-06 18:55:31,2026-10-06 18:55:31
2156,7678689965231947797,7678689965231947797,41,巴西,148,-3,,,10月3日,,2026-10-06 18:55:31,,30,,2026-10-06 18:55:31,2026-10-06 18:55:31
2157,7678690242144616469,7678690242144616469,41,巴西,148,-3,,,10月3日,,2026-10-06 18:55:31,,30,,2026-10-06 18:55:31,2026-10-06 18:55:31
2158,7678691194284851221,7678691194284851221,41,巴西,148,-3,,,10月3日,,2026-10-06 18:55:31,,30,,2026-10-06 18:55:31,2026-10-06 18:55:31
2159,7678691461100994580,7678691461100994580,41,巴西,148,-3,,,10月3日,,2026-10-06 18:55:31,,30,,2026-10-06 18:55:31,2026-10-06 18:55:31
2160,7678693159815266324,7678693159815266324,41,巴西,148,-3,,,10月3日,,2026-10-06 18:55:31,,30,,2026-10-06 18:55:31,2026-10-06 18:55:31
2161,7678687731842236436,7678687731842236436,37,巴西,148,-3,,,10月3日,2026-10-06,2026-10-06 18:55:31,,31,,2026-10-06 18:55:31,2026-10-06 18:55:31
2162,7678687765407678485,7678687765407678485,37,巴西,148,-3,,,10月3日,2026-10-06,2026-10-06 18:55:31,,31,,2026-10-06 18:55:31,2026-10-06 18:55:31
2163,7678687884345442324,7678687884345442324,37,巴西,148,-3,,,10月3日,,2026-10-06 18:55:31,,31,,2026-10-06 18:55:31,2026-10-06 18:55:31
2164,7678688119667097620,7678688119667097620,37,巴西,148,-3,,,10月3日,2026-10-06,2026-10-06 18:55:31,,31,,2026-10-06 18:55:31,2026-10-06 18:55:31
2165,7678688002876588053,7678688002876588053,37,巴西,148,-3,,,10月3日,2026-10-06,2026-10-06 18:55:31,,31,,2026-10-06 18:55:31,2026-10-06 18:55:31
2166,7678688164889968661,7678688164889968661,37,巴西,148,-3,,,10月3日,2026-10-06,2026-10-06 18:55:31,,31,,2026-10-06 18:55:31,2026-10-06 18:55:31
2167,7678688357639110676,7678688357639110676,37,巴西,148,-3,,,10月3日,,2026-10-06 18:55:31,,31,,2026-10-06 18:55:31,2026-10-06 18:55:31
2168,7678676184502321173,7678676184502321173,37,巴西,148,-3,,,10月3日,,2026-10-06 18:55:31,,31,,2026-10-06 18:55:31,2026-10-06 18:55:31
2169,7678687786198679573,7678687786198679573,37,巴西,148,-3,,,10月3日,,2026-10-06 18:55:31,,31,,2026-10-06 18:55:31,2026-10-06 18:55:31
2170,7678687856667213845,7678687856667213845,37,巴西,148,-3,,,10月3日,,2026-10-06 18:55:31,,31,,2026-10-06 18:55:31,2026-10-06 18:55:31
2171,7676492199159595015,7676492199159595015,,巴西,148,-3,,,10月3日,2026-10-06,2026-10-06 18:55:31,,29,,2026-10-06 18:55:31,2026-10-06 18:55:31
2172,7676492235050942472,7676492235050942472,,巴西,148,-3,,,10月3日,,2026-10-06 18:55:31,,29,,2026-10-06 18:55:31,2026-10-06 18:55:31
2173,7676492235051073544,7676492235051073544,,巴西,148,-3,,,10月3日,2026-10-06,2026-10-06 18:55:31,,29,,2026-10-06 18:55:31,2026-10-06 18:55:31
2174,7676492384477282325,7676492384477282325,,巴西,148,-3,,,10月3日,2026-10-06,2026-10-06 18:55:31,,29,,2026-10-06 18:55:31,2026-10-06 18:55:31
2175,7676492670377492488,7676492670377492488,,巴西,148,-3,,,10月3日,2026-10-06,2026-10-06 18:55:31,,29,,2026-10-06 18:55:31,2026-10-06 18:55:31
2176,7676492980342767624,7676492980342767624,,巴西,148,-3,,,10月3日,2026-10-06,2026-10-06 18:55:31,,29,,2026-10-06 18:55:31,2026-10-06 18:55:31
2177,7676493055230771207,7676493055230771207,,巴西,148,-3,,,10月3日,2026-10-06,2026-10-06 18:55:31,,29,,2026-10-06 18:55:31,2026-10-06 18:55:31
2178,7676493523901759496,7676493523901759496,,巴西,148,-3,,,10月3日,2026-10-06,2026-10-06 18:55:31,,29,,2026-10-06 18:55:31,2026-10-06 18:55:31
2179,7676494035084443666,7676494035084443666,,巴西,148,-3,,,10月3日,2026-10-06,2026-10-06 18:55:31,,29,,2026-10-06 18:55:31,2026-10-06 18:55:31
2180,7676494346790830088,7676494346790830088,,巴西,148,-3,,,10月3日,2026-10-06,2026-10-06 18:55:31,,29,,2026-10-06 18:55:31,2026-10-06 18:55:31
2181,7676491080346009607,7676491080346009607,11,巴西,148,-3,,,10月3日,,2026-10-06 18:55:31,,28,,2026-10-06 18:55:31,2026-10-06 18:55:31
2182,7676491109836685330,7676491109836685330,11,巴西,148,-3,,,10月3日,,2026-10-06 18:55:31,,28,,2026-10-06 18:55:31,2026-10-06 18:55:31
2183,7676491355592605704,7676491355592605704,11,巴西,148,-3,,,10月3日,,2026-10-06 18:55:31,,28,,2026-10-06 18:55:31,2026-10-06 18:55:31
2184,7676491720978333714,7676491720978333714,11,巴西,148,-3,,,10月3日,,2026-10-06 18:55:31,,28,,2026-10-06 18:55:31,2026-10-06 18:55:31
2185,7676491859098910727,7676491859098910727,11,巴西,148,-3,,,10月3日,,2026-10-06 18:55:31,,28,,2026-10-06 18:55:31,2026-10-06 18:55:31
2186,7592433694326456327,7592433694326456327,,飞书湘匯-TT-迅聯科技-2,,飞书湘匯-TT,8,120,1月16日,,2026-10-06 18:56:13,,,,2026-10-06 18:56:13,2026-10-06 18:56:13
2187,7592448618536255506,7592448618536255506,,飞书湘匯-TT-東晟國際-1,,飞书湘匯-TT,-3,120,2月9日,,2026-10-06 18:56:13,,,,2026-10-06 18:56:13,2026-10-06 18:56:13
2188,7592434612153122833,7592434612153122833,,飞书湘匯-TT-東鑫國際-4,,飞书湘匯-TT,-3,120,2月9日,,2026-10-06 18:56:13,,,,2026-10-06 18:56:13,2026-10-06 18:56:13
2189,7592434721959821329,7592434721959821329,,飞书湘匯-TT-東鑫國際-5,,飞书湘匯-TT,-3,120,2月9日,,2026-10-06 18:56:13,,,,2026-10-06 18:56:13,2026-10-06 18:56:13
2190,7592434208015253522,7592434208015253522,,飞书湘匯-TT-博能科技-1,,飞书湘匯-TT,-3,121,2月10日,,2026-10-06 18:56:13,,,,2026-10-06 18:56:13,2026-10-06 18:56:13
2191,7592449358877229057,7592449358877229057,,飞书湘匯-TT-博能科技-2,,飞书湘匯-TT,-3,121,2月10日,,2026-10-06 18:56:13,,,,2026-10-06 18:56:13,2026-10-06 18:56:13
2192,7592449366187819025,7592449366187819025,,飞书湘匯-TT-博能科技-3,,飞书湘匯-TT,-3,121,2月10日,,2026-10-06 18:56:13,,,,2026-10-06 18:56:13,2026-10-06 18:56:13
2193,7592434524366340097,7592434524366340097,,飞书湘匯-TT-博能科技-4,,飞书湘匯-TT,-3,121,2月10日,,2026-10-06 18:56:13,,,,2026-10-06 18:56:13,2026-10-06 18:56:13
2194,7592449410166702081,7592449410166702081,,飞书湘匯-TT-博能科技-5,,飞书湘匯-TT,-3,121,2月10日,,2026-10-06 18:56:13,,,,2026-10-06 18:56:13,2026-10-06 18:56:13
2195,7628593476229447687,7628593476229447687,,飞书湘匯-TT-桑州貿易-1,,飞书湘匯-TT,-3,122,4月17日,,2026-10-06 18:56:13,,,,2026-10-06 18:56:13,2026-10-06 18:56:13
2196,7628594344001339399,7628594344001339399,,飞书湘匯-TT-桑州貿易-2,,飞书湘匯-TT,-3,122,4月17日,,2026-10-06 18:56:13,,,,2026-10-06 18:56:13,2026-10-06 18:56:13
2197,7628594332032729106,7628594332032729106,,飞书湘匯-TT-桑州貿易-3,,飞书湘匯-TT,-3,122,4月17日,,2026-10-06 18:56:13,,,,2026-10-06 18:56:13,2026-10-06 18:56:13
2198,7628594324338638856,7628594324338638856,,飞书湘匯-TT-桑州貿易-4,,飞书湘匯-TT,-3,122,4月17日,,2026-10-06 18:56:13,,,,2026-10-06 18:56:13,2026-10-06 18:56:13
2199,7628593798188367879,7628593798188367879,,飞书湘匯-TT-桑州貿易-5,,飞书湘匯-TT,-3,122,4月17日,,2026-10-06 18:56:13,,,,2026-10-06 18:56:13,2026-10-06 18:56:13
2200,7628598511558361096,7628598511558361096,,飞书湘匯-TT-博利宏-1,,飞书湘匯-TT,-3,123,4月17日,,2026-10-06 18:56:13,封禁,,,2026-10-06 18:56:13,2026-10-06 18:56:13
2201,7628599395181314066,7628599395181314066,,飞书湘匯-TT-博利宏-2,,飞书湘匯-TT,-3,123,4月17日,,2026-10-06 18:56:13,封禁,,,2026-10-06 18:56:13,2026-10-06 18:56:13
2202,7628598984915042322,7628598984915042322,,飞书湘匯-TT-博利宏-3,,飞书湘匯-TT,-3,123,4月17日,,2026-10-06 18:56:13,封禁,,,2026-10-06 18:56:13,2026-10-06 18:56:13
2203,7628598759773274119,7628598759773274119,,飞书湘匯-TT-博利宏-4,,飞书湘匯-TT,-3,123,4月17日,,2026-10-06 18:56:13,封禁,,,2026-10-06 18:56:13,2026-10-06 18:56:13
2204,7628599430651887634,7628599430651887634,,飞书湘匯-TT-博利宏-5,,飞书湘匯-TT,-3,123,4月17日,,2026-10-06 18:56:13,封禁,,,2026-10-06 18:56:13,2026-10-06 18:56:13
2205,7628604056768036871,7628604056768036871,,飞书湘匯-TT-聖益多-1,,飞书湘匯-TT,-3,123,4月17日,,2026-10-06 18:56:13,封禁,,,2026-10-06 18:56:13,2026-10-06 18:56:13
2206,7628603822109212690,7628603822109212690,,飞书湘匯-TT-聖益多-2,,飞书湘匯-TT,-3,123,4月17日,,2026-10-06 18:56:13,封禁,,,2026-10-06 18:56:13,2026-10-06 18:56:13
2207,7628604492816187410,7628604492816187410,,飞书湘匯-TT-聖益多-3,,飞书湘匯-TT,-3,123,4月17日,,2026-10-06 18:56:13,封禁,,,2026-10-06 18:56:13,2026-10-06 18:56:13
2208,7628603926534864904,7628603926534864904,,飞书湘匯-TT-聖益多-4,,飞书湘匯-TT,-3,123,4月17日,,2026-10-06 18:56:13,封禁,,,2026-10-06 18:56:13,2026-10-06 18:56:13
2209,7628604471030956039,7628604471030956039,,飞书湘匯-TT-聖益多-5,,飞书湘匯-TT,-3,123,4月17日,,2026-10-06 18:56:13,封禁,,,2026-10-06 18:56:13,2026-10-06 18:56:13
2210,7628605929270820871,7628605929270820871,,飞书湘匯-TT-博得貿易-1,,飞书湘匯-TT,-3,123,4月17日,,2026-10-06 18:56:13,封禁,,,2026-10-06 18:56:13,2026-10-06 18:56:13
2211,7628605993865281554,7628605993865281554,,飞书湘匯-TT-博得貿易-2,,飞书湘匯-TT,-3,123,4月17日,,2026-10-06 18:56:13,封禁,,,2026-10-06 18:56:13,2026-10-06 18:56:13
2212,7628605793989853191,7628605793989853191,,飞书湘匯-TT-博得貿易-3,,飞书湘匯-TT,-3,123,4月17日,,2026-10-06 18:56:13,封禁,,,2026-10-06 18:56:13,2026-10-06 18:56:13
2213,7628605929270886407,7628605929270886407,,飞书湘匯-TT-博得貿易-4,,飞书湘匯-TT,-3,123,4月17日,,2026-10-06 18:56:13,封禁 清退,,,2026-10-06 18:56:13,2026-10-06 18:56:13
2214,7628605724145483794,7628605724145483794,,飞书湘匯-TT-博得貿易-5,,飞书湘匯-TT,-3,123,4月17日,,2026-10-06 18:56:13,封禁,,,2026-10-06 18:56:13,2026-10-06 18:56:13
2215,7628608375282270215,7628608375282270215,,飞书湘匯-TT-天下國際-1,,飞书湘匯-TT,-3,124,4月17日,,2026-10-06 18:56:13,,,,2026-10-06 18:56:13,2026-10-06 18:56:13
2216,7628608449450508296,7628608449450508296,,飞书湘匯-TT-天下國際-2,,飞书湘匯-TT,-3,124,4月17日,,2026-10-06 18:56:13,,,,2026-10-06 18:56:13,2026-10-06 18:56:13
2217,7628608169695903762,7628608169695903762,,飞书湘匯-TT-天下國際-3,,飞书湘匯-TT,-3,124,4月17日,,2026-10-06 18:56:13,,,,2026-10-06 18:56:13,2026-10-06 18:56:13
2218,7628608249721438226,7628608249721438226,,飞书湘匯-TT-天下國際-4,,飞书湘匯-TT,-3,124,4月17日,,2026-10-06 18:56:13,,,,2026-10-06 18:56:13,2026-10-06 18:56:13
2219,7628608485326045191,7628608485326045191,,飞书湘匯-TT-天下國際-5,,飞书湘匯-TT,-3,124,4月17日,,2026-10-06 18:56:13,,,,2026-10-06 18:56:13,2026-10-06 18:56:13
2220,7628611304172847122,7628611304172847122,,飞书湘匯-TT-君澳貿易-1,,飞书湘匯-TT,-3,124,4月17日,,2026-10-06 18:56:13,,,,2026-10-06 18:56:13,2026-10-06 18:56:13
2221,7628611126082732039,7628611126082732039,,飞书湘匯-TT-君澳貿易-2,,飞书湘匯-TT,-3,124,4月17日,,2026-10-06 18:56:13,,,,2026-10-06 18:56:13,2026-10-06 18:56:13
2222,7628611285382348807,7628611285382348807,,飞书湘匯-TT-君澳貿易-3,,飞书湘匯-TT,-3,124,4月17日,,2026-10-06 18:56:13,,,,2026-10-06 18:56:13,2026-10-06 18:56:13
2223,7628610741590933512,7628610741590933512,,飞书湘匯-TT-君澳貿易-4,,飞书湘匯-TT,-3,124,4月17日,,2026-10-06 18:56:13,,,,2026-10-06 18:56:13,2026-10-06 18:56:13
2224,7628611119929884679,7628611119929884679,,飞书湘匯-TT-君澳貿易-5,,飞书湘匯-TT,-3,124,4月17日,,2026-10-06 18:56:13,,,,2026-10-06 18:56:13,2026-10-06 18:56:13
2225,7628611386650099730,7628611386650099730,,飞书湘匯-TT-鑫動國際-1,,飞书湘匯-TT,-3,125,4月17日,,2026-10-06 18:56:13,,,,2026-10-06 18:56:13,2026-10-06 18:56:13
2226,7628611663614033927,7628611663614033927,,飞书湘匯-TT-鑫動國際-2,,飞书湘匯-TT,-3,125,4月17日,,2026-10-06 18:56:13,,,,2026-10-06 18:56:13,2026-10-06 18:56:13
2227,7628611447913447432,7628611447913447432,,飞书湘匯-TT-鑫動國際-3,,飞书湘匯-TT,-3,125,4月17日,,2026-10-06 18:56:13,,,,2026-10-06 18:56:13,2026-10-06 18:56:13
2228,7628611623963901960,7628611623963901960,,飞书湘匯-TT-鑫動國際-4,,飞书湘匯-TT,-3,125,4月17日,,2026-10-06 18:56:13,,,,2026-10-06 18:56:13,2026-10-06 18:56:13
2229,7628612109944848392,7628612109944848392,,飞书湘匯-TT-鑫動國際-5,,飞书湘匯-TT,-3,125,4月17日,,2026-10-06 18:56:13,,,,2026-10-06 18:56:13,2026-10-06 18:56:13
2230,7628612533150072850,7628612533150072850,,飞书湘匯-TT-阿拉肯-1,,飞书湘匯-TT,-3,125,4月17日,,2026-10-06 18:56:13,,,,2026-10-06 18:56:13,2026-10-06 18:56:13
2231,7628612821475147784,7628612821475147784,,飞书湘匯-TT-阿拉肯-2,,飞书湘匯-TT,-3,125,4月17日,,2026-10-06 18:56:13,,,,2026-10-06 18:56:13,2026-10-06 18:56:13
2232,7628612013962559496,7628612013962559496,,飞书湘匯-TT-阿拉肯-3,,飞书湘匯-TT,-3,125,4月17日,,2026-10-06 18:56:13,,,,2026-10-06 18:56:13,2026-10-06 18:56:13
2233,7628612186190921735,7628612186190921735,,飞书湘匯-TT-阿拉肯-4,,飞书湘匯-TT,-3,125,4月17日,,2026-10-06 18:56:13,,,,2026-10-06 18:56:13,2026-10-06 18:56:13
2234,7628612633584664594,7628612633584664594,,飞书湘匯-TT-阿拉肯-5,,飞书湘匯-TT,-3,125,4月17日,,2026-10-06 18:56:13,,,,2026-10-06 18:56:13,2026-10-06 18:56:13
2235,7628613185848393735,7628613185848393735,,飞书湘匯-TT-青嶼商貿-1,,飞书湘匯-TT,-3,126,4月17日,,2026-10-06 18:56:13,没用,,,2026-10-06 18:56:13,2026-10-06 18:56:13
2236,7628612957265707026,7628612957265707026,,飞书湘匯-TT-青嶼商貿-2,,飞书湘匯-TT,-3,126,4月17日,,2026-10-06 18:56:13,封禁,,,2026-10-06 18:56:13,2026-10-06 18:56:13
2237,7628612898955853842,7628612898955853842,,飞书湘匯-TT-青嶼商貿-3,,飞书湘匯-TT,-3,126,4月17日,,2026-10-06 18:56:13,封禁,,,2026-10-06 18:56:13,2026-10-06 18:56:13
2238,7628613269565390856,7628613269565390856,,飞书湘匯-TT-青嶼商貿-4,,飞书湘匯-TT,-3,126,4月17日,,2026-10-06 18:56:13,封禁,,,2026-10-06 18:56:13,2026-10-06 18:56:13
2239,7628612543577112583,7628612543577112583,,飞书湘匯-TT-青嶼商貿-5,,飞书湘匯-TT,-3,126,4月17日,,2026-10-06 18:56:13,封禁,,,2026-10-06 18:56:13,2026-10-06 18:56:13
2240,7628617873276829704,7628617873276829704,,飞书湘匯-TT-傲越貿易-3,,飞书湘匯-TT,-3,127,4月17日,,2026-10-06 18:56:13,过不了申,,,2026-10-06 18:56:13,2026-10-06 18:56:13
2241,7628617994167582727,7628617994167582727,,飞书湘匯-TT-傲越貿易-4,,飞书湘匯-TT,-3,127,4月17日,,2026-10-06 18:56:13,过不了申,,,2026-10-06 18:56:13,2026-10-06 18:56:13
2242,7628617940450951186,7628617940450951186,,飞书湘匯-TT-傲越貿易-5,,飞书湘匯-TT,-3,127,4月17日,,2026-10-06 18:56:13,过不了申,,,2026-10-06 18:56:13,2026-10-06 18:56:13
2243,7592434508670992401,7592434508670992401,,飞书湘匯-TT-達樂科技-1,,飞书湘匯-TT,-3,123,4月17日,,2026-10-06 18:56:13,封禁,,,2026-10-06 18:56:13,2026-10-06 18:56:13
2244,7592449107810107399,7592449107810107399,,飞书湘匯-TT-達樂科技-2,,飞书湘匯-TT,-3,123,4月17日,,2026-10-06 18:56:13,封禁,,,2026-10-06 18:56:13,2026-10-06 18:56:13
2245,7592449433917816849,7592449433917816849,,飞书湘匯-TT-達樂科技-3,,飞书湘匯-TT,-3,123,4月17日,,2026-10-06 18:56:13,封禁,,,2026-10-06 18:56:13,2026-10-06 18:56:13
2246,7592449455207972865,7592449455207972865,,飞书湘匯-TT-達樂科技-4,,飞书湘匯-TT,-3,123,4月17日,,2026-10-06 18:56:13,封禁,,,2026-10-06 18:56:13,2026-10-06 18:56:13
2247,7592449511549911056,7592449511549911056,,飞书湘匯-TT-達樂科技-5,,飞书湘匯-TT,-3,123,4月17日,,2026-10-06 18:56:13,封禁,,,2026-10-06 18:56:13,2026-10-06 18:56:13
2248,7592434429268623376,7592434429268623376,,飞书湘匯-TT-普利貿易-1,,飞书湘匯-TT,-3,125,4月17日,,2026-10-06 18:56:13,,,,2026-10-06 18:56:13,2026-10-06 18:56:13
2249,7592434208015155218,7592434208015155218,,飞书湘匯-TT-普利貿易-2,,飞书湘匯-TT,-3,125,4月17日,,2026-10-06 18:56:13,,,,2026-10-06 18:56:13,2026-10-06 18:56:13
2250,7592434489748176913,7592434489748176913,,飞书湘匯-TT-普利貿易-3,,飞书湘匯-TT,-3,125,4月17日,,2026-10-06 18:56:13,,,,2026-10-06 18:56:13,2026-10-06 18:56:13
2251,7592449148406923272,7592449148406923272,,飞书湘匯-TT-普利貿易-4,,飞书湘匯-TT,-3,125,4月17日,,2026-10-06 18:56:13,,,,2026-10-06 18:56:13,2026-10-06 18:56:13
2252,7592434208635961352,7592434208635961352,,飞书湘匯-TT-普利貿易-5,,飞书湘匯-TT,-3,125,4月17日,,2026-10-06 18:56:13,,,,2026-10-06 18:56:13,2026-10-06 18:56:13
2253,7574438807366533138,7574438807366533138,,钛动2-TT-錦策貿易-1,,钛动2-TT,-3,121,2025/11/22,,2026-10-06 18:56:13,,,,2026-10-06 18:56:13,2026-10-06 18:56:13
2254,7600333781224062977,7600333781224062977,,钛动2-TT-隆迪旭-4,,钛动2-TT,-3,120,2026/2/10,,2026-10-06 18:56:13,,,,2026-10-06 18:56:13,2026-10-06 18:56:13
2255,7600333734549815312,7600333734549815312,,钛动2-TT-隆迪旭-5,,钛动2-TT,-3,120,2026/2/10,,2026-10-06 18:56:13,,,,2026-10-06 18:56:13,2026-10-06 18:56:13
2256,7600333714043764752,7600333714043764752,,钛动2-TT-隆迪旭-1,,钛动2-TT,-3,120,2026/2/10,,2026-10-06 18:56:13,,,,2026-10-06 18:56:13,2026-10-06 18:56:13
2257,7600333705533669377,7600333705533669377,,钛动2-TT-隆迪旭-2,,钛动2-TT,-3,120,2026/2/10,,2026-10-06 18:56:13,,,,2026-10-06 18:56:13,2026-10-06 18:56:13
2258,7600333696884965392,7600333696884965392,,钛动2-TT-隆迪旭-3,,钛动2-TT,-3,120,2026/2/10,,2026-10-06 18:56:13,,,,2026-10-06 18:56:13,2026-10-06 18:56:13
2259,7615539914268131329,7615539914268131329,,钛动2-TT-鈺林貿易-5,,钛动2-TT,8,121,2026/3/12,,2026-10-06 18:56:13,,,,2026-10-06 18:56:13,2026-10-06 18:56:13
2260,7615541257150005264,7615541257150005264,,钛动2-TT-醉時貿易-5,,钛动2-TT,8,128,2026/3/23,,2026-10-06 18:56:13,,,,2026-10-06 18:56:13,2026-10-06 18:56:13
2261,7615541242587348993,7615541242587348993,,钛动2-TT-醉時貿易-4,,钛动2-TT,8,128,2026/3/23,,2026-10-06 18:56:13,,,,2026-10-06 18:56:13,2026-10-06 18:56:13
2262,7615541200044703761,7615541200044703761,,钛动2-TT-醉時貿易-2,,钛动2-TT,8,128,2026/3/23,,2026-10-06 18:56:13,,,,2026-10-06 18:56:13,2026-10-06 18:56:13
2263,7615541182667751441,7615541182667751441,,钛动2-TT-醉時貿易-3,,钛动2-TT,8,128,2026/3/23,,2026-10-06 18:56:13,,,,2026-10-06 18:56:13,2026-10-06 18:56:13
2264,7615541170185453584,7615541170185453584,,钛动2-TT-醉時貿易-1,,钛动2-TT,8,128,2026/3/23,,2026-10-06 18:56:13,,,,2026-10-06 18:56:13,2026-10-06 18:56:13
2265,7615541144794824705,7615541144794824705,,钛动2-TT-駿達物流-4,,钛动2-TT,8,129,2026/3/23,,2026-10-06 18:56:13,,,,2026-10-06 18:56:13,2026-10-06 18:56:13
2266,7615541123783835664,7615541123783835664,,钛动2-TT-駿達物流-5,,钛动2-TT,8,129,2026/3/23,,2026-10-06 18:56:13,,,,2026-10-06 18:56:13,2026-10-06 18:56:13
2267,7615541104082042897,7615541104082042897,,钛动2-TT-駿達物流-1,,钛动2-TT,8,129,2026/3/23,,2026-10-06 18:56:13,,,,2026-10-06 18:56:13,2026-10-06 18:56:13
2268,7615541099129651217,7615541099129651217,,钛动2-TT-駿達物流-2,,钛动2-TT,8,129,2026/3/23,,2026-10-06 18:56:13,,,,2026-10-06 18:56:13,2026-10-06 18:56:13
2269,7615539952482418704,7615539952482418704,,钛动2-TT-元創富-3,,钛动2-TT,8,122,2026/3/23,,2026-10-06 18:56:13,,,,2026-10-06 18:56:13,2026-10-06 18:56:13
2270,7615539924879786000,7615539924879786000,,钛动2-TT-元創富-2,,钛动2-TT,8,122,2026/3/23,,2026-10-06 18:56:13,,,,2026-10-06 18:56:13,2026-10-06 18:56:13
2271,7615539920903536656,7615539920903536656,,钛动2-TT-元創富-1,,钛动2-TT,8,122,2026/3/23,,2026-10-06 18:56:13,,,,2026-10-06 18:56:13,2026-10-06 18:56:13
2272,7589211849946841106,7589211849946841106,,亿帆湘汇-TT-綠希爾-2,,亿帆湘汇-TT,-3,121,2025年12月30日,,2026-10-06 18:56:13,,,,2026-10-06 18:56:13,2026-10-06 18:56:13
2273,7626951048166637586,7626951048166637586,,多乐-TT-宜銘貿易-3-1,,多乐-TT,-3,,,,2026-10-06 18:56:13,,,,2026-10-06 18:56:13,2026-10-06 18:56:13
2274,7626951169914765319,7626951169914765319,,多乐-TT-宜銘貿易-3-2,,多乐-TT,-3,,,,2026-10-06 18:56:13,,,,2026-10-06 18:56:13,2026-10-06 18:56:13
2275,7626950949176901640,7626950949176901640,,多乐-TT-宜銘貿易-3-3,,多乐-TT,-3,,,,2026-10-06 18:56:13,,,,2026-10-06 18:56:13,2026-10-06 18:56:13
2276,7626950284006391826,7626950284006391826,,多乐-TT-宜銘貿易-3-4,,多乐-TT,-3,,,,2026-10-06 18:56:13,,,,2026-10-06 18:56:13,2026-10-06 18:56:13
2277,7626951036896575496,7626951036896575496,,多乐-TT-宜銘貿易-3-5,,多乐-TT,-3,,,,2026-10-06 18:56:13,,,,2026-10-06 18:56:13,2026-10-06 18:56:13
2278,7626951096581390344,7626951096581390344,,多乐-TT-邦鵬貿易-3-1,,多乐-TT,-3,,,,2026-10-06 18:56:13,,,,2026-10-06 18:56:13,2026-10-06 18:56:13
2279,7626950989966606354,7626950989966606354,,多乐-TT-邦鵬貿易-3-2,,多乐-TT,-3,,,,2026-10-06 18:56:13,,,,2026-10-06 18:56:13,2026-10-06 18:56:13
2280,7626950962889621511,7626950962889621511,,多乐-TT-邦鵬貿易-3-3,,多乐-TT,-3,,,,2026-10-06 18:56:13,,,,2026-10-06 18:56:13,2026-10-06 18:56:13
2281,7626950757656412178,7626950757656412178,,多乐-TT-邦鵬貿易-3-4,,多乐-TT,-3,,,,2026-10-06 18:56:13,,,,2026-10-06 18:56:13,2026-10-06 18:56:13
2282,7626950535156957202,7626950535156957202,,多乐-TT-邦鵬貿易-3-5,,多乐-TT,-3,,,,2026-10-06 18:56:13,,,,2026-10-06 18:56:13,2026-10-06 18:56:13
2283,7626950949176737800,7626950949176737800,,多乐-TT-荔智貿易-3-1,,多乐-TT,-3,,,,2026-10-06 18:56:13,,,,2026-10-06 18:56:13,2026-10-06 18:56:13
2284,7626950910589222930,7626950910589222930,,多乐-TT-荔智貿易-3-2,,多乐-TT,-3,,,,2026-10-06 18:56:13,,,,2026-10-06 18:56:13,2026-10-06 18:56:13
2285,7626950872643207186,7626950872643207186,,多乐-TT-荔智貿易-3-3,,多乐-TT,-3,,,,2026-10-06 18:56:13,,,,2026-10-06 18:56:13,2026-10-06 18:56:13
2286,7626950640077602834,7626950640077602834,,多乐-TT-荔智貿易-3-4,,多乐-TT,-3,,,,2026-10-06 18:56:13,,,,2026-10-06 18:56:13,2026-10-06 18:56:13
2287,7626950962889523207,7626950962889523207,,多乐-TT-荔智貿易-3-5,,多乐-TT,-3,,,,2026-10-06 18:56:13,,,,2026-10-06 18:56:13,2026-10-06 18:56:13
2288,7626950975714181128,7626950975714181128,,多乐-TT-洋悅貿易+8-1,,多乐-TT,8,127,,,2026-10-06 18:56:13,,,,2026-10-06 18:56:13,2026-10-06 18:56:13
2289,7626950652148793362,7626950652148793362,,多乐-TT-洋悅貿易+8-2,,多乐-TT,8,127,,,2026-10-06 18:56:13,,,,2026-10-06 18:56:13,2026-10-06 18:56:13
2290,7626950939199340552,7626950939199340552,,多乐-TT-洋悅貿易+8-3,,多乐-TT,8,120,,,2026-10-06 18:56:13,,,,2026-10-06 18:56:13,2026-10-06 18:56:13
2291,7626950866246991890,7626950866246991890,,多乐-TT-洋悅貿易+8-4,,多乐-TT,8,124,,,2026-10-06 18:56:13,,,,2026-10-06 18:56:13,2026-10-06 18:56:13
2292,7626950949176639496,7626950949176639496,,多乐-TT-洋悅貿易+8-5,,多乐-TT,8,127,,,2026-10-06 18:56:13,,,,2026-10-06 18:56:13,2026-10-06 18:56:13
2293,7626950450994577415,7626950450994577415,,多乐-TT-夢成貿易-3-1,,多乐-TT,-3,,,,2026-10-06 18:56:13,,,,2026-10-06 18:56:13,2026-10-06 18:56:13
2294,7626950761085124616,7626950761085124616,,多乐-TT-夢成貿易-3-2,,多乐-TT,-3,,,,2026-10-06 18:56:13,,,,2026-10-06 18:56:13,2026-10-06 18:56:13
2295,7626950520179114002,7626950520179114002,,多乐-TT-夢成貿易-3-3,,多乐-TT,-3,,,,2026-10-06 18:56:13,,,,2026-10-06 18:56:13,2026-10-06 18:56:13
2296,7626950284006162450,7626950284006162450,,多乐-TT-夢成貿易-3-4,,多乐-TT,-3,,,,2026-10-06 18:56:13,,,,2026-10-06 18:56:13,2026-10-06 18:56:13
2297,7626950450994511879,7626950450994511879,,多乐-TT-夢成貿易-3-5,,多乐-TT,-3,,,,2026-10-06 18:56:13,,,,2026-10-06 18:56:13,2026-10-06 18:56:13
2298,7626950444190941202,7626950444190941202,,多乐-TT-亞鑫國際-3-1,,多乐-TT,-3,,,,2026-10-06 18:56:13,,,,2026-10-06 18:56:13,2026-10-06 18:56:13
2299,7626950766552481800,7626950766552481800,,多乐-TT-亞鑫國際-3-2,,多乐-TT,-3,,,,2026-10-06 18:56:13,,,,2026-10-06 18:56:13,2026-10-06 18:56:13
2300,7626950450149883912,7626950450149883912,,多乐-TT-亞鑫國際-3-3,,多乐-TT,-3,,,,2026-10-06 18:56:13,,,,2026-10-06 18:56:13,2026-10-06 18:56:13
2301,7626950482233393159,7626950482233393159,,多乐-TT-亞鑫國際-3-4,,多乐-TT,-3,,,,2026-10-06 18:56:13,,,,2026-10-06 18:56:13,2026-10-06 18:56:13
2302,7626950450149818376,7626950450149818376,,多乐-TT-亞鑫國際-3-5,,多乐-TT,-3,,,,2026-10-06 18:56:13,,,,2026-10-06 18:56:13,2026-10-06 18:56:13
2303,7626950280839594002,7626950280839594002,,多乐-TT-永置貿易-3-1,,多乐-TT,-3,,,,2026-10-06 18:56:13,,,,2026-10-06 18:56:13,2026-10-06 18:56:13
2304,7626950209175863314,7626950209175863314,,多乐-TT-永置貿易-3-2,,多乐-TT,-3,,,,2026-10-06 18:56:13,,,,2026-10-06 18:56:13,2026-10-06 18:56:13
2305,7626950515260850183,7626950515260850183,,多乐-TT-永置貿易-3-3,,多乐-TT,-3,,,,2026-10-06 18:56:13,,,,2026-10-06 18:56:13,2026-10-06 18:56:13
2306,7626950515260784647,7626950515260784647,,多乐-TT-永置貿易-3-4,,多乐-TT,-3,,,,2026-10-06 18:56:13,,,,2026-10-06 18:56:13,2026-10-06 18:56:13
2307,7626950194378244114,7626950194378244114,,多乐-TT-永置貿易-3-5,,多乐-TT,-3,,,,2026-10-06 18:56:13,,,,2026-10-06 18:56:13,2026-10-06 18:56:13
2308,7626950193518510098,7626950193518510098,,多乐-TT-嘉易通-3-1,,多乐-TT,-3,,,,2026-10-06 18:56:13,,,,2026-10-06 18:56:13,2026-10-06 18:56:13
2309,7626950137276956680,7626950137276956680,,多乐-TT-嘉易通-3-2,,多乐-TT,-3,,,,2026-10-06 18:56:13,,,,2026-10-06 18:56:13,2026-10-06 18:56:13
2310,7626949838952923143,7626949838952923143,,多乐-TT-嘉易通-3-3,,多乐-TT,-3,,,,2026-10-06 18:56:13,,,,2026-10-06 18:56:13,2026-10-06 18:56:13
2311,7626949666323693575,7626949666323693575,,多乐-TT-嘉易通-3-4,,多乐-TT,-3,,,,2026-10-06 18:56:13,,,,2026-10-06 18:56:13,2026-10-06 18:56:13
2312,7626950193518411794,7626950193518411794,,多乐-TT-嘉易通-3-5,,多乐-TT,-3,,,,2026-10-06 18:56:13,,,,2026-10-06 18:56:13,2026-10-06 18:56:13
2313,7626949926676594706,7626949926676594706,,多乐-TT-滙建發-3-1,,多乐-TT,-3,,,,2026-10-06 18:56:13,,,,2026-10-06 18:56:13,2026-10-06 18:56:13
2314,7626949749135998984,7626949749135998984,,多乐-TT-滙建發-3-2,,多乐-TT,-3,,,,2026-10-06 18:56:13,,,,2026-10-06 18:56:13,2026-10-06 18:56:13
2315,7626949855365447698,7626949855365447698,,多乐-TT-滙建發-3-3,,多乐-TT,-3,,,,2026-10-06 18:56:13,,,,2026-10-06 18:56:13,2026-10-06 18:56:13
2316,7626949630919622663,7626949630919622663,,多乐-TT-滙建發-3-4,,多乐-TT,-3,,,,2026-10-06 18:56:13,,,,2026-10-06 18:56:13,2026-10-06 18:56:13
2317,7626949097430974482,7626949097430974482,,多乐-TT-滙建發-3-5,,多乐-TT,-3,,,,2026-10-06 18:56:13,,,,2026-10-06 18:56:13,2026-10-06 18:56:13
2318,7626784251878817799,7626784251878817799,,多乐-TT-富利貿易-3-1,,多乐-TT,-3,,,,2026-10-06 18:56:13,,,,2026-10-06 18:56:13,2026-10-06 18:56:13
2319,7626784881355735058,7626784881355735058,,多乐-TT-富利貿易-3-2,,多乐-TT,-3,,,,2026-10-06 18:56:13,,,,2026-10-06 18:56:13,2026-10-06 18:56:13
2320,7626784584037220370,7626784584037220370,,多乐-TT-富利貿易-3-3,,多乐-TT,-3,,,,2026-10-06 18:56:13,,,,2026-10-06 18:56:13,2026-10-06 18:56:13
2321,7626784584037154834,7626784584037154834,,多乐-TT-富利貿易-3-4,,多乐-TT,-3,,,,2026-10-06 18:56:13,,,,2026-10-06 18:56:13,2026-10-06 18:56:13
2322,7626784608142770183,7626784608142770183,,多乐-TT-富利貿易-3-5,,多乐-TT,-3,,,,2026-10-06 18:56:13,,,,2026-10-06 18:56:13,2026-10-06 18:56:13
2323,7626784231223246866,7626784231223246866,,多乐-TT-奎恩貿易-3-1,,多乐-TT,-3,,,,2026-10-06 18:56:13,,,,2026-10-06 18:56:13,2026-10-06 18:56:13
2324,7626784831434752018,7626784831434752018,,多乐-TT-奎恩貿易-3-2,,多乐-TT,-3,,,,2026-10-06 18:56:13,,,,2026-10-06 18:56:13,2026-10-06 18:56:13
2325,7626783910359400456,7626783910359400456,,多乐-TT-奎恩貿易-3-3,,多乐-TT,-3,,,,2026-10-06 18:56:13,,,,2026-10-06 18:56:13,2026-10-06 18:56:13
2326,7626784291755540498,7626784291755540498,,多乐-TT-奎恩貿易-3-4,,多乐-TT,-3,,,,2026-10-06 18:56:13,,,,2026-10-06 18:56:13,2026-10-06 18:56:13
2327,7626784222280073234,7626784222280073234,,多乐-TT-奎恩貿易-3-5,,多乐-TT,-3,,,,2026-10-06 18:56:13,,,,2026-10-06 18:56:13,2026-10-06 18:56:13
2328,7626784283428159506,7626784283428159506,,多乐-TT-格莱衛特+8-1,,多乐-TT,8,127,,,2026-10-06 18:56:13,,,,2026-10-06 18:56:13,2026-10-06 18:56:13
2329,7626784283428093970,7626784283428093970,,多乐-TT-格莱衛特+8-2,,多乐-TT,8,127,,,2026-10-06 18:56:13,,,,2026-10-06 18:56:13,2026-10-06 18:56:13
2330,7626784291755229202,7626784291755229202,,多乐-TT-格莱衛特+8-3,,多乐-TT,8,127,,,2026-10-06 18:56:13,,,,2026-10-06 18:56:13,2026-10-06 18:56:13
2331,7626784084113489928,7626784084113489928,,多乐-TT-格莱衛特+8-4,,多乐-TT,8,127,,,2026-10-06 18:56:13,,,,2026-10-06 18:56:13,2026-10-06 18:56:13
2332,7626784306718982151,7626784306718982151,,多乐-TT-格莱衛特+8-5,,多乐-TT,8,127,,,2026-10-06 18:56:13,,,,2026-10-06 18:56:13,2026-10-06 18:56:13
2333,7626784084500480007,7626784084500480007,,多乐-TT-洋溢水產+7-1,,多乐-TT,7,127,,,2026-10-06 18:56:13,,,,2026-10-06 18:56:13,2026-10-06 18:56:13
2334,7626784283427962898,7626784283427962898,,多乐-TT-洋溢水產+7-2,,多乐-TT,7,127,,,2026-10-06 18:56:13,,,,2026-10-06 18:56:13,2026-10-06 18:56:13
2335,7626783676185116680,7626783676185116680,,多乐-TT-洋溢水產+7-3,,多乐-TT,7,127,,,2026-10-06 18:56:13,,,,2026-10-06 18:56:13,2026-10-06 18:56:13
2336,7626783676185051144,7626783676185051144,,多乐-TT-洋溢水產+7-4,,多乐-TT,7,127,,,2026-10-06 18:56:13,,,,2026-10-06 18:56:13,2026-10-06 18:56:13
2337,7626783844976377864,7626783844976377864,,多乐-TT-洋溢水產+7-5,,多乐-TT,7,127,,,2026-10-06 18:56:13,,,,2026-10-06 18:56:13,2026-10-06 18:56:13
2338,7626783667585433607,7626783667585433607,,多乐-TT-澧安貿易+7-1,,多乐-TT,7,127,,,2026-10-06 18:56:13,,,,2026-10-06 18:56:13,2026-10-06 18:56:13
2339,7626783445112619015,7626783445112619015,,多乐-TT-澧安貿易+7-2,,多乐-TT,7,127,,,2026-10-06 18:56:13,,,,2026-10-06 18:56:13,2026-10-06 18:56:13
2340,7626783645395304466,7626783645395304466,,多乐-TT-澧安貿易+7-3,,多乐-TT,7,127,,,2026-10-06 18:56:13,,,,2026-10-06 18:56:13,2026-10-06 18:56:13
2341,7626783595910316050,7626783595910316050,,多乐-TT-澧安貿易+7-4,,多乐-TT,7,127,,,2026-10-06 18:56:13,,,,2026-10-06 18:56:13,2026-10-06 18:56:13
2342,7626783603812712456,7626783603812712456,,多乐-TT-澧安貿易+7-5,,多乐-TT,7,127,,,2026-10-06 18:56:13,,,,2026-10-06 18:56:13,2026-10-06 18:56:13
2343,7629283155689734152,7629283155689734152,,钛动湘匯-TT-森瑞貿易-5,,钛动湘匯-TT,-3,127,4月18日,,2026-10-06 18:56:13,,,,2026-10-06 18:56:13,2026-10-06 18:56:13
2344,7629283889296179207,7629283889296179207,,钛动湘匯-TT-森瑞貿易-4,,钛动湘匯-TT,-3,127,4月18日,,2026-10-06 18:56:13,,,,2026-10-06 18:56:13,2026-10-06 18:56:13
2345,7629283424423133192,7629283424423133192,,钛动湘匯-TT-森瑞貿易-3,,钛动湘匯-TT,-3,122,4月18日,,2026-10-06 18:56:13,,,,2026-10-06 18:56:13,2026-10-06 18:56:13
2346,7629283390168203282,7629283390168203282,,钛动湘匯-TT-森瑞貿易-2,,钛动湘匯-TT,-3,122,4月18日,,2026-10-06 18:56:13,,,,2026-10-06 18:56:13,2026-10-06 18:56:13
2347,7629283155689930760,7629283155689930760,,钛动湘匯-TT-森瑞貿易-1,,钛动湘匯-TT,-3,124,4月18日,,2026-10-06 18:56:13,,,,2026-10-06 18:56:13,2026-10-06 18:56:13
2348,7629283734877061128,7629283734877061128,,钛动湘匯-TT-千陽貿易-5,,钛动湘匯-TT,-3,124,4月18日,,2026-10-06 18:56:13,,,,2026-10-06 18:56:13,2026-10-06 18:56:13
2349,7629284045486145554,7629284045486145554,,钛动湘匯-TT-千陽貿易-4,,钛动湘匯-TT,-3,125,4月18日,,2026-10-06 18:56:13,,,,2026-10-06 18:56:13,2026-10-06 18:56:13
2350,7629283605906309128,7629283605906309128,,钛动湘匯-TT-千陽貿易-3,,钛动湘匯-TT,-3,125,4月18日,,2026-10-06 18:56:13,,,,2026-10-06 18:56:13,2026-10-06 18:56:13
2351,7629283945443491858,7629283945443491858,,钛动湘匯-TT-千陽貿易-2,,钛动湘匯-TT,-3,123,4月18日,,2026-10-06 18:56:13,,,,2026-10-06 18:56:13,2026-10-06 18:56:13
2352,7629283600600563719,7629283600600563719,,钛动湘匯-TT-千陽貿易-1,,钛动湘匯-TT,-3,123,4月18日,,2026-10-06 18:56:13,,,,2026-10-06 18:56:13,2026-10-06 18:56:13
2353,7633266217108717588,7633266217108717588,,钛动湘匯-TT-貝吉贸易-1,,钛动湘匯-TT,8,120,4月21日,,2026-10-06 18:56:13,,,,2026-10-06 18:56:13,2026-10-06 18:56:13
2354,7633265326322679829,7633265326322679829,,钛动湘匯-TT-貝吉贸易-2,,钛动湘匯-TT,8,120,4月21日,,2026-10-06 18:56:13,,,,2026-10-06 18:56:13,2026-10-06 18:56:13
2355,7633265502512775189,7633265502512775189,,钛动湘匯-TT-貝吉贸易-3,,钛动湘匯-TT,8,120,4月21日,,2026-10-06 18:56:13,,,,2026-10-06 18:56:13,2026-10-06 18:56:13
2356,7633265478099386389,7633265478099386389,,钛动湘匯-TT-貝吉贸易-4,,钛动湘匯-TT,8,120,4月21日,,2026-10-06 18:56:13,,,,2026-10-06 18:56:13,2026-10-06 18:56:13
2357,7633265402298007572,7633265402298007572,,钛动湘匯-TT-貝吉贸易-5,,钛动湘匯-TT,8,120,4月21日,,2026-10-06 18:56:13,,,,2026-10-06 18:56:13,2026-10-06 18:56:13
2358,7633266112340951061,7633266112340951061,,钛动湘匯-TT-欣硕贸易-1,,钛动湘匯-TT,8,120,4月21日,,2026-10-06 18:56:13,,,,2026-10-06 18:56:13,2026-10-06 18:56:13
2359,7633266192597286933,7633266192597286933,,钛动湘匯-TT-欣硕贸易-2,,钛动湘匯-TT,8,120,4月21日,,2026-10-06 18:56:13,,,,2026-10-06 18:56:13,2026-10-06 18:56:13
2360,7633265100211929108,7633265100211929108,,钛动湘匯-TT-欣硕贸易-3,,钛动湘匯-TT,8,120,4月21日,,2026-10-06 18:56:13,,,,2026-10-06 18:56:13,2026-10-06 18:56:13
2361,7633265402298171412,7633265402298171412,,钛动湘匯-TT-欣硕贸易-4,,钛动湘匯-TT,8,120,4月21日,,2026-10-06 18:56:13,,,,2026-10-06 18:56:13,2026-10-06 18:56:13
2362,7633265215194546197,7633265215194546197,,钛动湘匯-TT-欣硕贸易-5,,钛动湘匯-TT,8,120,4月21日,,2026-10-06 18:56:13,,,,2026-10-06 18:56:13,2026-10-06 18:56:13
2363,7633266117892538389,7633266117892538389,,钛动湘匯-TT-加纳贸易-1,,钛动湘匯-TT,8,124,4月21日,,2026-10-06 18:56:13,,,,2026-10-06 18:56:13,2026-10-06 18:56:13
2364,7633081661017571348,7633081661017571348,,钛动湘匯-TT-加纳贸易-2,,钛动湘匯-TT,8,120,4月21日,,2026-10-06 18:56:13,,,,2026-10-06 18:56:13,2026-10-06 18:56:13
2365,7633081661017669652,7633081661017669652,,钛动湘匯-TT-加纳贸易-3,,钛动湘匯-TT,8,120,4月21日,,2026-10-06 18:56:13,,,,2026-10-06 18:56:13,2026-10-06 18:56:13
2366,7633081412962336788,7633081412962336788,,钛动湘匯-TT-加纳贸易-4,,钛动湘匯-TT,8,120,4月21日,,2026-10-06 18:56:13,,,,2026-10-06 18:56:13,2026-10-06 18:56:13
2367,7633081412962402324,7633081412962402324,,钛动湘匯-TT-加纳贸易-5,,钛动湘匯-TT,8,120,4月21日,,2026-10-06 18:56:13,,,,2026-10-06 18:56:13,2026-10-06 18:56:13
2368,7633265709098909717,7633265709098909717,,钛动湘匯-TT-威科贸易-1,,钛动湘匯-TT,8,,4月21日,2026-10-06,2026-10-06 18:56:13,,,,2026-10-06 18:56:13,2026-10-06 18:56:13
2369,7633265709099040789,7633265709099040789,,钛动湘匯-TT-威科贸易-2,,钛动湘匯-TT,8,120,4月21日,,2026-10-06 18:56:13,,,,2026-10-06 18:56:13,2026-10-06 18:56:13
2370,7633267531486134292,7633267531486134292,,钛动湘匯-TT-威科贸易-3,,钛动湘匯-TT,8,120,4月21日,,2026-10-06 18:56:13,,,,2026-10-06 18:56:13,2026-10-06 18:56:13
2371,7633267284185726996,7633267284185726996,,钛动湘匯-TT-威科贸易-4,,钛动湘匯-TT,8,120,4月21日,,2026-10-06 18:56:13,,,,2026-10-06 18:56:13,2026-10-06 18:56:13
2372,7633267326179360789,7633267326179360789,,钛动湘匯-TT-威科贸易-5,,钛动湘匯-TT,8,120,4月21日,,2026-10-06 18:56:13,,,,2026-10-06 18:56:13,2026-10-06 18:56:13
2373,7634157660157444117,7634157660157444117,,钛动湘匯-TT-3-寰宇天下-1,,钛动湘匯-TT,-3,125,4月28日,,2026-10-06 18:56:13,,,,2026-10-06 18:56:13,2026-10-06 18:56:13
2374,7634157672614363157,7634157672614363157,,钛动湘匯-TT-3-寰宇天下-2,,钛动湘匯-TT,-3,125,4月28日,,2026-10-06 18:56:13,,,,2026-10-06 18:56:13,2026-10-06 18:56:13
2375,7634157758635458581,7634157758635458581,,钛动湘匯-TT-3-寰宇天下-3,,钛动湘匯-TT,-3,125,4月28日,,2026-10-06 18:56:13,,,,2026-10-06 18:56:13,2026-10-06 18:56:13
2376,7634157560556929045,7634157560556929045,,钛动湘匯-TT-3-寰宇天下-4,,钛动湘匯-TT,-3,125,4月28日,,2026-10-06 18:56:13,,,,2026-10-06 18:56:13,2026-10-06 18:56:13
2377,7634157814897721364,7634157814897721364,,钛动湘匯-TT-3-寰宇天下-5,,钛动湘匯-TT,-3,125,4月28日,,2026-10-06 18:56:13,,,,2026-10-06 18:56:13,2026-10-06 18:56:13
2378,7634157579387666452,7634157579387666452,,钛动湘匯-TT-3-欣盛國際-1,,钛动湘匯-TT,-3,122,4月28日,,2026-10-06 18:56:13,,,,2026-10-06 18:56:13,2026-10-06 18:56:13
2379,7634157874784124948,7634157874784124948,,钛动湘匯-TT-3-欣盛國際-2,,钛动湘匯-TT,-3,122,4月28日,,2026-10-06 18:56:13,,,,2026-10-06 18:56:13,2026-10-06 18:56:13
2380,7634157884355461140,7634157884355461140,,钛动湘匯-TT-3-欣盛國際-3,,钛动湘匯-TT,-3,,4月28日,2026-10-06,2026-10-06 18:56:13,,,,2026-10-06 18:56:13,2026-10-06 18:56:13
2381,7634157857772027925,7634157857772027925,,钛动湘匯-TT-3-欣盛國際-4,,钛动湘匯-TT,-3,122,4月28日,,2026-10-06 18:56:13,,,,2026-10-06 18:56:13,2026-10-06 18:56:13
2382,7634157601592360980,7634157601592360980,,钛动湘匯-TT-3-欣盛國際-5,,钛动湘匯-TT,-3,122,4月28日,,2026-10-06 18:56:13,,,,2026-10-06 18:56:13,2026-10-06 18:56:13
2383,7634166325111193620,7634166325111193620,,钛动湘匯-TT-3-百萬水產-1,,钛动湘匯-TT,-3,122,4月28日,,2026-10-06 18:56:13,,,,2026-10-06 18:56:13,2026-10-06 18:56:13
2384,7634166348406325269,7634166348406325269,,钛动湘匯-TT-3-百萬水產-2,,钛动湘匯-TT,-3,122,4月28日,,2026-10-06 18:56:13,,,,2026-10-06 18:56:13,2026-10-06 18:56:13
2385,7634166348800622613,7634166348800622613,,钛动湘匯-TT-3-百萬水產-3,,钛动湘匯-TT,-3,122,4月28日,,2026-10-06 18:56:13,,,,2026-10-06 18:56:13,2026-10-06 18:56:13
2386,7634158995621232660,7634158995621232660,,钛动湘匯-TT-3-百萬水產-4,,钛动湘匯-TT,-3,127,4月28日,,2026-10-06 18:56:13,,,,2026-10-06 18:56:13,2026-10-06 18:56:13
2387,7634166354844680212,7634166354844680212,,钛动湘匯-TT-3-百萬水產-5,,钛动湘匯-TT,-3,127,4月28日,,2026-10-06 18:56:13,,,,2026-10-06 18:56:13,2026-10-06 18:56:13
2388,7634159021762773013,7634159021762773013,,钛动湘匯-TT-3-誠進食品-1,,钛动湘匯-TT,-3,127,4月28日,,2026-10-06 18:56:13,,,,2026-10-06 18:56:13,2026-10-06 18:56:13
2389,7634166968971984916,7634166968971984916,,钛动湘匯-TT-3-誠進食品-2,,钛动湘匯-TT,-3,127,4月28日,,2026-10-06 18:56:13,,,,2026-10-06 18:56:13,2026-10-06 18:56:13
2390,7634166995373572117,7634166995373572117,,钛动湘匯-TT-3-誠進食品-3,,钛动湘匯-TT,-3,127,4月28日,,2026-10-06 18:56:13,,,,2026-10-06 18:56:13,2026-10-06 18:56:13
2391,7634159075634675732,7634159075634675732,,钛动湘匯-TT-3-誠進食品-4,,钛动湘匯-TT,-3,127,4月28日,,2026-10-06 18:56:13,,,,2026-10-06 18:56:13,2026-10-06 18:56:13
2392,7634159097073025045,7634159097073025045,,钛动湘匯-TT-3-誠進食品-5,,钛动湘匯-TT,-3,127,4月28日,,2026-10-06 18:56:13,,,,2026-10-06 18:56:13,2026-10-06 18:56:13
2393,7634910572262932487,7634910572262932487,,钛动湘匯-TT-3-堅世貿易-1,,钛动湘匯-TT,-3,125,4月28日,,2026-10-06 18:56:13,,,,2026-10-06 18:56:13,2026-10-06 18:56:13
2394,7634910795348049928,7634910795348049928,,钛动湘匯-TT-3-堅世貿易-2,,钛动湘匯-TT,-3,,4月28日,2026-10-06,2026-10-06 18:56:13,,,,2026-10-06 18:56:13,2026-10-06 18:56:13
2395,7634911207765393426,7634911207765393426,,钛动湘匯-TT-3-堅世貿易-3,,钛动湘匯-TT,-3,125,4月28日,,2026-10-06 18:56:13,,,,2026-10-06 18:56:13,2026-10-06 18:56:13
2396,7634910248998060050,7634910248998060050,,钛动湘匯-TT-3-堅世貿易-4,,钛动湘匯-TT,-3,125,4月28日,,2026-10-06 18:56:13,,,,2026-10-06 18:56:13,2026-10-06 18:56:13
2397,7634911271103774738,7634911271103774738,,钛动湘匯-TT-3-堅世貿易-5,,钛动湘匯-TT,-3,125,4月28日,,2026-10-06 18:56:13,,,,2026-10-06 18:56:13,2026-10-06 18:56:13
2398,7634911866121699335,7634911866121699335,,钛动湘匯-TT-3-盛瑞貿易-1,,钛动湘匯-TT,-3,,4月28日,2026-10-06,2026-10-06 18:56:13,,,,2026-10-06 18:56:13,2026-10-06 18:56:13
2399,7634911959967711239,7634911959967711239,,钛动湘匯-TT-3-盛瑞貿易-2,,钛动湘匯-TT,-3,125,4月28日,,2026-10-06 18:56:13,,,,2026-10-06 18:56:13,2026-10-06 18:56:13
2400,7634911866121764871,7634911866121764871,,钛动湘匯-TT-3-盛瑞貿易-3,,钛动湘匯-TT,-3,125,4月28日,,2026-10-06 18:56:13,,,,2026-10-06 18:56:13,2026-10-06 18:56:13
2401,7634910572263030791,7634910572263030791,,钛动湘匯-TT-3-盛瑞貿易-4,,钛动湘匯-TT,-3,125,4月28日,,2026-10-06 18:56:13,,,,2026-10-06 18:56:13,2026-10-06 18:56:13
2402,7634912091874263047,7634912091874263047,,钛动湘匯-TT-3-盛瑞貿易-5,,钛动湘匯-TT,-3,125,4月28日,,2026-10-06 18:56:13,,,,2026-10-06 18:56:13,2026-10-06 18:56:13
2403,7636067115111284743,7636067115111284743,,钛动湘匯-TT-7-奥訊貿易-1,,钛动湘匯-TT,7,120,4月28日,,2026-10-06 18:56:13,,,,2026-10-06 18:56:13,2026-10-06 18:56:13
2404,7636066875537014802,7636066875537014802,,钛动湘匯-TT-7-奥訊貿易-2,,钛动湘匯-TT,7,120,4月28日,,2026-10-06 18:56:13,,,,2026-10-06 18:56:13,2026-10-06 18:56:13
2405,7636067247351349255,7636067247351349255,,钛动湘匯-TT-7-奥訊貿易-3,,钛动湘匯-TT,7,120,4月28日,,2026-10-06 18:56:13,,,,2026-10-06 18:56:13,2026-10-06 18:56:13
2406,7636066440709439506,7636066440709439506,,钛动湘匯-TT-7-奥訊貿易-4,,钛动湘匯-TT,7,120,4月28日,,2026-10-06 18:56:13,,,,2026-10-06 18:56:13,2026-10-06 18:56:13
2407,7636067533697810439,7636067533697810439,,钛动湘匯-TT-7-奥訊貿易-5,,钛动湘匯-TT,7,120,4月28日,,2026-10-06 18:56:13,,,,2026-10-06 18:56:13,2026-10-06 18:56:13
2408,7636067176991752200,7636067176991752200,,钛动湘匯-TT-8-振隆貿易-1,,钛动湘匯-TT,8,120,4月28日,,2026-10-06 18:56:13,,,,2026-10-06 18:56:13,2026-10-06 18:56:13
2409,7636067645720231943,7636067645720231943,,钛动湘匯-TT-8-振隆貿易-2,,钛动湘匯-TT,8,120,4月28日,,2026-10-06 18:56:13,,,,2026-10-06 18:56:13,2026-10-06 18:56:13
2410,7636067926878535688,7636067926878535688,,钛动湘匯-TT-8-振隆貿易-3,,钛动湘匯-TT,8,120,4月28日,,2026-10-06 18:56:13,,,,2026-10-06 18:56:13,2026-10-06 18:56:13
2411,7636066875537080338,7636066875537080338,,钛动湘匯-TT-8-振隆貿易-4,,钛动湘匯-TT,8,120,4月28日,,2026-10-06 18:56:13,,,,2026-10-06 18:56:13,2026-10-06 18:56:13
2412,7636066583307304968,7636066583307304968,,钛动湘匯-TT-8-振隆貿易-5,,钛动湘匯-TT,8,120,4月28日,,2026-10-06 18:56:13,,,,2026-10-06 18:56:13,2026-10-06 18:56:13
2413,7636067661635239954,7636067661635239954,,钛动湘匯-TT-8-陳記貿易-1,,钛动湘匯-TT,8,,4月28日,2026-10-06,2026-10-06 18:56:13,,,,2026-10-06 18:56:13,2026-10-06 18:56:13
2414,7636067093935079432,7636067093935079432,,钛动湘匯-TT-8-陳記貿易-2,,钛动湘匯-TT,8,124,4月28日,,2026-10-06 18:56:13,,,,2026-10-06 18:56:13,2026-10-06 18:56:13
2415,7636066994963185671,7636066994963185671,,钛动湘匯-TT-8-陳記貿易-3,,钛动湘匯-TT,8,120,4月28日,,2026-10-06 18:56:13,,,,2026-10-06 18:56:13,2026-10-06 18:56:13
2416,7636067296808730631,7636067296808730631,,钛动湘匯-TT-8-陳記貿易-4,,钛动湘匯-TT,8,120,4月28日,,2026-10-06 18:56:13,,,,2026-10-06 18:56:13,2026-10-06 18:56:13
2417,7636067661635338258,7636067661635338258,,钛动湘匯-TT-8-陳記貿易-5,,钛动湘匯-TT,8,127,4月28日,,2026-10-06 18:56:13,,,,2026-10-06 18:56:13,2026-10-06 18:56:13
2418,7636067204190126098,7636067204190126098,,钛动湘匯-TT-8-易海貿易-1,,钛动湘匯-TT,8,120,4月28日,,2026-10-06 18:56:13,,,,2026-10-06 18:56:13,2026-10-06 18:56:13
2419,7636067176991555592,7636067176991555592,,钛动湘匯-TT-8-易海貿易-2,,钛动湘匯-TT,8,120,4月28日,,2026-10-06 18:56:13,,,,2026-10-06 18:56:13,2026-10-06 18:56:13
2420,7636066875537145874,7636066875537145874,,钛动湘匯-TT-8-易海貿易-3,,钛动湘匯-TT,8,120,4月28日,,2026-10-06 18:56:13,,,,2026-10-06 18:56:13,2026-10-06 18:56:13
2421,7636067176991621128,7636067176991621128,,钛动湘匯-TT-8-易海貿易-4,,钛动湘匯-TT,8,127,4月28日,,2026-10-06 18:56:13,,,,2026-10-06 18:56:13,2026-10-06 18:56:13
2422,7636067067069939719,7636067067069939719,,钛动湘匯-TT-8-易海貿易-5,,钛动湘匯-TT,8,,4月28日,2026-10-06,2026-10-06 18:56:13,,,,2026-10-06 18:56:13,2026-10-06 18:56:13
2423,7638650783472451602,7638650783472451602,,YF-COWINTRADE+7-1,,亿帆湘匯-TT,7,120,5月9日,,2026-10-06 18:56:13,,,,2026-10-06 18:56:13,2026-10-06 18:56:13
2424,7638651439795355666,7638651439795355666,,YF-COWINTRADE+7-2,,亿帆湘匯-TT,7,120,5月9日,,2026-10-06 18:56:13,,,,2026-10-06 18:56:13,2026-10-06 18:56:13
2425,7638651063985717256,7638651063985717256,,YF-COWINTRADE+7-3,,亿帆湘匯-TT,7,120,5月9日,,2026-10-06 18:56:13,,,,2026-10-06 18:56:13,2026-10-06 18:56:13
2426,7638651186375524370,7638651186375524370,,YF-COWINTRADE+7-4,,亿帆湘匯-TT,7,120,5月9日,,2026-10-06 18:56:13,,,,2026-10-06 18:56:13,2026-10-06 18:56:13
2427,7638651250892193800,7638651250892193800,,YF-COWINTRADE+7-5,,亿帆湘匯-TT,7,120,5月9日,,2026-10-06 18:56:13,,,,2026-10-06 18:56:13,2026-10-06 18:56:13
2428,7638651393365884935,7638651393365884935,,LEYING-YFXH+7-1,,亿帆湘匯-TT,7,124,5月9日,,2026-10-06 18:56:13,,,,2026-10-06 18:56:13,2026-10-06 18:56:13
2429,7638651186375589906,7638651186375589906,,LEYING-YFXH+7-2,,亿帆湘匯-TT,7,124,5月9日,,2026-10-06 18:56:13,,,,2026-10-06 18:56:13,2026-10-06 18:56:13
2430,7638650927760162834,7638650927760162834,,LEYING-YFXH+7-3,,亿帆湘匯-TT,7,124,5月9日,,2026-10-06 18:56:13,,,,2026-10-06 18:56:13,2026-10-06 18:56:13
2431,7638650919000997896,7638650919000997896,,LEYING-YFXH+7-4,,亿帆湘匯-TT,7,124,5月9日,,2026-10-06 18:56:13,,,,2026-10-06 18:56:13,2026-10-06 18:56:13
2432,7638650332559491090,7638650332559491090,,LEYING-YFXH+7-5,,亿帆湘匯-TT,7,124,5月9日,,2026-10-06 18:56:13,,,,2026-10-06 18:56:13,2026-10-06 18:56:13
2433,7638651455913836551,7638651455913836551,,JIU-XI+8-1,,亿帆湘匯-TT,8,127,5月9日,,2026-10-06 18:56:13,,,,2026-10-06 18:56:13,2026-10-06 18:56:13
2434,7638650913783332872,7638650913783332872,,JIU-XI+8-2,,亿帆湘匯-TT,8,127,5月9日,,2026-10-06 18:56:13,,,,2026-10-06 18:56:13,2026-10-06 18:56:13
2435,7638651462070878216,7638651462070878216,,JIU-XI+8-3,,亿帆湘匯-TT,8,127,5月9日,,2026-10-06 18:56:13,,,,2026-10-06 18:56:13,2026-10-06 18:56:13
2436,7638650780345679879,7638650780345679879,,JIU-XI+8-4,,亿帆湘匯-TT,8,127,5月9日,,2026-10-06 18:56:13,,,,2026-10-06 18:56:13,2026-10-06 18:56:13
2437,7638651063985881096,7638651063985881096,,JIU-XI+8-5,,亿帆湘匯-TT,8,127,5月9日,,2026-10-06 18:56:13,,,,2026-10-06 18:56:13,2026-10-06 18:56:13
2438,7638651209267838983,7638651209267838983,,YINGHAO-TRADING+8-1,,亿帆湘匯-TT,8,127,5月9日,,2026-10-06 18:56:13,,,,2026-10-06 18:56:13,2026-10-06 18:56:13
2439,7638651250892455944,7638651250892455944,,YINGHAO-TRADING+8-2,,亿帆湘匯-TT,8,127,5月9日,,2026-10-06 18:56:13,,,,2026-10-06 18:56:13,2026-10-06 18:56:13
2440,7638651466610868242,7638651466610868242,,YINGHAO-TRADING+8-3,,亿帆湘匯-TT,8,127,5月9日,,2026-10-06 18:56:13,,,,2026-10-06 18:56:13,2026-10-06 18:56:13
2441,7638651778473017352,7638651778473017352,,YINGHAO-TRADING+8-4,,亿帆湘匯-TT,8,127,5月9日,,2026-10-06 18:56:13,,,,2026-10-06 18:56:13,2026-10-06 18:56:13
2442,7638651146841718802,7638651146841718802,,YINGHAO-TRADING+8-5,,亿帆湘匯-TT,8,127,5月9日,,2026-10-06 18:56:13,,,,2026-10-06 18:56:13,2026-10-06 18:56:13
2443,7638651185406279687,7638651185406279687,,YF-朗科+7-1,,亿帆湘匯-TT,7,124,5月9日,,2026-10-06 18:56:13,,,,2026-10-06 18:56:13,2026-10-06 18:56:13
2444,7638651146841784338,7638651146841784338,,YF-朗科+7-2,,亿帆湘匯-TT,7,124,5月9日,,2026-10-06 18:56:13,,,,2026-10-06 18:56:13,2026-10-06 18:56:13
2445,7638651840384614407,7638651840384614407,,YF-朗科+7-3,,亿帆湘匯-TT,7,124,5月9日,,2026-10-06 18:56:13,,,,2026-10-06 18:56:13,2026-10-06 18:56:13
2446,7638651466610999314,7638651466610999314,,YF-朗科+7-4,,亿帆湘匯-TT,7,124,5月9日,,2026-10-06 18:56:13,,,,2026-10-06 18:56:13,2026-10-06 18:56:13
2447,7638651371088166920,7638651371088166920,,YF-朗科+7-5,,亿帆湘匯-TT,7,124,5月9日,,2026-10-06 18:56:13,,,,2026-10-06 18:56:13,2026-10-06 18:56:13
2448,7638650097392795656,7638650097392795656,,POKA-yfxh-3-1,,亿帆湘匯-TT,-3,121,5月9日,,2026-10-06 18:56:13,,,,2026-10-06 18:56:13,2026-10-06 18:56:13
2449,7638650009803390984,7638650009803390984,,POKA-yfxh-3-2,,亿帆湘匯-TT,-3,,5月9日,2026-10-06,2026-10-06 18:56:13,,,,2026-10-06 18:56:13,2026-10-06 18:56:13
2450,7638650123641012232,7638650123641012232,,POKA-yfxh-3-3,,亿帆湘匯-TT,-3,,5月9日,2026-10-06,2026-10-06 18:56:13,,,,2026-10-06 18:56:13,2026-10-06 18:56:13
2451,7638650660214243335,7638650660214243335,,POKA-yfxh-3-4,,亿帆湘匯-TT,-3,121,5月9日,,2026-10-06 18:56:13,,,,2026-10-06 18:56:13,2026-10-06 18:56:13
2452,7638650906829045767,7638650906829045767,,POKA-yfxh-3-5,,亿帆湘匯-TT,-3,122,5月9日,,2026-10-06 18:56:13,,,,2026-10-06 18:56:13,2026-10-06 18:56:13
2453,7638650207458213896,7638650207458213896,,YF-華淩-HUALING-3-1,,亿帆湘匯-TT,-3,122,5月9日,,2026-10-06 18:56:13,,,,2026-10-06 18:56:13,2026-10-06 18:56:13
2454,7638650821059624967,7638650821059624967,,YF-華淩-HUALING-3-2,,亿帆湘匯-TT,-3,122,5月9日,,2026-10-06 18:56:13,,,,2026-10-06 18:56:13,2026-10-06 18:56:13
2455,7638650429141319688,7638650429141319688,,YF-華淩-HUALING-3-3,,亿帆湘匯-TT,-3,,5月9日,2026-10-06,2026-10-06 18:56:13,,,,2026-10-06 18:56:13,2026-10-06 18:56:13
2456,7638650583771299858,7638650583771299858,,YF-華淩-HUALING-3-4,,亿帆湘匯-TT,-3,122,5月9日,,2026-10-06 18:56:13,,,,2026-10-06 18:56:13,2026-10-06 18:56:13
2457,7638650660214358023,7638650660214358023,,YF-華淩-HUALING-3-5,,亿帆湘匯-TT,-3,,5月9日,2026-10-06,2026-10-06 18:56:13,,,,2026-10-06 18:56:13,2026-10-06 18:56:13
2458,7638650153610887176,7638650153610887176,,DORIS-TRADING-3-1,,亿帆湘匯-TT,-3,122,5月9日,,2026-10-06 18:56:13,,,,2026-10-06 18:56:13,2026-10-06 18:56:13
2459,7638650247434125320,7638650247434125320,,DORIS-TRADING-3-2,,亿帆湘匯-TT,-3,130,5月9日,,2026-10-06 18:56:13,,,,2026-10-06 18:56:13,2026-10-06 18:56:13
2460,7638650926500331538,7638650926500331538,,DORIS-TRADING-3-3,,亿帆湘匯-TT,-3,,5月9日,2026-10-06,2026-10-06 18:56:13,,,,2026-10-06 18:56:13,2026-10-06 18:56:13
2461,7638650153611034632,7638650153611034632,,DORIS-TRADING-3-4,,亿帆湘匯-TT,-3,130,5月9日,,2026-10-06 18:56:13,,,,2026-10-06 18:56:13,2026-10-06 18:56:13
2462,7638651082097901575,7638651082097901575,,DORIS-TRADING-3-5,,亿帆湘匯-TT,-3,,5月9日,2026-10-06,2026-10-06 18:56:13,,,,2026-10-06 18:56:13,2026-10-06 18:56:13
2463,7638649874229460999,7638649874229460999,,熙達-XDA-3-1,,亿帆湘匯-TT,-3,130,5月9日,,2026-10-06 18:56:13,,,,2026-10-06 18:56:13,2026-10-06 18:56:13
2464,7638650768393568274,7638650768393568274,,熙達-XDA-3-2,,亿帆湘匯-TT,-3,,5月9日,2026-10-06,2026-10-06 18:56:13,,,,2026-10-06 18:56:13,2026-10-06 18:56:13
2465,7638649873835081746,7638649873835081746,,熙達-XDA-3-3,,亿帆湘匯-TT,-3,,5月9日,2026-10-06,2026-10-06 18:56:13,,,,2026-10-06 18:56:13,2026-10-06 18:56:13
2466,7638649686895132690,7638649686895132690,,熙達-XDA-3-4,,亿帆湘匯-TT,-3,,5月9日,2026-10-06,2026-10-06 18:56:13,,,,2026-10-06 18:56:13,2026-10-06 18:56:13
2467,7638650969036275719,7638650969036275719,,熙達-XDA-3-5,,亿帆湘匯-TT,-3,,5月9日,2026-10-06,2026-10-06 18:56:13,,,,2026-10-06 18:56:13,2026-10-06 18:56:13
2468,7638651063653941256,7638651063653941256,,CHAK-澤仁-3-1,,亿帆湘匯-TT,-3,122,5月9日,,2026-10-06 18:56:13,,,,2026-10-06 18:56:13,2026-10-06 18:56:13
2469,7638651063654006792,7638651063654006792,,CHAK-澤仁-3-2,,亿帆湘匯-TT,-3,122,5月9日,,2026-10-06 18:56:13,,,,2026-10-06 18:56:13,2026-10-06 18:56:13
2470,7638650598233014290,7638650598233014290,,CHAK-澤仁-3-3,,亿帆湘匯-TT,-3,,5月9日,2026-10-06,2026-10-06 18:56:13,,,,2026-10-06 18:56:13,2026-10-06 18:56:13
2471,7638650783472222226,7638650783472222226,,CHAK-澤仁-3-4,,亿帆湘匯-TT,-3,,5月9日,2026-10-06,2026-10-06 18:56:13,,,,2026-10-06 18:56:13,2026-10-06 18:56:13
2472,7638650886105202696,7638650886105202696,,CHAK-澤仁-3-5,,亿帆湘匯-TT,-3,,5月9日,2026-10-06,2026-10-06 18:56:13,,,,2026-10-06 18:56:13,2026-10-06 18:56:13
2473,7638631123060719634,7638631123060719634,,ZHEN-振華-3-1,,亿帆湘匯-TT,-3,122,5月9日,,2026-10-06 18:56:13,,,,2026-10-06 18:56:13,2026-10-06 18:56:13
2474,7638631004332326930,7638631004332326930,,ZHEN-振華-3-2,,亿帆湘匯-TT,-3,,5月9日,2026-10-06,2026-10-06 18:56:13,,,,2026-10-06 18:56:13,2026-10-06 18:56:13
2475,7638631204293836807,7638631204293836807,,ZHEN-振華-3-3,,亿帆湘匯-TT,-3,,5月9日,2026-10-06,2026-10-06 18:56:13,,,,2026-10-06 18:56:13,2026-10-06 18:56:13
2476,7638631114424434696,7638631114424434696,,ZHEN-振華-3-4,,亿帆湘匯-TT,-3,,5月9日,2026-10-06,2026-10-06 18:56:13,,,,2026-10-06 18:56:13,2026-10-06 18:56:13
2477,7638630409047523346,7638630409047523346,,ZHEN-振華-3-5,,亿帆湘匯-TT,-3,122,5月9日,,2026-10-06 18:56:13,,,,2026-10-06 18:56:13,2026-10-06 18:56:13
2478,7638631105633075207,7638631105633075207,,滕王閣-yf-3-1,,亿帆湘匯-TT,-3,,5月9日,2026-10-06,2026-10-06 18:56:13,,,,2026-10-06 18:56:13,2026-10-06 18:56:13
2479,7638631127447584776,7638631127447584776,,滕王閣-yf-3-2,,亿帆湘匯-TT,-3,122,5月9日,,2026-10-06 18:56:13,,,,2026-10-06 18:56:13,2026-10-06 18:56:13
2480,7638630803513344007,7638630803513344007,,滕王閣-yf-3-3,,亿帆湘匯-TT,-3,,5月9日,2026-10-06,2026-10-06 18:56:13,,,,2026-10-06 18:56:13,2026-10-06 18:56:13
2481,7638630535365017607,7638630535365017607,,滕王閣-yf-3-4,,亿帆湘匯-TT,-3,125,5月9日,,2026-10-06 18:56:13,,,,2026-10-06 18:56:13,2026-10-06 18:56:13
2482,7638631408021585927,7638631408021585927,,滕王閣-yf-3-5,,亿帆湘匯-TT,-3,,5月9日,2026-10-06,2026-10-06 18:56:13,,,,2026-10-06 18:56:13,2026-10-06 18:56:13
2483,7638583990888005639,7638583990888005639,,MOKA-LIMITED-3-1,,亿帆湘匯-TT,-3,,5月9日,2026-10-06,2026-10-06 18:56:13,,,,2026-10-06 18:56:13,2026-10-06 18:56:13
2484,7638584746235969543,7638584746235969543,,MOKA-LIMITED-3-2,,亿帆湘匯-TT,-3,,5月9日,2026-10-06,2026-10-06 18:56:13,,,,2026-10-06 18:56:13,2026-10-06 18:56:13
2485,7638584826330202119,7638584826330202119,,MOKA-LIMITED-3-3,,亿帆湘匯-TT,-3,,5月9日,2026-10-06,2026-10-06 18:56:13,,,,2026-10-06 18:56:13,2026-10-06 18:56:13
2486,7638584702265196562,7638584702265196562,,MOKA-LIMITED-3-4,,亿帆湘匯-TT,-3,127,5月9日,,2026-10-06 18:56:13,,,,2026-10-06 18:56:13,2026-10-06 18:56:13
2487,7638584369644535816,7638584369644535816,,MOKA-LIMITED-3-5,,亿帆湘匯-TT,-3,127,5月9日,,2026-10-06 18:56:13,,,,2026-10-06 18:56:13,2026-10-06 18:56:13
2488,7638583867831549970,7638583867831549970,,BOKAH-柏雅-3-1,,亿帆湘匯-TT,-3,,5月9日,2026-10-06,2026-10-06 18:56:13,,,,2026-10-06 18:56:13,2026-10-06 18:56:13
2489,7638584800570507282,7638584800570507282,,BOKAH-柏雅-3-2,,亿帆湘匯-TT,-3,,5月9日,2026-10-06,2026-10-06 18:56:13,,,,2026-10-06 18:56:13,2026-10-06 18:56:13
2490,7638584717188005895,7638584717188005895,,BOKAH-柏雅-3-3,,亿帆湘匯-TT,-3,,5月9日,2026-10-06,2026-10-06 18:56:13,,,,2026-10-06 18:56:13,2026-10-06 18:56:13
2491,7638584800570572818,7638584800570572818,,BOKAH-柏雅-3-4,,亿帆湘匯-TT,-3,127,5月9日,,2026-10-06 18:56:13,,,,2026-10-06 18:56:13,2026-10-06 18:56:13
2492,7638584860789129234,7638584860789129234,,BOKAH-柏雅-3-5,,亿帆湘匯-TT,-3,127,5月9日,,2026-10-06 18:56:13,,,,2026-10-06 18:56:13,2026-10-06 18:56:13
2493,7638583867831648274,7638583867831648274,,PO-TAT-YF-TT-3-1,,亿帆湘匯-TT,-3,,5月9日,2026-10-06,2026-10-06 18:56:13,,,,2026-10-06 18:56:13,2026-10-06 18:56:13
2494,7638584526316093448,7638584526316093448,,PO-TAT-YF-TT-3-2,,亿帆湘匯-TT,-3,,5月9日,2026-10-06,2026-10-06 18:56:13,,,,2026-10-06 18:56:13,2026-10-06 18:56:13
2495,7638584022995402770,7638584022995402770,,PO-TAT-YF-TT-3-3,,亿帆湘匯-TT,-3,,5月9日,2026-10-06,2026-10-06 18:56:13,,,,2026-10-06 18:56:13,2026-10-06 18:56:13
2496,7638585054502305810,7638585054502305810,,PO-TAT-YF-TT-3-4,,亿帆湘匯-TT,-3,,5月9日,2026-10-06,2026-10-06 18:56:13,,,,2026-10-06 18:56:13,2026-10-06 18:56:13
2497,7638584777474949128,7638584777474949128,,PO-TAT-YF-TT-3-5,,亿帆湘匯-TT,-3,,5月9日,2026-10-06,2026-10-06 18:56:13,,,,2026-10-06 18:56:13,2026-10-06 18:56:13
2498,7638585189102321682,7638585189102321682,,szxsd-天智貿易-3-5,,亿帆湘匯-TT,-3,,5月11日,2026-10-06,2026-10-06 18:56:13,,,,2026-10-06 18:56:13,2026-10-06 18:56:13
2499,7638585047617536008,7638585047617536008,,szxsd-天智貿易-3-4,,亿帆湘匯-TT,-3,,5月11日,2026-10-06,2026-10-06 18:56:13,,,,2026-10-06 18:56:13,2026-10-06 18:56:13
2500,7638584734658002952,7638584734658002952,,szxsd-天智貿易-3-3,,亿帆湘匯-TT,-3,,5月11日,2026-10-06,2026-10-06 18:56:13,,,,2026-10-06 18:56:13,2026-10-06 18:56:13
2501,7638584621956251666,7638584621956251666,,szxsd-天智貿易-3-2,,亿帆湘匯-TT,-3,,5月11日,2026-10-06,2026-10-06 18:56:13,,,,2026-10-06 18:56:13,2026-10-06 18:56:13
2502,7638584717188268039,7638584717188268039,,szxsd-天智貿易-3-1,,亿帆湘匯-TT,-3,,5月11日,2026-10-06,2026-10-06 18:56:13,,,,2026-10-06 18:56:13,2026-10-06 18:56:13
2503,7638584139830296583,7638584139830296583,,hiuh-恒弘貿易-3-5,,亿帆湘匯-TT,-3,127,5月11日,,2026-10-06 18:56:13,,,,2026-10-06 18:56:13,2026-10-06 18:56:13
2504,7638584956784050184,7638584956784050184,,hiuh-恒弘貿易-3-4,,亿帆湘匯-TT,-3,125,5月11日,,2026-10-06 18:56:13,,,,2026-10-06 18:56:13,2026-10-06 18:56:13
2505,7638584604865363976,7638584604865363976,,hiuh-恒弘貿易-3-3,,亿帆湘匯-TT,-3,,5月11日,2026-10-06,2026-10-06 18:56:13,,,,2026-10-06 18:56:13,2026-10-06 18:56:13
2506,7638584777475014664,7638584777475014664,,hiuh-恒弘貿易-3-2,,亿帆湘匯-TT,-3,,5月11日,2026-10-06,2026-10-06 18:56:13,,,,2026-10-06 18:56:13,2026-10-06 18:56:13
2507,7638585050396655634,7638585050396655634,,hiuh-恒弘貿易-3-1,,亿帆湘匯-TT,-3,125,5月11日,,2026-10-06 18:56:13,,,,2026-10-06 18:56:13,2026-10-06 18:56:13
2508,7639567368188428296,7639567368188428296,,YAO-曜源貿易-3-5,,亿帆湘匯-TT,-3,,5月12日,2026-10-06,2026-10-06 18:56:13,,,,2026-10-06 18:56:13,2026-10-06 18:56:13
2509,7639567514393002002,7639567514393002002,,YAO-曜源貿易-3-4,,亿帆湘匯-TT,-3,124,5月12日,,2026-10-06 18:56:13,,,,2026-10-06 18:56:13,2026-10-06 18:56:13
2510,7639567711647383559,7639567711647383559,,YAO-曜源貿易-3-3,,亿帆湘匯-TT,-3,,5月12日,2026-10-06,2026-10-06 18:56:13,,,,2026-10-06 18:56:13,2026-10-06 18:56:13
2511,7639567368188231688,7639567368188231688,,YAO-曜源貿易-3-2,,亿帆湘匯-TT,-3,,5月12日,2026-10-06,2026-10-06 18:56:13,,,,2026-10-06 18:56:13,2026-10-06 18:56:13
2512,7639567398358908935,7639567398358908935,,YAO-曜源貿易-3-1,,亿帆湘匯-TT,-3,130,5月12日,,2026-10-06 18:56:13,,,,2026-10-06 18:56:13,2026-10-06 18:56:13
2513,7639567389742710791,7639567389742710791,,LIN-林臻貿易+8-5,,亿帆湘匯-TT,8,127,5月12日,,2026-10-06 18:56:13,,,,2026-10-06 18:56:13,2026-10-06 18:56:13
2514,7639566749981130760,7639566749981130760,,LIN-林臻貿易+8-4,,亿帆湘匯-TT,8,127,5月12日,,2026-10-06 18:56:13,,,,2026-10-06 18:56:13,2026-10-06 18:56:13
2515,7639567398358351879,7639567398358351879,,LIN-林臻貿易+8-3,,亿帆湘匯-TT,8,127,5月12日,,2026-10-06 18:56:13,,,,2026-10-06 18:56:13,2026-10-06 18:56:13
2516,7639566767412707346,7639566767412707346,,LIN-林臻貿易+8-2,,亿帆湘匯-TT,8,127,5月12日,,2026-10-06 18:56:13,,,,2026-10-06 18:56:13,2026-10-06 18:56:13
2517,7639567125916565511,7639567125916565511,,LIN-林臻貿易+8-1,,亿帆湘匯-TT,8,127,5月12日,,2026-10-06 18:56:13,,,,2026-10-06 18:56:13,2026-10-06 18:56:13
2518,7639567763002032136,7639567763002032136,,XIN-新益商貿+8-5,,亿帆湘匯-TT,8,127,5月12日,,2026-10-06 18:56:13,,,,2026-10-06 18:56:13,2026-10-06 18:56:13
2519,7639567501101645842,7639567501101645842,,XIN-新益商貿+8-4,,亿帆湘匯-TT,8,127,5月12日,,2026-10-06 18:56:13,,,,2026-10-06 18:56:13,2026-10-06 18:56:13
2520,7639567240869969938,7639567240869969938,,XIN-新益商貿+8-3,,亿帆湘匯-TT,8,127,5月12日,,2026-10-06 18:56:13,,,,2026-10-06 18:56:13,2026-10-06 18:56:13
2521,7639567345615912978,7639567345615912978,,XIN-新益商貿+8-2,,亿帆湘匯-TT,8,127,5月12日,,2026-10-06 18:56:13,,,,2026-10-06 18:56:13,2026-10-06 18:56:13
2522,7639566749981261832,7639566749981261832,,XIN-新益商貿+8-1,,亿帆湘匯-TT,8,127,5月12日,,2026-10-06 18:56:13,,,,2026-10-06 18:56:13,2026-10-06 18:56:13
2523,7639567501101547538,7639567501101547538,,BOxi-sklsd+7-5,,亿帆湘匯-TT,7,125,5月12日,,2026-10-06 18:56:13,,,,2026-10-06 18:56:13,2026-10-06 18:56:13
2524,7639567763001933832,7639567763001933832,,BOxi-sklsd+7-4,,亿帆湘匯-TT,7,125,5月12日,,2026-10-06 18:56:13,,,,2026-10-06 18:56:13,2026-10-06 18:56:13
2525,7639568033536147474,7639568033536147474,,BOxi-sklsd+7-3,,亿帆湘匯-TT,7,125,5月12日,,2026-10-06 18:56:13,,,,2026-10-06 18:56:13,2026-10-06 18:56:13
2526,7639566760333115400,7639566760333115400,,BOxi-sklsd+7-2,,亿帆湘匯-TT,7,125,5月12日,,2026-10-06 18:56:13,,,,2026-10-06 18:56:13,2026-10-06 18:56:13
2527,7639567771734458386,7639567771734458386,,BOxi-sklsd+7-1,,亿帆湘匯-TT,7,125,5月12日,,2026-10-06 18:56:13,,,,2026-10-06 18:56:13,2026-10-06 18:56:13
2528,7639573220135305223,7639573220135305223,,SADF-DFS+7-5,,亿帆湘匯-TT,7,125,5月12日,,2026-10-06 18:56:13,,,,2026-10-06 18:56:13,2026-10-06 18:56:13
2529,7639572638261346322,7639572638261346322,,SADF-DFS+7-4,,亿帆湘匯-TT,7,125,5月12日,,2026-10-06 18:56:13,,,,2026-10-06 18:56:13,2026-10-06 18:56:13
2530,7639572958431985682,7639572958431985682,,SADF-DFS+7-3,,亿帆湘匯-TT,7,125,5月12日,,2026-10-06 18:56:13,,,,2026-10-06 18:56:13,2026-10-06 18:56:13
2531,7639572729087442952,7639572729087442952,,SADF-DFS+7-2,,亿帆湘匯-TT,7,125,5月12日,,2026-10-06 18:56:13,,,,2026-10-06 18:56:13,2026-10-06 18:56:13
2532,7639573033643950098,7639573033643950098,,SADF-DFS+7-1,,亿帆湘匯-TT,7,125,5月12日,,2026-10-06 18:56:13,,,,2026-10-06 18:56:13,2026-10-06 18:56:13
2533,7639572925965238290,7639572925965238290,,SLFD-順網貿易+8-5,,亿帆湘匯-TT,8,127,5月12日,,2026-10-06 18:56:13,,,,2026-10-06 18:56:13,2026-10-06 18:56:13
2534,7639573054167334930,7639573054167334930,,SLFD-順網貿易+8-4,,亿帆湘匯-TT,8,127,5月12日,,2026-10-06 18:56:13,,,,2026-10-06 18:56:13,2026-10-06 18:56:13
2535,7639572969196044306,7639572969196044306,,SLFD-順網貿易+8-3,,亿帆湘匯-TT,8,127,5月12日,,2026-10-06 18:56:13,,,,2026-10-06 18:56:13,2026-10-06 18:56:13
2536,7639572867969105938,7639572867969105938,,SLFD-順網貿易+8-2,,亿帆湘匯-TT,8,127,5月12日,,2026-10-06 18:56:13,,,,2026-10-06 18:56:13,2026-10-06 18:56:13
2537,7639572969195978770,7639572969195978770,,SLFD-順網貿易+8-1,,亿帆湘匯-TT,8,127,5月12日,,2026-10-06 18:56:13,,,,2026-10-06 18:56:13,2026-10-06 18:56:13
2538,7639607533618970631,7639607533618970631,,TL-天立贸易+8-5,,亿帆湘匯-TT,8,127,5月12日,,2026-10-06 18:56:13,,,,2026-10-06 18:56:13,2026-10-06 18:56:13
2539,7639607385711018002,7639607385711018002,,TL-天立贸易+8-4,,亿帆湘匯-TT,8,127,5月12日,,2026-10-06 18:56:13,,,,2026-10-06 18:56:13,2026-10-06 18:56:13
2540,7639606419280592914,7639606419280592914,,TL-天立贸易+8-3,,亿帆湘匯-TT,8,124,5月12日,,2026-10-06 18:56:13,,,,2026-10-06 18:56:13,2026-10-06 18:56:13
2541,7639606486214000658,7639606486214000658,,TL-天立贸易+8-2,,亿帆湘匯-TT,8,124,5月12日,,2026-10-06 18:56:13,,,,2026-10-06 18:56:13,2026-10-06 18:56:13
2542,7639607033825853448,7639607033825853448,,TL-天立贸易+8-1,,亿帆湘匯-TT,8,124,5月12日,,2026-10-06 18:56:13,,,,2026-10-06 18:56:13,2026-10-06 18:56:13
2543,7639608062617174024,7639608062617174024,,YANG-sdlks+8-5,,亿帆湘匯-TT,8,124,5月12日,,2026-10-06 18:56:13,,,,2026-10-06 18:56:13,2026-10-06 18:56:13
2544,7639607592938962951,7639607592938962951,,YANG-sdlks+8-4,,亿帆湘匯-TT,8,124,5月12日,,2026-10-06 18:56:13,,,,2026-10-06 18:56:13,2026-10-06 18:56:13
2545,7639606833157619720,7639606833157619720,,YANG-sdlks+8-3,,亿帆湘匯-TT,8,124,5月12日,,2026-10-06 18:56:13,,,,2026-10-06 18:56:13,2026-10-06 18:56:13
2546,7639595368686157842,7639595368686157842,,YANG-sdlks+8-2,,亿帆湘匯-TT,8,124,5月12日,,2026-10-06 18:56:13,,,,2026-10-06 18:56:13,2026-10-06 18:56:13
2547,7639595368686059538,7639595368686059538,,YANG-sdlks+8-1,,亿帆湘匯-TT,8,124,5月12日,,2026-10-06 18:56:13,,,,2026-10-06 18:56:13,2026-10-06 18:56:13
2548,7639594945017069586,7639594945017069586,,YITIAN-sdk+7-5,,亿帆湘匯-TT,8,124,5月12日,,2026-10-06 18:56:13,,,,2026-10-06 18:56:13,2026-10-06 18:56:13
2549,7639594937461473287,7639594937461473287,,YITIAN-sdk+7-4,,亿帆湘匯-TT,8,124,5月12日,,2026-10-06 18:56:13,,,,2026-10-06 18:56:13,2026-10-06 18:56:13
2550,7639594739330908178,7639594739330908178,,YITIAN-sdk+7-3,,亿帆湘匯-TT,8,124,5月12日,,2026-10-06 18:56:13,,,,2026-10-06 18:56:13,2026-10-06 18:56:13
2551,7639594603255185415,7639594603255185415,,YITIAN-sdk+7-2,,亿帆湘匯-TT,8,124,5月12日,,2026-10-06 18:56:13,,,,2026-10-06 18:56:13,2026-10-06 18:56:13
2552,7639594668128518152,7639594668128518152,,YITIAN-sdk+7-1,,亿帆湘匯-TT,8,124,5月12日,,2026-10-06 18:56:13,,,,2026-10-06 18:56:13,2026-10-06 18:56:13
2553,7639594584770773000,7639594584770773000,,sdf-sdfjlk+7-5,,亿帆湘匯-TT,8,124,5月12日,,2026-10-06 18:56:13,,,,2026-10-06 18:56:13,2026-10-06 18:56:13
2554,7639594880431849479,7639594880431849479,,sdf-sdfjlk+7-4,,亿帆湘匯-TT,8,124,5月12日,,2026-10-06 18:56:13,,,,2026-10-06 18:56:13,2026-10-06 18:56:13
2555,7639594723136667655,7639594723136667655,,sdf-sdfjlk+7-3,,亿帆湘匯-TT,8,124,5月12日,,2026-10-06 18:56:13,,,,2026-10-06 18:56:13,2026-10-06 18:56:13
2556,7639594723136602119,7639594723136602119,,sdf-sdfjlk+7-2,,亿帆湘匯-TT,8,124,5月12日,,2026-10-06 18:56:13,,,,2026-10-06 18:56:13,2026-10-06 18:56:13
2557,7639594880431751175,7639594880431751175,,sdf-sdfjlk+7-1,,亿帆湘匯-TT,8,124,5月12日,,2026-10-06 18:56:13,,,,2026-10-06 18:56:13,2026-10-06 18:56:13
2558,7639594585171312648,7639594585171312648,,KJSDF-填写贸易+7-5,,亿帆湘匯-TT,8,124,5月12日,,2026-10-06 18:56:13,,,,2026-10-06 18:56:13,2026-10-06 18:56:13
2559,7639594765281132551,7639594765281132551,,KJSDF-填写贸易+7-4,,亿帆湘匯-TT,8,124,5月12日,,2026-10-06 18:56:13,,,,2026-10-06 18:56:13,2026-10-06 18:56:13
2560,7639199846142099464,7639199846142099464,,KJSDF-填写贸易+7-3,,亿帆湘匯-TT,8,125,5月12日,,2026-10-06 18:56:13,,,,2026-10-06 18:56:13,2026-10-06 18:56:13
2561,7639200015675637767,7639200015675637767,,KJSDF-填写贸易+7-2,,亿帆湘匯-TT,8,125,5月12日,,2026-10-06 18:56:13,,,,2026-10-06 18:56:13,2026-10-06 18:56:13
2562,7639199702953050119,7639199702953050119,,KJSDF-填写贸易+7-1,,亿帆湘匯-TT,8,125,5月12日,,2026-10-06 18:56:13,,,,2026-10-06 18:56:13,2026-10-06 18:56:13
2563,7639594723136536583,7639594723136536583,,ISUIDS-邁森-3-5,,亿帆湘匯-TT,-3,,5月12日,2026-10-06,2026-10-06 18:56:13,,,,2026-10-06 18:56:13,2026-10-06 18:56:13
2564,7639607670986637319,7639607670986637319,,ISUIDS-邁森-3-4,,亿帆湘匯-TT,-3,,5月12日,2026-10-06,2026-10-06 18:56:13,,,,2026-10-06 18:56:13,2026-10-06 18:56:13
2565,7639607033825787912,7639607033825787912,,ISUIDS-邁森-3-3,,亿帆湘匯-TT,-3,,5月12日,2026-10-06,2026-10-06 18:56:13,,,,2026-10-06 18:56:13,2026-10-06 18:56:13
2566,7639606506148806674,7639606506148806674,,ISUIDS-邁森-3-2,,亿帆湘匯-TT,-3,,5月12日,2026-10-06,2026-10-06 18:56:13,,,,2026-10-06 18:56:13,2026-10-06 18:56:13
2567,7639606796986056722,7639606796986056722,,ISUIDS-邁森-3-1,,亿帆湘匯-TT,-3,,5月12日,2026-10-06,2026-10-06 18:56:13,,,,2026-10-06 18:56:13,2026-10-06 18:56:13
2568,7639606458820296711,7639606458820296711,,ZHONG-中晨-3-5,,亿帆湘匯-TT,-3,124,5月12日,,2026-10-06 18:56:13,,,,2026-10-06 18:56:13,2026-10-06 18:56:13
2569,7639606693168676871,7639606693168676871,,ZHONG-中晨-3-4,,亿帆湘匯-TT,-3,,5月12日,2026-10-06,2026-10-06 18:56:13,,,,2026-10-06 18:56:13,2026-10-06 18:56:13
2570,7639607303871725575,7639607303871725575,,ZHONG-中晨-3-3,,亿帆湘匯-TT,-3,,5月12日,2026-10-06,2026-10-06 18:56:13,,,,2026-10-06 18:56:13,2026-10-06 18:56:13
2571,7639200460833882120,7639200460833882120,,ZHONG-中晨-3-2,,亿帆湘匯-TT,-3,130,5月12日,,2026-10-06 18:56:13,,,,2026-10-06 18:56:13,2026-10-06 18:56:13
2572,7639200291643998216,7639200291643998216,,ZHONG-中晨-3-1,,亿帆湘匯-TT,-3,130,5月12日,,2026-10-06 18:56:13,,,,2026-10-06 18:56:13,2026-10-06 18:56:13
2573,7639200460833816584,7639200460833816584,,JIFANG-SM-3-5,,亿帆湘匯-TT,-3,130,5月12日,,2026-10-06 18:56:13,,,,2026-10-06 18:56:13,2026-10-06 18:56:13
2574,7639200319351734290,7639200319351734290,,JIFANG-SM-3-4,,亿帆湘匯-TT,-3,,5月12日,2026-10-06,2026-10-06 18:56:13,,,,2026-10-06 18:56:13,2026-10-06 18:56:13
2575,7639199795537657864,7639199795537657864,,JIFANG-SM-3-3,,亿帆湘匯-TT,-3,130,5月12日,,2026-10-06 18:56:13,,,,2026-10-06 18:56:13,2026-10-06 18:56:13
2576,7639199564364546055,7639199564364546055,,JIFANG-SM-3-2,,亿帆湘匯-TT,-3,130,5月12日,,2026-10-06 18:56:13,,,,2026-10-06 18:56:13,2026-10-06 18:56:13
2577,7639200363228184583,7639200363228184583,,JIFANG-SM-3-1,,亿帆湘匯-TT,-3,,5月12日,2026-10-06,2026-10-06 18:56:13,,,,2026-10-06 18:56:13,2026-10-06 18:56:13
2578,7639199798876438535,7639199798876438535,,DSUXN-亞鑫-3-5,,亿帆湘匯-TT,-3,,5月12日,2026-10-06,2026-10-06 18:56:13,,,,2026-10-06 18:56:13,2026-10-06 18:56:13
2579,7639199583831801863,7639199583831801863,,DSUXN-亞鑫-3-4,,亿帆湘匯-TT,-3,,5月12日,2026-10-06,2026-10-06 18:56:13,,,,2026-10-06 18:56:13,2026-10-06 18:56:13
2580,7639199683046391815,7639199683046391815,,DSUXN-亞鑫-3-3,,亿帆湘匯-TT,-3,,5月12日,2026-10-06,2026-10-06 18:56:13,,,,2026-10-06 18:56:13,2026-10-06 18:56:13
2581,7639608024071602184,7639608024071602184,,DSUXN-亞鑫-3-2,,亿帆湘匯-TT,-3,,5月12日,2026-10-06,2026-10-06 18:56:13,,,,2026-10-06 18:56:13,2026-10-06 18:56:13
2582,7639607307361959954,7639607307361959954,,DSUXN-亞鑫-3-1,,亿帆湘匯-TT,-3,,5月12日,2026-10-06,2026-10-06 18:56:13,,,,2026-10-06 18:56:13,2026-10-06 18:56:13
2583,7639606796985925650,7639606796985925650,,JHMYS-LSDJX-3-5,,亿帆湘匯-TT,-3,,5月12日,2026-10-06,2026-10-06 18:56:13,,,,2026-10-06 18:56:13,2026-10-06 18:56:13
2584,7639607498382508040,7639607498382508040,,JHMYS-LSDJX-3-4,,亿帆湘匯-TT,-3,,5月12日,2026-10-06,2026-10-06 18:56:13,,,,2026-10-06 18:56:13,2026-10-06 18:56:13
2585,7639606103755603975,7639606103755603975,,JHMYS-LSDJX-3-3,,亿帆湘匯-TT,-3,,5月12日,2026-10-06,2026-10-06 18:56:13,,,,2026-10-06 18:56:13,2026-10-06 18:56:13
2586,7639606348052955144,7639606348052955144,,JHMYS-LSDJX-3-2,,亿帆湘匯-TT,-3,,5月12日,2026-10-06,2026-10-06 18:56:13,,,,2026-10-06 18:56:13,2026-10-06 18:56:13
2587,7639606135143235592,7639606135143235592,,JHMYS-LSDJX-3-1,,亿帆湘匯-TT,-3,,5月12日,2026-10-06,2026-10-06 18:56:13,,,,2026-10-06 18:56:13,2026-10-06 18:56:13
2588,7639606494564352007,7639606494564352007,,SNSM-YSX-3-5,,亿帆湘匯-TT,-3,,5月12日,2026-10-06,2026-10-06 18:56:13,,,,2026-10-06 18:56:13,2026-10-06 18:56:13
2589,7639606458820231175,7639606458820231175,,SNSM-YSX-3-4,,亿帆湘匯-TT,-3,124,5月12日,,2026-10-06 18:56:13,,,,2026-10-06 18:56:13,2026-10-06 18:56:13
2590,7639606532595908615,7639606532595908615,,SNSM-YSX-3-3,,亿帆湘匯-TT,-3,,5月12日,2026-10-06,2026-10-06 18:56:13,,,,2026-10-06 18:56:13,2026-10-06 18:56:13
2591,7639373868307202056,7639373868307202056,,MAOYI-慶隆+5-5,,亿帆湘匯-TT,5,127,5月13日,,2026-10-06 18:56:13,,,,2026-10-06 18:56:13,2026-10-06 18:56:13
2592,7639373394908938258,7639373394908938258,,MAOYI-慶隆+5-4,,亿帆湘匯-TT,5,127,5月13日,,2026-10-06 18:56:13,,,,2026-10-06 18:56:13,2026-10-06 18:56:13
2593,7639373992767340562,7639373992767340562,,MAOYI-慶隆+5-3,,亿帆湘匯-TT,5,127,5月13日,,2026-10-06 18:56:13,,,,2026-10-06 18:56:13,2026-10-06 18:56:13
2594,7639373209063325714,7639373209063325714,,MAOYI-慶隆+5-2,,亿帆湘匯-TT,5,127,5月13日,,2026-10-06 18:56:13,,,,2026-10-06 18:56:13,2026-10-06 18:56:13
2595,7639372903242547218,7639372903242547218,,MAOYI-慶隆+5-1,,亿帆湘匯-TT,5,127,5月13日,,2026-10-06 18:56:13,,,,2026-10-06 18:56:13,2026-10-06 18:56:13
2596,7639373412503617554,7639373412503617554,,PULA-普洛貿易+5-5,,亿帆湘匯-TT,5,127,5月13日,,2026-10-06 18:56:13,,,,2026-10-06 18:56:13,2026-10-06 18:56:13
2597,7639373846126018567,7639373846126018567,,PULA-普洛貿易+5-4,,亿帆湘匯-TT,5,127,5月13日,,2026-10-06 18:56:13,,,,2026-10-06 18:56:13,2026-10-06 18:56:13
2598,7639373556167229458,7639373556167229458,,PULA-普洛貿易+5-3,,亿帆湘匯-TT,5,127,5月13日,,2026-10-06 18:56:13,,,,2026-10-06 18:56:13,2026-10-06 18:56:13
2599,7639373556520058888,7639373556520058888,,PULA-普洛貿易+5-2,,亿帆湘匯-TT,5,127,5月13日,,2026-10-06 18:56:13,,,,2026-10-06 18:56:13,2026-10-06 18:56:13
2600,7639373412503552018,7639373412503552018,,PULA-普洛貿易+5-1,,亿帆湘匯-TT,5,127,5月13日,,2026-10-06 18:56:13,,,,2026-10-06 18:56:13,2026-10-06 18:56:13
2601,7639373556167163922,7639373556167163922,,FUT-SKLSD+5-5,,亿帆湘匯-TT,5,127,5月13日,,2026-10-06 18:56:13,,,,2026-10-06 18:56:13,2026-10-06 18:56:13
2602,7639373166696710152,7639373166696710152,,FUT-SKLSD+5-4,,亿帆湘匯-TT,5,127,5月13日,,2026-10-06 18:56:13,,,,2026-10-06 18:56:13,2026-10-06 18:56:13
2603,7639373215912640520,7639373215912640520,,FUT-SKLSD+5-3,,亿帆湘匯-TT,5,127,5月13日,,2026-10-06 18:56:13,,,,2026-10-06 18:56:13,2026-10-06 18:56:13
2604,7639316956650274824,7639316956650274824,,FUT-SKLSD+5-2,,亿帆湘匯-TT,5,127,5月13日,,2026-10-06 18:56:13,,,,2026-10-06 18:56:13,2026-10-06 18:56:13
2605,7639316894427791368,7639316894427791368,,FUT-SKLSD+5-1,,亿帆湘匯-TT,5,127,5月13日,,2026-10-06 18:56:13,,,,2026-10-06 18:56:13,2026-10-06 18:56:13
2606,7639316996790157319,7639316996790157319,,HUAC-CCS+5-5,,亿帆湘匯-TT,5,120,5月13日,,2026-10-06 18:56:13,,,,2026-10-06 18:56:13,2026-10-06 18:56:13
2607,7639317101401522184,7639317101401522184,,HUAC-CCS+5-4,,亿帆湘匯-TT,5,120,5月13日,,2026-10-06 18:56:13,,,,2026-10-06 18:56:13,2026-10-06 18:56:13
2608,7639316422019366919,7639316422019366919,,HUAC-CCS+5-3,,亿帆湘匯-TT,5,120,5月13日,,2026-10-06 18:56:13,,,,2026-10-06 18:56:13,2026-10-06 18:56:13
2609,7639317008600842248,7639317008600842248,,HUAC-CCS+5-2,,亿帆湘匯-TT,5,120,5月13日,,2026-10-06 18:56:13,,,,2026-10-06 18:56:13,2026-10-06 18:56:13
2610,7639316935050706962,7639316935050706962,,HUAC-CCS+5-1,,亿帆湘匯-TT,5,120,5月13日,,2026-10-06 18:56:13,,,,2026-10-06 18:56:13,2026-10-06 18:56:13
2611,7639307744180371464,7639307744180371464,,SHANG-SL+5-5,,亿帆湘匯-TT,5,122,5月13日,,2026-10-06 18:56:13,,,,2026-10-06 18:56:13,2026-10-06 18:56:13
2612,7639307890297225234,7639307890297225234,,SHANG-SL+5-4,,亿帆湘匯-TT,5,122,5月13日,,2026-10-06 18:56:13,,,,2026-10-06 18:56:13,2026-10-06 18:56:13
2613,7639307893073903623,7639307893073903623,,SHANG-SL+5-3,,亿帆湘匯-TT,5,122,5月13日,,2026-10-06 18:56:13,,,,2026-10-06 18:56:13,2026-10-06 18:56:13
2614,7639307457285750791,7639307457285750791,,SHANG-SL+5-2,,亿帆湘匯-TT,5,122,5月13日,,2026-10-06 18:56:13,,,,2026-10-06 18:56:13,2026-10-06 18:56:13
2615,7639307786207363080,7639307786207363080,,SHANG-SL+5-1,,亿帆湘匯-TT,5,122,5月13日,,2026-10-06 18:56:13,,,,2026-10-06 18:56:13,2026-10-06 18:56:13
2616,7639308082874449928,7639308082874449928,,WANAG-WS+5-5,,亿帆湘匯-TT,5,121,5月13日,,2026-10-06 18:56:13,,,,2026-10-06 18:56:13,2026-10-06 18:56:13
2617,7639307890297159698,7639307890297159698,,WANAG-WS+5-4,,亿帆湘匯-TT,5,121,5月13日,,2026-10-06 18:56:13,,,,2026-10-06 18:56:13,2026-10-06 18:56:13
2618,7639307549969629191,7639307549969629191,,WANAG-WS+5-3,,亿帆湘匯-TT,5,121,5月13日,,2026-10-06 18:56:13,,,,2026-10-06 18:56:13,2026-10-06 18:56:13
2619,7639307166586978322,7639307166586978322,,WANAG-WS+5-2,,亿帆湘匯-TT,5,121,5月13日,,2026-10-06 18:56:13,,,,2026-10-06 18:56:13,2026-10-06 18:56:13
2620,7639307805048291336,7639307805048291336,,WANAG-WS+5-1,,亿帆湘匯-TT,5,121,5月13日,,2026-10-06 18:56:13,,,,2026-10-06 18:56:13,2026-10-06 18:56:13
2621,7639691916662784008,7639691916662784008,,JIESH-創禾貿易+8-5,,亿帆湘匯-TT,8,125,5月14日,,2026-10-06 18:56:13,,,,2026-10-06 18:56:13,2026-10-06 18:56:13
2622,7639692140959924242,7639692140959924242,,JIESH-創禾貿易+8-4,,亿帆湘匯-TT,8,125,5月14日,,2026-10-06 18:56:13,,,,2026-10-06 18:56:13,2026-10-06 18:56:13
2623,7639692769430257672,7639692769430257672,,JIESH-創禾貿易+8-3,,亿帆湘匯-TT,8,125,5月14日,,2026-10-06 18:56:13,,,,2026-10-06 18:56:13,2026-10-06 18:56:13
2624,7639692411133460487,7639692411133460487,,JIESH-創禾貿易+8-2,,亿帆湘匯-TT,8,125,5月14日,,2026-10-06 18:56:13,,,,2026-10-06 18:56:13,2026-10-06 18:56:13
2625,7639692854901669906,7639692854901669906,,JIESH-創禾貿易+8-1,,亿帆湘匯-TT,8,125,5月14日,,2026-10-06 18:56:13,,,,2026-10-06 18:56:13,2026-10-06 18:56:13
2626,7639692571719057415,7639692571719057415,,HEY-合一商貿+8-5,,亿帆湘匯-TT,8,125,5月14日,,2026-10-06 18:56:13,,,,2026-10-06 18:56:13,2026-10-06 18:56:13
2627,7639692093681696776,7639692093681696776,,HEY-合一商貿+8-4,,亿帆湘匯-TT,8,125,5月14日,,2026-10-06 18:56:13,,,,2026-10-06 18:56:13,2026-10-06 18:56:13
2628,7639692333918830599,7639692333918830599,,HEY-合一商貿+8-3,,亿帆湘匯-TT,8,125,5月14日,,2026-10-06 18:56:13,,,,2026-10-06 18:56:13,2026-10-06 18:56:13
2629,7639692209222336520,7639692209222336520,,HEY-合一商貿+8-2,,亿帆湘匯-TT,8,125,5月14日,,2026-10-06 18:56:13,,,,2026-10-06 18:56:13,2026-10-06 18:56:13
2630,7639692264355397639,7639692264355397639,,HEY-合一商貿+8-1,,亿帆湘匯-TT,8,125,5月14日,,2026-10-06 18:56:13,,,,2026-10-06 18:56:13,2026-10-06 18:56:13
2631,7639692548335779847,7639692548335779847,,LJII-LSD+7-5,,亿帆湘匯-TT,7,125,5月14日,,2026-10-06 18:56:13,,,,2026-10-06 18:56:13,2026-10-06 18:56:13
2632,7639692525082656786,7639692525082656786,,LJII-LSD+7-4,,亿帆湘匯-TT,7,,5月14日,2026-10-06,2026-10-06 18:56:13,,,,2026-10-06 18:56:13,2026-10-06 18:56:13
2633,7639692208114827271,7639692208114827271,,LJII-LSD+7-3,,亿帆湘匯-TT,7,125,5月14日,,2026-10-06 18:56:13,,,,2026-10-06 18:56:13,2026-10-06 18:56:13
2634,7639692796762210312,7639692796762210312,,LJII-LSD+7-2,,亿帆湘匯-TT,7,,5月14日,2026-10-06,2026-10-06 18:56:13,,,,2026-10-06 18:56:13,2026-10-06 18:56:13
2635,7639692155887419410,7639692155887419410,,LJII-LSD+7-1,,亿帆湘匯-TT,7,125,5月14日,,2026-10-06 18:56:13,,,,2026-10-06 18:56:13,2026-10-06 18:56:13
2636,7639692769430093832,7639692769430093832,,OIJLK-BN+7-5,,亿帆湘匯-TT,7,125,5月14日,,2026-10-06 18:56:13,,,,2026-10-06 18:56:13,2026-10-06 18:56:13
2637,7639692311160586247,7639692311160586247,,OIJLK-BN+7-4,,亿帆湘匯-TT,7,,5月14日,2026-10-06,2026-10-06 18:56:13,,,,2026-10-06 18:56:13,2026-10-06 18:56:13
2638,7639692209222221832,7639692209222221832,,OIJLK-BN+7-3,,亿帆湘匯-TT,7,,5月14日,2026-10-06,2026-10-06 18:56:13,,,,2026-10-06 18:56:13,2026-10-06 18:56:13
2639,7639692311160487943,7639692311160487943,,OIJLK-BN+7-2,,亿帆湘匯-TT,7,125,5月14日,,2026-10-06 18:56:13,,,,2026-10-06 18:56:13,2026-10-06 18:56:13
2640,7639692346345947144,7639692346345947144,,OIJLK-BN+7-1,,亿帆湘匯-TT,7,,5月14日,2026-10-06,2026-10-06 18:56:13,,,,2026-10-06 18:56:13,2026-10-06 18:56:13
2641,7639692209222090760,7639692209222090760,,SJOO-HB+8-5,,亿帆湘匯-TT,8,125,5月14日,,2026-10-06 18:56:13,,,,2026-10-06 18:56:13,2026-10-06 18:56:13
2642,7639692346345750536,7639692346345750536,,SJOO-HB+8-4,,亿帆湘匯-TT,8,125,5月14日,,2026-10-06 18:56:13,,,,2026-10-06 18:56:13,2026-10-06 18:56:13
2643,7639692524297486354,7639692524297486354,,SJOO-HB+8-3,,亿帆湘匯-TT,8,121,5月14日,,2026-10-06 18:56:13,,,,2026-10-06 18:56:13,2026-10-06 18:56:13
2644,7639692896376258567,7639692896376258567,,SJOO-HB+8-2,,亿帆湘匯-TT,8,121,5月14日,,2026-10-06 18:56:13,,,,2026-10-06 18:56:13,2026-10-06 18:56:13
2645,7639691850101850130,7639691850101850130,,SJOO-HB+8-1,,亿帆湘匯-TT,8,121,5月14日,,2026-10-06 18:56:13,,,,2026-10-06 18:56:13,2026-10-06 18:56:13
2646,7639693762398011410,7639693762398011410,,SLKEW-SD+8-5,,亿帆湘匯-TT,8,121,5月14日,,2026-10-06 18:56:13,,,,2026-10-06 18:56:13,2026-10-06 18:56:13
2647,7639692681214967826,7639692681214967826,,SLKEW-SD+8-4,,亿帆湘匯-TT,8,121,5月14日,,2026-10-06 18:56:13,,,,2026-10-06 18:56:13,2026-10-06 18:56:13
2648,7639693269340913682,7639693269340913682,,SLKEW-SD+8-3,,亿帆湘匯-TT,8,121,5月14日,,2026-10-06 18:56:13,,,,2026-10-06 18:56:13,2026-10-06 18:56:13
2649,7639693039035858962,7639693039035858962,,SLKEW-SD+8-2,,亿帆湘匯-TT,8,121,5月14日,,2026-10-06 18:56:13,,,,2026-10-06 18:56:13,2026-10-06 18:56:13
2650,7639693156560584711,7639693156560584711,,SLKEW-SD+8-1,,亿帆湘匯-TT,8,121,5月14日,,2026-10-06 18:56:13,,,,2026-10-06 18:56:13,2026-10-06 18:56:13
2651,7639693278258003986,7639693278258003986,,ewf-lmjk+7-5,,亿帆湘匯-TT,7,121,5月14日,,2026-10-06 18:56:13,,,,2026-10-06 18:56:13,2026-10-06 18:56:13
2652,7639693062708477960,7639693062708477960,,ewf-lmjk+7-4,,亿帆湘匯-TT,7,121,5月14日,,2026-10-06 18:56:13,,,,2026-10-06 18:56:13,2026-10-06 18:56:13
2653,7639693281873592327,7639693281873592327,,ewf-lmjk+7-3,,亿帆湘匯-TT,7,,5月14日,2026-10-06,2026-10-06 18:56:13,,,,2026-10-06 18:56:13,2026-10-06 18:56:13
2654,7639692873465823240,7639692873465823240,,ewf-lmjk+7-2,,亿帆湘匯-TT,7,121,5月14日,,2026-10-06 18:56:13,,,,2026-10-06 18:56:13,2026-10-06 18:56:13
2655,7639692740163993607,7639692740163993607,,ewf-lmjk+7-1,,亿帆湘匯-TT,7,,5月14日,2026-10-06,2026-10-06 18:56:13,,,,2026-10-06 18:56:13,2026-10-06 18:56:13
2656,7639693005326319624,7639693005326319624,,fwej-sdf+7-5,,亿帆湘匯-TT,7,121,5月14日,,2026-10-06 18:56:13,,,,2026-10-06 18:56:13,2026-10-06 18:56:13
2657,7639692536315133959,7639692536315133959,,fwej-sdf+7-4,,亿帆湘匯-TT,7,121,5月14日,,2026-10-06 18:56:13,,,,2026-10-06 18:56:13,2026-10-06 18:56:13
2658,7639692732696985618,7639692732696985618,,fwej-sdf+7-3,,亿帆湘匯-TT,7,,5月14日,2026-10-06,2026-10-06 18:56:13,,,,2026-10-06 18:56:13,2026-10-06 18:56:13
2659,7639693269340782610,7639693269340782610,,fwej-sdf+7-2,,亿帆湘匯-TT,7,121,5月14日,,2026-10-06 18:56:13,,,,2026-10-06 18:56:13,2026-10-06 18:56:13
2660,7639692740163928071,7639692740163928071,,fwej-sdf+7-1,,亿帆湘匯-TT,7,121,5月14日,,2026-10-06 18:56:13,,,,2026-10-06 18:56:13,2026-10-06 18:56:13
2661,7639692983188684808,7639692983188684808,,SFE-清瑩貿易-3-5,,亿帆湘匯-TT,-3,,5月14日,2026-10-06,2026-10-06 18:56:13,,,,2026-10-06 18:56:13,2026-10-06 18:56:13
2662,7639693102365736978,7639693102365736978,,SFE-清瑩貿易-3-4,,亿帆湘匯-TT,-3,,5月14日,2026-10-06,2026-10-06 18:56:13,,,,2026-10-06 18:56:13,2026-10-06 18:56:13
2663,7639692840884535303,7639692840884535303,,SFE-清瑩貿易-3-3,,亿帆湘匯-TT,-3,,5月14日,2026-10-06,2026-10-06 18:56:13,,,,2026-10-06 18:56:13,2026-10-06 18:56:13
2664,7639692732696920082,7639692732696920082,,SFE-清瑩貿易-3-2,,亿帆湘匯-TT,-3,,5月14日,2026-10-06,2026-10-06 18:56:13,,,,2026-10-06 18:56:13,2026-10-06 18:56:13
2665,7639692565470281736,7639692565470281736,,SFE-清瑩貿易-3-1,,亿帆湘匯-TT,-3,,5月14日,2026-10-06,2026-10-06 18:56:13,,,,2026-10-06 18:56:13,2026-10-06 18:56:13
2666,7639693128185954311,7639693128185954311,,WLE-萬恩貿易-3-5,,亿帆湘匯-TT,-3,,5月14日,2026-10-06,2026-10-06 18:56:13,,,,2026-10-06 18:56:13,2026-10-06 18:56:13
2667,7639693156560338951,7639693156560338951,,WLE-萬恩貿易-3-4,,亿帆湘匯-TT,-3,124,5月14日,,2026-10-06 18:56:13,,,,2026-10-06 18:56:13,2026-10-06 18:56:13
2668,7639692784686661640,7639692784686661640,,WLE-萬恩貿易-3-3,,亿帆湘匯-TT,-3,124,5月14日,,2026-10-06 18:56:13,,,,2026-10-06 18:56:13,2026-10-06 18:56:13
2669,7639692796762439688,7639692796762439688,,WLE-萬恩貿易-3-2,,亿帆湘匯-TT,-3,,5月14日,2026-10-06,2026-10-06 18:56:13,,,,2026-10-06 18:56:13,2026-10-06 18:56:13
2670,7639692411133657095,7639692411133657095,,WLE-萬恩貿易-3-1,,亿帆湘匯-TT,-3,124,5月14日,,2026-10-06 18:56:13,,,,2026-10-06 18:56:13,2026-10-06 18:56:13
2671,7639954810805846034,7639954810805846034,,XJMYU-星界貿易-3-2,,亿帆湘匯-TT,-3,,5月14日,2026-10-06,2026-10-06 18:56:13,,,,2026-10-06 18:56:13,2026-10-06 18:56:13
2672,7639954550216048648,7639954550216048648,,XJMYU-星界貿易-3-1,,亿帆湘匯-TT,-3,,5月14日,2026-10-06,2026-10-06 18:56:13,,,,2026-10-06 18:56:13,2026-10-06 18:56:13
2673,7641178390539632648,7641178390539632648,,sdjkl-el-3-3,,亿帆湘匯-TT,-3,,5月15日,2026-10-06,2026-10-06 18:56:13,,,,2026-10-06 18:56:13,2026-10-06 18:56:13
2674,7641178599298727954,7641178599298727954,,sdj-iol-3-5,,亿帆湘匯-TT,-3,,5月15日,2026-10-06,2026-10-06 18:56:13,,,,2026-10-06 18:56:13,2026-10-06 18:56:13
2675,7641178510775353362,7641178510775353362,,sdj-iol-3-2,,亿帆湘匯-TT,-3,,5月15日,2026-10-06,2026-10-06 18:56:13,,,,2026-10-06 18:56:13,2026-10-06 18:56:13
2676,7641178874315096072,7641178874315096072,,sdj-iol-3-1,,亿帆湘匯-TT,-3,,5月15日,2026-10-06,2026-10-06 18:56:13,,,,2026-10-06 18:56:13,2026-10-06 18:56:13
2677,7641178535235731474,7641178535235731474,,JINP-金品貿易-3-5,,亿帆湘匯-TT,-3,,5月15日,2026-10-06,2026-10-06 18:56:13,,,,2026-10-06 18:56:13,2026-10-06 18:56:13
2678,7641178123979210760,7641178123979210760,,JINP-金品貿易-3-4,,亿帆湘匯-TT,-3,,5月15日,2026-10-06,2026-10-06 18:56:13,,,,2026-10-06 18:56:13,2026-10-06 18:56:13
2679,7641178535235600402,7641178535235600402,,JINP-金品貿易-3-3,,亿帆湘匯-TT,-3,,5月15日,2026-10-06,2026-10-06 18:56:13,,,,2026-10-06 18:56:13,2026-10-06 18:56:13
2680,7641178207299092487,7641178207299092487,,JINP-金品貿易-3-2,,亿帆湘匯-TT,-3,,5月15日,2026-10-06,2026-10-06 18:56:13,,,,2026-10-06 18:56:13,2026-10-06 18:56:13
2681,7641178233177767944,7641178233177767944,,JINP-金品貿易-3-1,,亿帆湘匯-TT,-3,,5月15日,2026-10-06,2026-10-06 18:56:13,,,,2026-10-06 18:56:13,2026-10-06 18:56:13
2682,7641178599298498578,7641178599298498578,,GW-格沃贸易-3-5,,亿帆湘匯-TT,-3,124,5月15日,,2026-10-06 18:56:13,,,,2026-10-06 18:56:13,2026-10-06 18:56:13
2683,7641178145038745618,7641178145038745618,,GW-格沃贸易-3-4,,亿帆湘匯-TT,-3,,5月15日,2026-10-06,2026-10-06 18:56:13,,,,2026-10-06 18:56:13,2026-10-06 18:56:13
2684,7641177938549030920,7641177938549030920,,GW-格沃贸易-3-3,,亿帆湘匯-TT,-3,,5月15日,2026-10-06,2026-10-06 18:56:13,,,,2026-10-06 18:56:13,2026-10-06 18:56:13
2685,7641178510775123986,7641178510775123986,,GW-格沃贸易-3-2,,亿帆湘匯-TT,-3,,5月15日,2026-10-06,2026-10-06 18:56:13,,,,2026-10-06 18:56:13,2026-10-06 18:56:13
2686,7641178207519162386,7641178207519162386,,GW-格沃贸易-3-1,,亿帆湘匯-TT,-3,124,5月15日,,2026-10-06 18:56:13,,,,2026-10-06 18:56:13,2026-10-06 18:56:13
2687,7641177380006182920,7641177380006182920,,JH-西江貿易+5-5,,亿帆湘匯-TT,5,120,5月15日,,2026-10-06 18:56:13,,,,2026-10-06 18:56:13,2026-10-06 18:56:13
2688,7641177557405925384,7641177557405925384,,JH-西江貿易+5-4,,亿帆湘匯-TT,5,120,5月15日,,2026-10-06 18:56:13,,,,2026-10-06 18:56:13,2026-10-06 18:56:13
2689,7641177410892988424,7641177410892988424,,JH-西江貿易+5-3,,亿帆湘匯-TT,5,120,5月15日,,2026-10-06 18:56:13,,,,2026-10-06 18:56:13,2026-10-06 18:56:13
2690,7641178239993561095,7641178239993561095,,JH-西江貿易+5-2,,亿帆湘匯-TT,5,120,5月15日,,2026-10-06 18:56:13,,,,2026-10-06 18:56:13,2026-10-06 18:56:13
2691,7641177713658871815,7641177713658871815,,JH-西江貿易+5-1,,亿帆湘匯-TT,5,120,5月15日,,2026-10-06 18:56:13,,,,2026-10-06 18:56:13,2026-10-06 18:56:13
2692,7641214138793902088,7641214138793902088,,TINA-天航貿易+5-5,,亿帆湘匯-TT,5,124,5月15日,,2026-10-06 18:56:13,,,,2026-10-06 18:56:13,2026-10-06 18:56:13
2693,7641214489983352840,7641214489983352840,,TINA-天航貿易+5-4,,亿帆湘匯-TT,5,124,5月15日,,2026-10-06 18:56:13,,,,2026-10-06 18:56:13,2026-10-06 18:56:13
2694,7641214119911751688,7641214119911751688,,TINA-天航貿易+5-3,,亿帆湘匯-TT,5,124,5月15日,,2026-10-06 18:56:13,,,,2026-10-06 18:56:13,2026-10-06 18:56:13
2695,7641214484704133127,7641214484704133127,,TINA-天航貿易+5-2,,亿帆湘匯-TT,5,124,5月15日,,2026-10-06 18:56:13,,,,2026-10-06 18:56:13,2026-10-06 18:56:13
2696,7641214489983254536,7641214489983254536,,TINA-天航貿易+5-1,,亿帆湘匯-TT,5,124,5月15日,,2026-10-06 18:56:13,,,,2026-10-06 18:56:13,2026-10-06 18:56:13
2697,7641213865912483848,7641213865912483848,,sdj-weoip+5-5,,亿帆湘匯-TT,5,125,5月15日,,2026-10-06 18:56:13,,,,2026-10-06 18:56:13,2026-10-06 18:56:13
2698,7641213627001241608,7641213627001241608,,sdj-weoip+5-4,,亿帆湘匯-TT,5,125,5月15日,,2026-10-06 18:56:13,,,,2026-10-06 18:56:13,2026-10-06 18:56:13
2699,7641213632975355912,7641213632975355912,,sdj-weoip+5-3,,亿帆湘匯-TT,5,125,5月15日,,2026-10-06 18:56:13,,,,2026-10-06 18:56:13,2026-10-06 18:56:13
2700,7641213904538124306,7641213904538124306,,sdj-weoip+5-2,,亿帆湘匯-TT,5,125,5月15日,,2026-10-06 18:56:13,,,,2026-10-06 18:56:13,2026-10-06 18:56:13
2701,7641213846996140039,7641213846996140039,,sdj-weoip+5-1,,亿帆湘匯-TT,5,125,5月15日,,2026-10-06 18:56:13,,,,2026-10-06 18:56:13,2026-10-06 18:56:13
2702,7641213979178811399,7641213979178811399,,wjwe-loid+5-5,,亿帆湘匯-TT,5,127,5月15日,,2026-10-06 18:56:13,,,,2026-10-06 18:56:13,2026-10-06 18:56:13
2703,7641214300660678664,7641214300660678664,,wjwe-loid+5-4,,亿帆湘匯-TT,5,127,5月15日,,2026-10-06 18:56:13,,,,2026-10-06 18:56:13,2026-10-06 18:56:13
2704,7641213711310536722,7641213711310536722,,wjwe-loid+5-3,,亿帆湘匯-TT,5,127,5月15日,,2026-10-06 18:56:13,,,,2026-10-06 18:56:13,2026-10-06 18:56:13
2705,7641213249479933960,7641213249479933960,,wjwe-loid+5-2,,亿帆湘匯-TT,5,127,5月15日,,2026-10-06 18:56:13,,,,2026-10-06 18:56:13,2026-10-06 18:56:13
2706,7641213980379365384,7641213980379365384,,wjwe-loid+5-1,,亿帆湘匯-TT,5,127,5月15日,,2026-10-06 18:56:13,,,,2026-10-06 18:56:13,2026-10-06 18:56:13
2707,7641213711310471186,7641213711310471186,,lsjdk-iop+5-5,,亿帆湘匯-TT,5,131,5月15日,,2026-10-06 18:56:13,,,,2026-10-06 18:56:13,2026-10-06 18:56:13
2708,7641214090069147666,7641214090069147666,,lsjdk-iop+5-4,,亿帆湘匯-TT,5,131,5月15日,,2026-10-06 18:56:13,,,,2026-10-06 18:56:13,2026-10-06 18:56:13
2709,7641213415209598983,7641213415209598983,,lsjdk-iop+5-3,,亿帆湘匯-TT,5,131,5月15日,,2026-10-06 18:56:13,,,,2026-10-06 18:56:13,2026-10-06 18:56:13
2710,7641214300660482056,7641214300660482056,,lsjdk-iop+5-2,,亿帆湘匯-TT,5,131,5月15日,,2026-10-06 18:56:13,,,,2026-10-06 18:56:13,2026-10-06 18:56:13
2711,7641213817829212178,7641213817829212178,,lsjdk-iop+5-1,,亿帆湘匯-TT,5,131,5月15日,,2026-10-06 18:56:13,,,,2026-10-06 18:56:13,2026-10-06 18:56:13
2712,7641214091377278994,7641214091377278994,,fwe-lj+5-5,,亿帆湘匯-TT,5,122,5月15日,,2026-10-06 18:56:13,,,,2026-10-06 18:56:13,2026-10-06 18:56:13
2713,7641213865576890375,7641213865576890375,,fwe-lj+5-4,,亿帆湘匯-TT,5,122,5月15日,,2026-10-06 18:56:13,,,,2026-10-06 18:56:13,2026-10-06 18:56:13
2714,7641212968230879239,7641212968230879239,,fwe-lj+5-3,,亿帆湘匯-TT,5,122,5月15日,,2026-10-06 18:56:13,,,,2026-10-06 18:56:13,2026-10-06 18:56:13
2715,7641213532886499335,7641213532886499335,,fwe-lj+5-2,,亿帆湘匯-TT,5,122,5月15日,,2026-10-06 18:56:13,,,,2026-10-06 18:56:13,2026-10-06 18:56:13
2716,7641213817829146642,7641213817829146642,,fwe-lj+5-1,,亿帆湘匯-TT,5,122,5月15日,,2026-10-06 18:56:13,,,,2026-10-06 18:56:13,2026-10-06 18:56:13
2717,7641953624750751751,7641953624750751751,,MJ-麻吉+8-5,,亿帆湘匯-TT,8,121,5月18日,,2026-10-06 18:56:13,,,,2026-10-06 18:56:13,2026-10-06 18:56:13
2718,7641953479778680850,7641953479778680850,,MJ-麻吉+8-4,,亿帆湘匯-TT,8,121,5月18日,,2026-10-06 18:56:13,,,,2026-10-06 18:56:13,2026-10-06 18:56:13
2719,7641953618385141768,7641953618385141768,,MJ-麻吉+8-3,,亿帆湘匯-TT,8,121,5月18日,,2026-10-06 18:56:13,,,,2026-10-06 18:56:13,2026-10-06 18:56:13
2720,7641953477081563154,7641953477081563154,,MJ-麻吉+8-2,,亿帆湘匯-TT,8,121,5月18日,,2026-10-06 18:56:13,,,,2026-10-06 18:56:13,2026-10-06 18:56:13
2721,7641953494022357000,7641953494022357000,,MJ-麻吉+8-1,,亿帆湘匯-TT,8,121,5月18日,,2026-10-06 18:56:13,,,,2026-10-06 18:56:13,2026-10-06 18:56:13
2722,7641798655544098824,7641798655544098824,,WEF-KJM+8-5,,亿帆湘匯-TT,8,122,5月19日,,2026-10-06 18:56:13,,,,2026-10-06 18:56:13,2026-10-06 18:56:13
2723,7641798302169841682,7641798302169841682,,WEF-KJM+8-4,,亿帆湘匯-TT,8,122,5月19日,,2026-10-06 18:56:13,,,,2026-10-06 18:56:13,2026-10-06 18:56:13
2724,7641798559134105618,7641798559134105618,,WEF-KJM+8-3,,亿帆湘匯-TT,8,122,5月19日,,2026-10-06 18:56:13,,,,2026-10-06 18:56:13,2026-10-06 18:56:13
2725,7641798483258802183,7641798483258802183,,WEF-KJM+8-2,,亿帆湘匯-TT,8,122,5月19日,,2026-10-06 18:56:13,,,,2026-10-06 18:56:13,2026-10-06 18:56:13
2726,7641798587873034258,7641798587873034258,,WEF-KJM+8-1,,亿帆湘匯-TT,8,122,5月19日,,2026-10-06 18:56:13,,,,2026-10-06 18:56:13,2026-10-06 18:56:13
2727,7641798169862127624,7641798169862127624,,SDFE-OJI+8-5,,亿帆湘匯-TT,8,122,5月19日,,2026-10-06 18:56:13,,,,2026-10-06 18:56:13,2026-10-06 18:56:13
2728,7641798237326196743,7641798237326196743,,SDFE-OJI+8-4,,亿帆湘匯-TT,8,122,5月19日,,2026-10-06 18:56:13,,,,2026-10-06 18:56:13,2026-10-06 18:56:13
2729,7641798369867612167,7641798369867612167,,SDFE-OJI+8-3,,亿帆湘匯-TT,8,122,5月19日,,2026-10-06 18:56:13,,,,2026-10-06 18:56:13,2026-10-06 18:56:13
2730,7641798367840075784,7641798367840075784,,SDFE-OJI+8-2,,亿帆湘匯-TT,8,122,5月19日,,2026-10-06 18:56:13,,,,2026-10-06 18:56:13,2026-10-06 18:56:13
2731,7641798359623237640,7641798359623237640,,SDFE-OJI+8-1,,亿帆湘匯-TT,8,122,5月19日,,2026-10-06 18:56:13,,,,2026-10-06 18:56:13,2026-10-06 18:56:13
2732,7641798455442538504,7641798455442538504,,WER-HT+8-5,,亿帆湘匯-TT,8,122,5月19日,,2026-10-06 18:56:13,,,,2026-10-06 18:56:13,2026-10-06 18:56:13
2733,7641798547664125970,7641798547664125970,,WER-HT+8-4,,亿帆湘匯-TT,8,122,5月19日,,2026-10-06 18:56:13,,,,2026-10-06 18:56:13,2026-10-06 18:56:13
2734,7641798762674847752,7641798762674847752,,WER-HT+8-3,,亿帆湘匯-TT,8,122,5月19日,,2026-10-06 18:56:13,,,,2026-10-06 18:56:13,2026-10-06 18:56:13
2735,7641798666365354002,7641798666365354002,,WER-HT+8-2,,亿帆湘匯-TT,8,122,5月19日,,2026-10-06 18:56:13,,,,2026-10-06 18:56:13,2026-10-06 18:56:13
2736,7641798770895699986,7641798770895699986,,WER-HT+8-1,,亿帆湘匯-TT,8,122,5月19日,,2026-10-06 18:56:13,,,,2026-10-06 18:56:13,2026-10-06 18:56:13
2737,7641953618385010696,7641953618385010696,,YU-宇凡貿易+7-5,,亿帆湘匯-TT,7,122,5月18日,,2026-10-06 18:56:13,,,,2026-10-06 18:56:13,2026-10-06 18:56:13
2738,7641953547533189127,7641953547533189127,,YU-宇凡貿易+7-4,,亿帆湘匯-TT,7,,5月18日,2026-10-06,2026-10-06 18:56:13,,,,2026-10-06 18:56:13,2026-10-06 18:56:13
2739,7641953592781324296,7641953592781324296,,YU-宇凡貿易+7-3,,亿帆湘匯-TT,7,122,5月18日,,2026-10-06 18:56:13,,,,2026-10-06 18:56:13,2026-10-06 18:56:13
2740,7641953425462296584,7641953425462296584,,YU-宇凡貿易+7-2,,亿帆湘匯-TT,7,,5月18日,2026-10-06,2026-10-06 18:56:13,,,,2026-10-06 18:56:13,2026-10-06 18:56:13
2741,7641953527543250952,7641953527543250952,,YU-宇凡貿易+7-1,,亿帆湘匯-TT,7,122,5月18日,,2026-10-06 18:56:13,,,,2026-10-06 18:56:13,2026-10-06 18:56:13
2742,7641953236657487880,7641953236657487880,,Yong-永恒商貿+7-5,,亿帆湘匯-TT,7,122,5月20日,,2026-10-06 18:56:13,,,,2026-10-06 18:56:13,2026-10-06 18:56:13
2743,7641953176513478674,7641953176513478674,,Yong-永恒商貿+7-4,,亿帆湘匯-TT,7,122,5月20日,,2026-10-06 18:56:13,,,,2026-10-06 18:56:13,2026-10-06 18:56:13
2744,7641953227566530568,7641953227566530568,,Yong-永恒商貿+7-3,,亿帆湘匯-TT,7,,5月20日,2026-10-06,2026-10-06 18:56:13,,,,2026-10-06 18:56:13,2026-10-06 18:56:13
2745,7641953174483582984,7641953174483582984,,Yong-永恒商貿+7-2,,亿帆湘匯-TT,7,,5月20日,2026-10-06,2026-10-06 18:56:13,,,,2026-10-06 18:56:13,2026-10-06 18:56:13
2746,7641953062436929544,7641953062436929544,,Yong-永恒商貿+7-1,,亿帆湘匯-TT,7,132,5月20日,,2026-10-06 18:56:13,,,,2026-10-06 18:56:13,2026-10-06 18:56:13
2747,7641953130627907602,7641953130627907602,,A-阿伊貿易+8-5,,亿帆湘匯-TT,8,122,5月20日,,2026-10-06 18:56:13,,,,2026-10-06 18:56:13,2026-10-06 18:56:13
2748,7641953183746179080,7641953183746179080,,A-阿伊貿易+8-4,,亿帆湘匯-TT,8,122,5月20日,,2026-10-06 18:56:13,,,,2026-10-06 18:56:13,2026-10-06 18:56:13
2749,7641953339814543367,7641953339814543367,,A-阿伊貿易+8-3,,亿帆湘匯-TT,8,122,5月20日,,2026-10-06 18:56:13,,,,2026-10-06 18:56:13,2026-10-06 18:56:13
2750,7641953176513544210,7641953176513544210,,A-阿伊貿易+8-2,,亿帆湘匯-TT,8,122,5月20日,,2026-10-06 18:56:13,,,,2026-10-06 18:56:13,2026-10-06 18:56:13
2751,7641952780406013959,7641952780406013959,,A-阿伊貿易+8-1,,亿帆湘匯-TT,8,122,5月20日,,2026-10-06 18:56:13,,,,2026-10-06 18:56:13,2026-10-06 18:56:13
2752,7641951988818411528,7641951988818411528,,Sang-桑德羅貿易+8-5,,亿帆湘匯-TT,8,122,5月20日,,2026-10-06 18:56:13,,,,2026-10-06 18:56:13,2026-10-06 18:56:13
2753,7641951474589810695,7641951474589810695,,Sang-桑德羅貿易+8-4,,亿帆湘匯-TT,8,122,5月20日,,2026-10-06 18:56:13,,,,2026-10-06 18:56:13,2026-10-06 18:56:13
2754,7641951495065714695,7641951495065714695,,Sang-桑德羅貿易+8-3,,亿帆湘匯-TT,8,122,5月20日,,2026-10-06 18:56:13,,,,2026-10-06 18:56:13,2026-10-06 18:56:13
2755,7641951715712860178,7641951715712860178,,Sang-桑德羅貿易+8-2,,亿帆湘匯-TT,8,122,5月20日,,2026-10-06 18:56:13,,,,2026-10-06 18:56:13,2026-10-06 18:56:13
2756,7641951495065485319,7641951495065485319,,Sang-桑德羅貿易+8-1,,亿帆湘匯-TT,8,122,5月20日,,2026-10-06 18:56:13,,,,2026-10-06 18:56:13,2026-10-06 18:56:13
2757,7641900758138077191,7641900758138077191,,創赢-yf-3-2-5,,亿帆湘匯-TT,-3,124,5月20日,,2026-10-06 18:56:13,,,,2026-10-06 18:56:13,2026-10-06 18:56:13
2758,7641900966513983506,7641900966513983506,,創赢-yf-3-2-4,,亿帆湘匯-TT,-3,,5月20日,2026-10-06,2026-10-06 18:56:13,,,,2026-10-06 18:56:13,2026-10-06 18:56:13
2759,7641900865575321607,7641900865575321607,,創赢-yf-3-2-3,,亿帆湘匯-TT,-3,124,5月20日,,2026-10-06 18:56:13,,,,2026-10-06 18:56:13,2026-10-06 18:56:13
2760,7641900873966272520,7641900873966272520,,創赢-yf-3-2-2,,亿帆湘匯-TT,-3,,5月20日,2026-10-06,2026-10-06 18:56:13,,,,2026-10-06 18:56:13,2026-10-06 18:56:13
2761,7641900638695309320,7641900638695309320,,創赢-yf-3-2-1,,亿帆湘匯-TT,-3,124,5月20日,,2026-10-06 18:56:13,,,,2026-10-06 18:56:13,2026-10-06 18:56:13
2762,7641951988818477064,7641951988818477064,,WEST-ERN-lm-3-1,,亿帆湘匯-TT,-3,,5月20日,2026-10-06,2026-10-06 18:56:13,,,,2026-10-06 18:56:13,2026-10-06 18:56:13
2763,7641951463161659400,7641951463161659400,,WEST-ERN-lm-3-2,,亿帆湘匯-TT,-3,,5月20日,2026-10-06,2026-10-06 18:56:13,,,,2026-10-06 18:56:13,2026-10-06 18:56:13
2764,7641951267007889415,7641951267007889415,,WEST-ERN-lm-3-3,,亿帆湘匯-TT,-3,,5月20日,2026-10-06,2026-10-06 18:56:13,,,,2026-10-06 18:56:13,2026-10-06 18:56:13
2765,7641952136864972807,7641952136864972807,,WEST-ERN-lm-3-4,,亿帆湘匯-TT,-3,,5月20日,2026-10-06,2026-10-06 18:56:13,,,,2026-10-06 18:56:13,2026-10-06 18:56:13
2766,7641951381183774738,7641951381183774738,,WEST-ERN-lm-3-5,,亿帆湘匯-TT,-3,,5月20日,2026-10-06,2026-10-06 18:56:13,,,,2026-10-06 18:56:13,2026-10-06 18:56:13
2767,7646718611167559687,7646718611167559687,,WEO-SDJKL-3-5,,亿帆湘匯-TT,-3,130,6月1日,,2026-10-06 18:56:13,,,,2026-10-06 18:56:13,2026-10-06 18:56:13
2768,7646718445245218824,7646718445245218824,,WEO-SDJKL-3-4,,亿帆湘匯-TT,-3,,6月1日,2026-10-06,2026-10-06 18:56:13,,,,2026-10-06 18:56:13,2026-10-06 18:56:13
2769,7646718782648205319,7646718782648205319,,WEO-SDJKL-3-3,,亿帆湘匯-TT,-3,130,6月1日,,2026-10-06 18:56:13,,,,2026-10-06 18:56:13,2026-10-06 18:56:13
2770,7646718782648139783,7646718782648139783,,WEO-SDJKL-3-2,,亿帆湘匯-TT,-3,,6月1日,2026-10-06,2026-10-06 18:56:13,,,,2026-10-06 18:56:13,2026-10-06 18:56:13
2771,7646719047924482056,7646719047924482056,,WEO-SDJKL-3-1,,亿帆湘匯-TT,-3,130,6月1日,,2026-10-06 18:56:13,,,,2026-10-06 18:56:13,2026-10-06 18:56:13
2772,7646719268834279432,7646719268834279432,,SDLJ-SDP-3-5,,亿帆湘匯-TT,-3,,6月1日,2026-10-06,2026-10-06 18:56:13,,,,2026-10-06 18:56:13,2026-10-06 18:56:13
2773,7646718286390099986,7646718286390099986,,SDLJ-SDP-3-4,,亿帆湘匯-TT,-3,130,6月1日,,2026-10-06 18:56:13,,,,2026-10-06 18:56:13,2026-10-06 18:56:13
2774,7646718487867719688,7646718487867719688,,SDLJ-SDP-3-3,,亿帆湘匯-TT,-3,130,6月1日,,2026-10-06 18:56:13,,,,2026-10-06 18:56:13,2026-10-06 18:56:13
2775,7646718724946690056,7646718724946690056,,SDLJ-SDP-3-2,,亿帆湘匯-TT,-3,,6月1日,2026-10-06,2026-10-06 18:56:13,,,,2026-10-06 18:56:13,2026-10-06 18:56:13
2776,7646718778673168391,7646718778673168391,,SDLJ-SDP-3-1,,亿帆湘匯-TT,-3,130,6月1日,,2026-10-06 18:56:13,,,,2026-10-06 18:56:13,2026-10-06 18:56:13
2777,7646717681858068498,7646717681858068498,,鉑境-3-Tikto-1,,亿帆湘匯-TT,-3,,6月2日,2026-10-06,2026-10-06 18:56:13,,,,2026-10-06 18:56:13,2026-10-06 18:56:13
2778,7646717253152686087,7646717253152686087,,鉑境-3-Tikto-2,,亿帆湘匯-TT,-3,,6月2日,2026-10-06,2026-10-06 18:56:13,,,,2026-10-06 18:56:13,2026-10-06 18:56:13
2779,7646716910201225224,7646716910201225224,,鉑境-3-Tikto-3,,亿帆湘匯-TT,-3,,6月2日,2026-10-06,2026-10-06 18:56:13,,,,2026-10-06 18:56:13,2026-10-06 18:56:13
2780,7646717790015029255,7646717790015029255,,鉑境-3-Tikto-4,,亿帆湘匯-TT,-3,,6月2日,2026-10-06,2026-10-06 18:56:13,,,,2026-10-06 18:56:13,2026-10-06 18:56:13
2781,7646717411753558023,7646717411753558023,,鉑境-3-Tikto-5,,亿帆湘匯-TT,-3,,6月2日,2026-10-06,2026-10-06 18:56:13,,,,2026-10-06 18:56:13,2026-10-06 18:56:13
2782,7646717653951725576,7646717653951725576,,創新-3-Tiktoc-1,,亿帆湘匯-TT,-3,,6月2日,2026-10-06,2026-10-06 18:56:13,,,,2026-10-06 18:56:13,2026-10-06 18:56:13
2783,7646717947062304776,7646717947062304776,,創新-3-Tiktoc-2,,亿帆湘匯-TT,-3,,6月2日,2026-10-06,2026-10-06 18:56:13,,,,2026-10-06 18:56:13,2026-10-06 18:56:13
2784,7646717361167990791,7646717361167990791,,創新-3-Tiktoc-3,,亿帆湘匯-TT,-3,,6月2日,2026-10-06,2026-10-06 18:56:13,,,,2026-10-06 18:56:13,2026-10-06 18:56:13
2785,7646717819299610632,7646717819299610632,,創新-3-Tiktoc-4,,亿帆湘匯-TT,-3,130,6月2日,,2026-10-06 18:56:13,,,,2026-10-06 18:56:13,2026-10-06 18:56:13
2786,7646718065073717266,7646718065073717266,,創新-3-Tiktoc-5,,亿帆湘匯-TT,-3,,6月2日,2026-10-06,2026-10-06 18:56:13,,,,2026-10-06 18:56:13,2026-10-06 18:56:13
2787,7646706195050479623,7646706195050479623,,壹聯-3-Tiktoc-1,,亿帆湘匯-TT,-3,,6月2日,2026-10-06,2026-10-06 18:56:13,,,,2026-10-06 18:56:13,2026-10-06 18:56:13
2788,7646705576149270535,7646705576149270535,,壹聯-3-Tiktoc-2,,亿帆湘匯-TT,-3,124,6月2日,,2026-10-06 18:56:13,,,,2026-10-06 18:56:13,2026-10-06 18:56:13
2789,7646706286934982674,7646706286934982674,,壹聯-3-Tiktoc-3,,亿帆湘匯-TT,-3,,6月2日,2026-10-06,2026-10-06 18:56:13,,,,2026-10-06 18:56:13,2026-10-06 18:56:13
2790,7646706470268174354,7646706470268174354,,壹聯-3-Tiktoc-4,,亿帆湘匯-TT,-3,124,6月2日,,2026-10-06 18:56:13,,,,2026-10-06 18:56:13,2026-10-06 18:56:13
2791,7646706295717953544,7646706295717953544,,壹聯-3-Tiktoc-5,,亿帆湘匯-TT,-3,,6月2日,2026-10-06,2026-10-06 18:56:13,,,,2026-10-06 18:56:13,2026-10-06 18:56:13
2792,7646706606038138888,7646706606038138888,,榮寶軒-3-Tiktoc-1,,亿帆湘匯-TT,-3,122,6月2日,,2026-10-06 18:56:13,,,,2026-10-06 18:56:13,2026-10-06 18:56:13
2793,7646706502451052562,7646706502451052562,,榮寶軒-3-Tiktoc-2,,亿帆湘匯-TT,-3,,6月2日,2026-10-06,2026-10-06 18:56:13,,,,2026-10-06 18:56:13,2026-10-06 18:56:13
2794,7646706338495463432,7646706338495463432,,榮寶軒-3-Tiktoc-3,,亿帆湘匯-TT,-3,,6月2日,2026-10-06,2026-10-06 18:56:13,,,,2026-10-06 18:56:13,2026-10-06 18:56:13
2795,7646706338495528968,7646706338495528968,,榮寶軒-3-Tiktoc-4,,亿帆湘匯-TT,-3,,6月2日,2026-10-06,2026-10-06 18:56:13,,,,2026-10-06 18:56:13,2026-10-06 18:56:13
2796,7646706335691653138,7646706335691653138,,榮寶軒-3-Tiktoc-5,,亿帆湘匯-TT,-3,124,6月2日,,2026-10-06 18:56:13,,,,2026-10-06 18:56:13,2026-10-06 18:56:13
2797,7646705780045168647,7646705780045168647,,鴻睿-3-Tiktoc-1,,亿帆湘匯-TT,-3,130,6月2日,,2026-10-06 18:56:13,,,,2026-10-06 18:56:13,2026-10-06 18:56:13
2798,7646705808215556104,7646705808215556104,,鴻睿-3-Tiktoc-2,,亿帆湘匯-TT,-3,,6月2日,2026-10-06,2026-10-06 18:56:13,,,,2026-10-06 18:56:13,2026-10-06 18:56:13
2799,7646706083767091218,7646706083767091218,,鴻睿-3-Tiktoc-3,,亿帆湘匯-TT,-3,,6月2日,2026-10-06,2026-10-06 18:56:13,,,,2026-10-06 18:56:13,2026-10-06 18:56:13
2800,7646705808215719944,7646705808215719944,,鴻睿-3-Tiktoc-4,,亿帆湘匯-TT,-3,130,6月2日,,2026-10-06 18:56:13,,,,2026-10-06 18:56:13,2026-10-06 18:56:13
2801,7646705984702398472,7646705984702398472,,鴻睿-3-Tiktoc-5,,亿帆湘匯-TT,-3,,6月2日,2026-10-06,2026-10-06 18:56:13,,,,2026-10-06 18:56:13,2026-10-06 18:56:13
2802,7646705890707570696,7646705890707570696,,三合啓元+7-Tiktoc-1,,亿帆湘匯-TT,7,132,6月2日,,2026-10-06 18:56:13,,,,2026-10-06 18:56:13,2026-10-06 18:56:13
2803,7646706362742800402,7646706362742800402,,三合啓元+7-Tiktoc-2,,亿帆湘匯-TT,7,,6月2日,2026-10-06,2026-10-06 18:56:13,,,,2026-10-06 18:56:13,2026-10-06 18:56:13
2804,7646706024342306834,7646706024342306834,,三合啓元+7-Tiktoc-3,,亿帆湘匯-TT,7,132,6月2日,,2026-10-06 18:56:13,,,,2026-10-06 18:56:13,2026-10-06 18:56:13
2805,7646706233839403026,7646706233839403026,,三合啓元+7-Tiktoc-4,,亿帆湘匯-TT,7,122,6月2日,,2026-10-06 18:56:13,,,,2026-10-06 18:56:13,2026-10-06 18:56:13
2806,7646705996914819079,7646705996914819079,,三合啓元+7-Tiktoc-5,,亿帆湘匯-TT,7,122,6月2日,,2026-10-06 18:56:13,,,,2026-10-06 18:56:13,2026-10-06 18:56:13
2807,7646705767943946248,7646705767943946248,,黃德國際+7-Tiktoc-1,,亿帆湘匯-TT,7,,6月2日,2026-10-06,2026-10-06 18:56:13,,,,2026-10-06 18:56:13,2026-10-06 18:56:13
2808,7646706006398877703,7646706006398877703,,黃德國際+7-Tiktoc-2,,亿帆湘匯-TT,7,124,6月2日,,2026-10-06 18:56:13,,,,2026-10-06 18:56:13,2026-10-06 18:56:13
2809,7646705704641871890,7646705704641871890,,黃德國際+7-Tiktoc-3,,亿帆湘匯-TT,7,,6月2日,2026-10-06,2026-10-06 18:56:13,,,,2026-10-06 18:56:13,2026-10-06 18:56:13
2810,7646705700261101576,7646705700261101576,,黃德國際+7-Tiktoc-4,,亿帆湘匯-TT,7,,6月2日,2026-10-06,2026-10-06 18:56:13,,,,2026-10-06 18:56:13,2026-10-06 18:56:13
2811,7646705652248608775,7646705652248608775,,黃德國際+7-Tiktoc-5,,亿帆湘匯-TT,7,,6月2日,2026-10-06,2026-10-06 18:56:13,,,,2026-10-06 18:56:13,2026-10-06 18:56:13
2812,7646705985125449735,7646705985125449735,,奧海+6-Tiktoc-1,,亿帆湘匯-TT,6,122,6月2日,,2026-10-06 18:56:13,,,,2026-10-06 18:56:13,2026-10-06 18:56:13
2813,7646705231799582728,7646705231799582728,,奧海+6-Tiktoc-2,,亿帆湘匯-TT,6,122,6月2日,,2026-10-06 18:56:13,,,,2026-10-06 18:56:13,2026-10-06 18:56:13
2814,7646706157066682386,7646706157066682386,,奧海+6-Tiktoc-3,,亿帆湘匯-TT,6,122,6月2日,,2026-10-06 18:56:13,,,,2026-10-06 18:56:13,2026-10-06 18:56:13
2815,7646705933881294855,7646705933881294855,,奧海+6-Tiktoc-4,,亿帆湘匯-TT,6,122,6月2日,,2026-10-06 18:56:13,,,,2026-10-06 18:56:13,2026-10-06 18:56:13
2816,7646705559598399495,7646705559598399495,,奧海+6-Tiktoc-5,,亿帆湘匯-TT,6,122,6月2日,,2026-10-06 18:56:13,,,,2026-10-06 18:56:13,2026-10-06 18:56:13
2817,7655209358923350023,7655209358923350023,,全意+5-tiktoc-1,,亿帆湘匯-TT,5,125,6月24日,,2026-10-06 18:56:13,,,,2026-10-06 18:56:13,2026-10-06 18:56:13
2818,7655209622084714504,7655209622084714504,,全意+5-tiktoc-2,,亿帆湘匯-TT,5,125,6月24日,,2026-10-06 18:56:13,,,,2026-10-06 18:56:13,2026-10-06 18:56:13
2819,7655208621239369736,7655208621239369736,,全意+5-tiktoc-3,,亿帆湘匯-TT,5,125,6月24日,,2026-10-06 18:56:13,,,,2026-10-06 18:56:13,2026-10-06 18:56:13
2820,7655209626996097031,7655209626996097031,,全意+5-tiktoc-4,,亿帆湘匯-TT,5,125,6月24日,,2026-10-06 18:56:13,,,,2026-10-06 18:56:13,2026-10-06 18:56:13
2821,7655209050795458578,7655209050795458578,,全意+5-tiktoc-5,,亿帆湘匯-TT,5,125,6月24日,,2026-10-06 18:56:13,,,,2026-10-06 18:56:13,2026-10-06 18:56:13
2822,7655209607821475847,7655209607821475847,,金磚+5-tiktoc-1,,亿帆湘匯-TT,5,127,6月24日,,2026-10-06 18:56:13,,,,2026-10-06 18:56:13,2026-10-06 18:56:13
2823,7655209979284078610,7655209979284078610,,金磚+5-tiktoc-2,,亿帆湘匯-TT,5,124,6月24日,,2026-10-06 18:56:13,,,,2026-10-06 18:56:13,2026-10-06 18:56:13
2824,7655209979284144146,7655209979284144146,,金磚+5-tiktoc-3,,亿帆湘匯-TT,5,127,6月24日,,2026-10-06 18:56:13,,,,2026-10-06 18:56:13,2026-10-06 18:56:13
2825,7655209808626401288,7655209808626401288,,金磚+5-tiktoc-4,,亿帆湘匯-TT,5,127,6月24日,,2026-10-06 18:56:13,,,,2026-10-06 18:56:13,2026-10-06 18:56:13
2826,7655209919603376146,7655209919603376146,,金磚+5-tiktoc-5,,亿帆湘匯-TT,5,127,6月24日,,2026-10-06 18:56:13,,,,2026-10-06 18:56:13,2026-10-06 18:56:13
2827,7655209951769559058,7655209951769559058,,共達+5-tiktoc-1,,亿帆湘匯-TT,5,127,6月24日,,2026-10-06 18:56:13,,,,2026-10-06 18:56:13,2026-10-06 18:56:13
2828,7655209441075134471,7655209441075134471,,共達+5-tiktoc-2,,亿帆湘匯-TT,5,124,6月24日,,2026-10-06 18:56:13,,,,2026-10-06 18:56:13,2026-10-06 18:56:13
2829,7655210038986260498,7655210038986260498,,共達+5-tiktoc-3,,亿帆湘匯-TT,5,124,6月24日,,2026-10-06 18:56:13,,,,2026-10-06 18:56:13,2026-10-06 18:56:13
2830,7655209747162972167,7655209747162972167,,共達+5-tiktoc-4,,亿帆湘匯-TT,5,124,6月24日,,2026-10-06 18:56:13,,,,2026-10-06 18:56:13,2026-10-06 18:56:13
2831,7655209965352271880,7655209965352271880,,共達+5-tiktoc-5,,亿帆湘匯-TT,5,124,6月24日,,2026-10-06 18:56:13,,,,2026-10-06 18:56:13,2026-10-06 18:56:13
2832,7655210038902210567,7655210038902210567,,通用+5-tictoc-1,,亿帆湘匯-TT,5,124,6月24日,,2026-10-06 18:56:13,,,,2026-10-06 18:56:13,2026-10-06 18:56:13
2833,7655209747163037703,7655209747163037703,,通用+5-tictoc-2,,亿帆湘匯-TT,5,124,6月24日,,2026-10-06 18:56:13,,,,2026-10-06 18:56:13,2026-10-06 18:56:13
2834,7655209945310363666,7655209945310363666,,通用+5-tictoc-3,,亿帆湘匯-TT,5,124,6月24日,,2026-10-06 18:56:13,,,,2026-10-06 18:56:13,2026-10-06 18:56:13
2835,7655209441075265543,7655209441075265543,,通用+5-tictoc-4,,亿帆湘匯-TT,5,124,6月24日,,2026-10-06 18:56:13,,,,2026-10-06 18:56:13,2026-10-06 18:56:13
2836,7655209301226356744,7655209301226356744,,通用+5-tictoc-5,,亿帆湘匯-TT,5,124,6月24日,,2026-10-06 18:56:13,,,,2026-10-06 18:56:13,2026-10-06 18:56:13
2837,7655209946304888850,7655209946304888850,,奧林+5-tiktoc-1,,亿帆湘匯-TT,5,127,6月24日,,2026-10-06 18:56:13,,,,2026-10-06 18:56:13,2026-10-06 18:56:13
2838,7655209852605218823,7655209852605218823,,奧林+5-tiktoc-2,,亿帆湘匯-TT,5,127,6月24日,,2026-10-06 18:56:13,,,,2026-10-06 18:56:13,2026-10-06 18:56:13
2839,7655210094157660178,7655210094157660178,,奧林+5-tiktoc-3,,亿帆湘匯-TT,5,127,6月24日,,2026-10-06 18:56:13,,,,2026-10-06 18:56:13,2026-10-06 18:56:13
2840,7655210220953321479,7655210220953321479,,奧林+5-tiktoc-4,,亿帆湘匯-TT,5,127,6月24日,,2026-10-06 18:56:13,,,,2026-10-06 18:56:13,2026-10-06 18:56:13
2841,7655209861440258056,7655209861440258056,,奧林+5-tiktoc-5,,亿帆湘匯-TT,5,127,6月24日,,2026-10-06 18:56:13,,,,2026-10-06 18:56:13,2026-10-06 18:56:13
2842,7655207575864180743,7655207575864180743,,威福+5-tiktoc-1,,亿帆湘匯-TT,5,127,6月24日,,2026-10-06 18:56:13,,,,2026-10-06 18:56:13,2026-10-06 18:56:13
2843,7655207303658258450,7655207303658258450,,威福+5-tiktoc-2,,亿帆湘匯-TT,5,127,6月24日,,2026-10-06 18:56:13,,,,2026-10-06 18:56:13,2026-10-06 18:56:13
2844,7655207408536698888,7655207408536698888,,威福+5-tiktoc-3,,亿帆湘匯-TT,5,127,6月24日,,2026-10-06 18:56:13,,,,2026-10-06 18:56:13,2026-10-06 18:56:13
2845,7655207191007428626,7655207191007428626,,威福+5-tiktoc-4,,亿帆湘匯-TT,5,127,6月24日,,2026-10-06 18:56:13,,,,2026-10-06 18:56:13,2026-10-06 18:56:13
2846,7655207146330030098,7655207146330030098,,威福+5-tiktoc-5,,亿帆湘匯-TT,5,127,6月24日,,2026-10-06 18:56:13,,,,2026-10-06 18:56:13,2026-10-06 18:56:13
2847,7655207191007494162,7655207191007494162,,鵬億+5-tiktoc-1,,亿帆湘匯-TT,5,125,6月24日,,2026-10-06 18:56:13,,,,2026-10-06 18:56:13,2026-10-06 18:56:13
2848,7655207071507595271,7655207071507595271,,鵬億+5-tiktoc-2,,亿帆湘匯-TT,5,125,6月24日,,2026-10-06 18:56:13,,,,2026-10-06 18:56:13,2026-10-06 18:56:13
2849,7655207470956478471,7655207470956478471,,鵬億+5-tiktoc-3,,亿帆湘匯-TT,5,125,6月24日,,2026-10-06 18:56:13,,,,2026-10-06 18:56:13,2026-10-06 18:56:13
2850,7655207840748552200,7655207840748552200,,鵬億+5-tiktoc-4,,亿帆湘匯-TT,5,125,6月24日,,2026-10-06 18:56:13,,,,2026-10-06 18:56:13,2026-10-06 18:56:13
2851,7655207538014846983,7655207538014846983,,鵬億+5-tiktoc-5,,亿帆湘匯-TT,5,125,6月24日,,2026-10-06 18:56:13,,,,2026-10-06 18:56:13,2026-10-06 18:56:13
2852,7655207754537205768,7655207754537205768,,臻匯+5-tiktoc-1,,亿帆湘匯-TT,5,125,6月24日,,2026-10-06 18:56:13,,,,2026-10-06 18:56:13,2026-10-06 18:56:13
2853,7655207943010222098,7655207943010222098,,臻匯+5-tiktoc-2,,亿帆湘匯-TT,5,125,6月24日,,2026-10-06 18:56:13,,,,2026-10-06 18:56:13,2026-10-06 18:56:13
2854,7655207251662733320,7655207251662733320,,臻匯+5-tiktoc-3,,亿帆湘匯-TT,5,125,6月24日,,2026-10-06 18:56:13,,,,2026-10-06 18:56:13,2026-10-06 18:56:13
2855,7655207500815417351,7655207500815417351,,臻匯+5-tiktoc-4,,亿帆湘匯-TT,5,125,6月24日,,2026-10-06 18:56:13,,,,2026-10-06 18:56:13,2026-10-06 18:56:13
2856,7655207201589690376,7655207201589690376,,臻匯+5-tiktoc-5,,亿帆湘匯-TT,5,125,6月24日,,2026-10-06 18:56:13,,,,2026-10-06 18:56:13,2026-10-06 18:56:13
2857,7655208041503571975,7655208041503571975,,愛達+5-tiktoc-1,,亿帆湘匯-TT,5,120,6月24日,,2026-10-06 18:56:13,,,,2026-10-06 18:56:13,2026-10-06 18:56:13
2858,7655207943010287634,7655207943010287634,,愛達+5-tiktoc-2,,亿帆湘匯-TT,5,120,6月24日,,2026-10-06 18:56:13,,,,2026-10-06 18:56:13,2026-10-06 18:56:13
2859,7655207470956642311,7655207470956642311,,愛達+5-tiktoc-3,,亿帆湘匯-TT,5,120,6月24日,,2026-10-06 18:56:13,,,,2026-10-06 18:56:13,2026-10-06 18:56:13
2860,7655207251662798856,7655207251662798856,,愛達+5-tiktoc-4,,亿帆湘匯-TT,5,120,6月24日,,2026-10-06 18:56:13,,,,2026-10-06 18:56:13,2026-10-06 18:56:13
2861,7655207918106673159,7655207918106673159,,愛達+5-tiktoc-5,,亿帆湘匯-TT,5,120,6月24日,,2026-10-06 18:56:13,,,,2026-10-06 18:56:13,2026-10-06 18:56:13
2862,7655207545019678727,7655207545019678727,,墨境+5-tiktoc-1,,亿帆湘匯-TT,5,120,6月24日,,2026-10-06 18:56:13,,,,2026-10-06 18:56:13,2026-10-06 18:56:13
2863,7655208066402058248,7655208066402058248,,墨境+5-tiktoc-2,,亿帆湘匯-TT,5,120,6月24日,,2026-10-06 18:56:13,,,,2026-10-06 18:56:13,2026-10-06 18:56:13
2864,7655207970314911762,7655207970314911762,,墨境+5-tiktoc-3,,亿帆湘匯-TT,5,120,6月24日,,2026-10-06 18:56:13,,,,2026-10-06 18:56:13,2026-10-06 18:56:13
2865,7655208066402189320,7655208066402189320,,墨境+5-tiktoc-4,,亿帆湘匯-TT,5,120,6月24日,,2026-10-06 18:56:13,,,,2026-10-06 18:56:13,2026-10-06 18:56:13
2866,7655208041503637511,7655208041503637511,,墨境+5-tiktoc-5,,亿帆湘匯-TT,5,120,6月24日,,2026-10-06 18:56:13,,,,2026-10-06 18:56:13,2026-10-06 18:56:13
2867,7657830713705840648,7657830713705840648,,袋鼠媽媽+5-tiktoc-1,,亿帆湘匯-TT,5,125,7月1日,,2026-10-06 18:56:13,,,,2026-10-06 18:56:13,2026-10-06 18:56:13
2868,7657830848527450119,7657830848527450119,,袋鼠媽媽+5-tiktoc-2,,亿帆湘匯-TT,5,125,7月1日,,2026-10-06 18:56:13,,,,2026-10-06 18:56:13,2026-10-06 18:56:13
2869,7657830669045219336,7657830669045219336,,袋鼠媽媽+5-tiktoc-3,,亿帆湘匯-TT,5,125,7月1日,,2026-10-06 18:56:13,,,,2026-10-06 18:56:13,2026-10-06 18:56:13
2870,7657830720571817991,7657830720571817991,,袋鼠媽媽+5-tiktoc-4,,亿帆湘匯-TT,5,125,7月1日,,2026-10-06 18:56:13,,,,2026-10-06 18:56:13,2026-10-06 18:56:13
2871,7657828616379629586,7657828616379629586,,袋鼠媽媽+5-tiktoc-5,,亿帆湘匯-TT,5,125,7月1日,,2026-10-06 18:56:13,,,,2026-10-06 18:56:13,2026-10-06 18:56:13
2872,7657828298948591624,7657828298948591624,,先導+5-tiktoc-1,,亿帆湘匯-TT,5,127,7月1日,,2026-10-06 18:56:13,,,,2026-10-06 18:56:13,2026-10-06 18:56:13
2873,7657828604855533576,7657828604855533576,,先導+5-tiktoc-2,,亿帆湘匯-TT,5,127,7月1日,,2026-10-06 18:56:13,,,,2026-10-06 18:56:13,2026-10-06 18:56:13
2874,7657828492654034962,7657828492654034962,,先導+5-tiktoc-3,,亿帆湘匯-TT,5,127,7月1日,,2026-10-06 18:56:13,,,,2026-10-06 18:56:13,2026-10-06 18:56:13
2875,7657828621162561544,7657828621162561544,,先導+5-tiktoc-4,,亿帆湘匯-TT,5,127,7月1日,,2026-10-06 18:56:13,,,,2026-10-06 18:56:13,2026-10-06 18:56:13
2876,7657826406495780882,7657826406495780882,,先導+5-tiktoc-5,,亿帆湘匯-TT,5,127,7月1日,,2026-10-06 18:56:13,,,,2026-10-06 18:56:13,2026-10-06 18:56:13
2877,7657827064087035911,7657827064087035911,,何氏+5-tiktoc-1,,亿帆湘匯-TT,5,127,7月1日,,2026-10-06 18:56:13,,,,2026-10-06 18:56:13,2026-10-06 18:56:13
2878,7657827073083621383,7657827073083621383,,何氏+5-tiktoc-2,,亿帆湘匯-TT,5,127,7月1日,,2026-10-06 18:56:13,,,,2026-10-06 18:56:13,2026-10-06 18:56:13
2879,7657826913691435016,7657826913691435016,,何氏+5-tiktoc-3,,亿帆湘匯-TT,5,127,7月1日,,2026-10-06 18:56:13,,,,2026-10-06 18:56:13,2026-10-06 18:56:13
2880,7657827184635150344,7657827184635150344,,何氏+5-tiktoc-4,,亿帆湘匯-TT,5,127,7月1日,,2026-10-06 18:56:13,,,,2026-10-06 18:56:13,2026-10-06 18:56:13
2881,7657827111412793351,7657827111412793351,,何氏+5-tiktoc-5,,亿帆湘匯-TT,5,127,7月1日,,2026-10-06 18:56:13,,,,2026-10-06 18:56:13,2026-10-06 18:56:13
2882,7657826538041409544,7657826538041409544,,昶德+5-tiktoc-1,,亿帆湘匯-TT,5,122,7月1日,,2026-10-06 18:56:13,,,,2026-10-06 18:56:13,2026-10-06 18:56:13
2883,7657826905974128647,7657826905974128647,,昶德+5-tiktoc-2,,亿帆湘匯-TT,5,122,7月1日,,2026-10-06 18:56:13,,,,2026-10-06 18:56:13,2026-10-06 18:56:13
2884,7657827184635248648,7657827184635248648,,昶德+5-tiktoc-3,,亿帆湘匯-TT,5,122,7月1日,,2026-10-06 18:56:13,,,,2026-10-06 18:56:13,2026-10-06 18:56:13
2885,7657827108082696210,7657827108082696210,,昶德+5-tiktoc-4,,亿帆湘匯-TT,5,122,7月1日,,2026-10-06 18:56:13,,,,2026-10-06 18:56:13,2026-10-06 18:56:13
2886,7657817909540126727,7657817909540126727,,昶德+5-tiktoc-5,,亿帆湘匯-TT,5,122,7月1日,,2026-10-06 18:56:13,,,,2026-10-06 18:56:13,2026-10-06 18:56:13
2887,7657817671796178952,7657817671796178952,,萬島+5-tiktoc-1,,亿帆湘匯-TT,5,120,7月1日,,2026-10-06 18:56:13,,,,2026-10-06 18:56:13,2026-10-06 18:56:13
2888,7657817859631087623,7657817859631087623,,萬島+5-tiktoc-2,,亿帆湘匯-TT,5,120,7月1日,,2026-10-06 18:56:13,,,,2026-10-06 18:56:13,2026-10-06 18:56:13
2889,7657817340226568200,7657817340226568200,,萬島+5-tiktoc-3,,亿帆湘匯-TT,5,120,7月1日,,2026-10-06 18:56:13,,,,2026-10-06 18:56:13,2026-10-06 18:56:13
2890,7657817848319934482,7657817848319934482,,萬島+5-tiktoc-4,,亿帆湘匯-TT,5,120,7月1日,,2026-10-06 18:56:13,,,,2026-10-06 18:56:13,2026-10-06 18:56:13
2891,7657817909540225031,7657817909540225031,,萬島+5-tiktoc-5,,亿帆湘匯-TT,5,120,7月1日,,2026-10-06 18:56:13,,,,2026-10-06 18:56:13,2026-10-06 18:56:13
2892,7657817849150521351,7657817849150521351,,文峰+5-tiktoc-1,,亿帆湘匯-TT,5,120,7月1日,,2026-10-06 18:56:13,,,,2026-10-06 18:56:13,2026-10-06 18:56:13
2893,7657817766977388562,7657817766977388562,,文峰+5-tiktoc-2,,亿帆湘匯-TT,5,120,7月1日,,2026-10-06 18:56:13,,,,2026-10-06 18:56:13,2026-10-06 18:56:13
2894,7657817939576963080,7657817939576963080,,文峰+5-tiktoc-3,,亿帆湘匯-TT,5,120,7月1日,,2026-10-06 18:56:13,,,,2026-10-06 18:56:13,2026-10-06 18:56:13
2895,7657817627414495239,7657817627414495239,,文峰+5-tiktoc-4,,亿帆湘匯-TT,5,120,7月1日,,2026-10-06 18:56:13,,,,2026-10-06 18:56:13,2026-10-06 18:56:13
2896,7657486949496127496,7657486949496127496,,文峰+5-tiktoc-5,,亿帆湘匯-TT,5,120,7月1日,,2026-10-06 18:56:13,,,,2026-10-06 18:56:13,2026-10-06 18:56:13
2897,7657486996207271954,7657486996207271954,,漢魂+5-tiktoc-1,,亿帆湘匯-TT,5,121,7月1日,,2026-10-06 18:56:13,,,,2026-10-06 18:56:13,2026-10-06 18:56:13
2898,7657487043686907922,7657487043686907922,,漢魂+5-tiktoc-2,,亿帆湘匯-TT,5,121,7月1日,,2026-10-06 18:56:13,,,,2026-10-06 18:56:13,2026-10-06 18:56:13
2899,7657486820837883922,7657486820837883922,,漢魂+5-tiktoc-3,,亿帆湘匯-TT,5,121,7月1日,,2026-10-06 18:56:13,,,,2026-10-06 18:56:13,2026-10-06 18:56:13
2900,7657487183540043784,7657487183540043784,,漢魂+5-tiktoc-4,,亿帆湘匯-TT,5,121,7月1日,,2026-10-06 18:56:13,,,,2026-10-06 18:56:13,2026-10-06 18:56:13
2901,7657486750341480456,7657486750341480456,,漢魂+5-tiktoc-5,,亿帆湘匯-TT,5,121,7月1日,,2026-10-06 18:56:13,,,,2026-10-06 18:56:13,2026-10-06 18:56:13
2902,7657486785760608263,7657486785760608263,,博立+5-tiktoc-1,,亿帆湘匯-TT,5,122,7月1日,,2026-10-06 18:56:13,,,,2026-10-06 18:56:13,2026-10-06 18:56:13
2903,7657487086114750482,7657487086114750482,,博立+5-tiktoc-2,,亿帆湘匯-TT,5,122,7月1日,,2026-10-06 18:56:13,,,,2026-10-06 18:56:13,2026-10-06 18:56:13
2904,7657487041155891208,7657487041155891208,,博立+5-tiktoc-3,,亿帆湘匯-TT,5,122,7月1日,,2026-10-06 18:56:13,,,,2026-10-06 18:56:13,2026-10-06 18:56:13
2905,7657487182352990216,7657487182352990216,,博立+5-tiktoc-4,,亿帆湘匯-TT,5,122,7月1日,,2026-10-06 18:56:13,,,,2026-10-06 18:56:13,2026-10-06 18:56:13
2906,7657816711451590663,7657816711451590663,,博立+5-tiktoc-5,,亿帆湘匯-TT,5,122,7月1日,,2026-10-06 18:56:13,,,,2026-10-06 18:56:13,2026-10-06 18:56:13
2907,7657877687664033800,7657877687664033800,,錦圖科技+5-tiktoc-1,,亿帆湘匯-TT,5,122,7月1日,,2026-10-06 18:56:13,,,,2026-10-06 18:56:13,2026-10-06 18:56:13
2908,7657877407050989575,7657877407050989575,,錦圖科技+5-tiktoc-2,,亿帆湘匯-TT,5,122,7月1日,,2026-10-06 18:56:13,,,,2026-10-06 18:56:13,2026-10-06 18:56:13
2909,7657877160480849928,7657877160480849928,,錦圖科技+5-tiktoc-3,,亿帆湘匯-TT,5,122,7月1日,,2026-10-06 18:56:13,,,,2026-10-06 18:56:13,2026-10-06 18:56:13
2910,7657877472748011527,7657877472748011527,,錦圖科技+5-tiktoc-4,,亿帆湘匯-TT,5,122,7月1日,,2026-10-06 18:56:13,,,,2026-10-06 18:56:13,2026-10-06 18:56:13
2911,7657877624408277000,7657877624408277000,,錦圖科技+5-tiktoc-5,,亿帆湘匯-TT,5,122,7月1日,,2026-10-06 18:56:13,,,,2026-10-06 18:56:13,2026-10-06 18:56:13
2912,7658189149324820498,7658189149324820498,,達思+5-tiktoc-1,,亿帆湘匯-TT,5,122,7月2日,,2026-10-06 18:56:13,,,,2026-10-06 18:56:13,2026-10-06 18:56:13
2913,7658188516609835016,7658188516609835016,,達思+5-tiktoc-2,,亿帆湘匯-TT,5,122,7月2日,,2026-10-06 18:56:13,,,,2026-10-06 18:56:13,2026-10-06 18:56:13
2914,7658188716959383560,7658188716959383560,,達思+5-tiktoc-3,,亿帆湘匯-TT,5,122,7月2日,,2026-10-06 18:56:13,,,,2026-10-06 18:56:13,2026-10-06 18:56:13
2915,7658188851374538760,7658188851374538760,,達思+5-tiktoc-4,,亿帆湘匯-TT,5,122,7月2日,,2026-10-06 18:56:13,,,,2026-10-06 18:56:13,2026-10-06 18:56:13
2916,7658188951748231175,7658188951748231175,,達思+5-tiktoc-5,,亿帆湘匯-TT,5,122,7月2日,,2026-10-06 18:56:13,,,,2026-10-06 18:56:13,2026-10-06 18:56:13
2917,7658189105857495058,7658189105857495058,,啓睿科技+5-tiktoc-1,,亿帆湘匯-TT,5,124,7月2日,,2026-10-06 18:56:13,,,,2026-10-06 18:56:13,2026-10-06 18:56:13
2918,7658189033662709778,7658189033662709778,,啓睿科技+5-tiktoc-2,,亿帆湘匯-TT,5,124,7月2日,,2026-10-06 18:56:13,,,,2026-10-06 18:56:13,2026-10-06 18:56:13
2919,7658189105857560594,7658189105857560594,,啓睿科技+5-tiktoc-3,,亿帆湘匯-TT,5,124,7月2日,,2026-10-06 18:56:13,,,,2026-10-06 18:56:13,2026-10-06 18:56:13
2920,7658189041078517778,7658189041078517778,,啓睿科技+5-tiktoc-4,,亿帆湘匯-TT,5,124,7月2日,,2026-10-06 18:56:13,,,,2026-10-06 18:56:13,2026-10-06 18:56:13
2921,7658189088314507282,7658189088314507282,,啓睿科技+5-tiktoc-5,,亿帆湘匯-TT,5,124,7月2日,,2026-10-06 18:56:13,,,,2026-10-06 18:56:13,2026-10-06 18:56:13
2922,7658245161507520519,7658245161507520519,,致富+5-tiktoc-1,,钛动湘匯-TT,5,120,7月3日,,2026-10-06 18:56:13,,,,2026-10-06 18:56:13,2026-10-06 18:56:13
2923,7658245255922860050,7658245255922860050,,致富+5-tiktoc-2,,钛动湘匯-TT,5,120,7月3日,,2026-10-06 18:56:13,,,,2026-10-06 18:56:13,2026-10-06 18:56:13
2924,7658245161507651591,7658245161507651591,,致富+5-tiktoc-3,,钛动湘匯-TT,5,120,7月3日,,2026-10-06 18:56:13,,,,2026-10-06 18:56:13,2026-10-06 18:56:13
2925,7658245361659822098,7658245361659822098,,致富+5-tiktoc-4,,钛动湘匯-TT,5,120,7月3日,,2026-10-06 18:56:13,,,,2026-10-06 18:56:13,2026-10-06 18:56:13
2926,7658245201760550920,7658245201760550920,,致富+5-tiktoc-5,,钛动湘匯-TT,5,120,7月3日,,2026-10-06 18:56:13,,,,2026-10-06 18:56:13,2026-10-06 18:56:13
2927,7658245356674203655,7658245356674203655,,森藍+5-tiktoc-1,,钛动湘匯-TT,5,125,7月3日,,2026-10-06 18:56:13,,,,2026-10-06 18:56:13,2026-10-06 18:56:13
2928,7658245356674269191,7658245356674269191,,森藍+5-tiktoc-2,,钛动湘匯-TT,5,125,7月3日,,2026-10-06 18:56:13,,,,2026-10-06 18:56:13,2026-10-06 18:56:13
2929,7658245004351242248,7658245004351242248,,森藍+5-tiktoc-3,,钛动湘匯-TT,5,125,7月3日,,2026-10-06 18:56:13,,,,2026-10-06 18:56:13,2026-10-06 18:56:13
2930,7658245481396174855,7658245481396174855,,森藍+5-tiktoc-4,,钛动湘匯-TT,5,125,7月3日,,2026-10-06 18:56:13,,,,2026-10-06 18:56:13,2026-10-06 18:56:13
2931,7658245301003649032,7658245301003649032,,森藍+5-tiktoc-5,,钛动湘匯-TT,5,125,7月3日,,2026-10-06 18:56:13,,,,2026-10-06 18:56:13,2026-10-06 18:56:13
2932,7658249543242416146,7658249543242416146,,藍斯+5-tiktoc-1,,钛动湘匯-TT,5,133,7月3日,,2026-10-06 18:56:13,,,,2026-10-06 18:56:13,2026-10-06 18:56:13
2933,7658249356327567367,7658249356327567367,,藍斯+5-tiktoc-2,,钛动湘匯-TT,5,133,7月3日,,2026-10-06 18:56:13,,,,2026-10-06 18:56:13,2026-10-06 18:56:13
2934,7658249337073303560,7658249337073303560,,藍斯+5-tiktoc-3,,钛动湘匯-TT,5,133,7月3日,,2026-10-06 18:56:13,,,,2026-10-06 18:56:13,2026-10-06 18:56:13
2935,7658249073371365383,7658249073371365383,,藍斯+5-tiktoc-4,,钛动湘匯-TT,5,133,7月3日,,2026-10-06 18:56:13,,,,2026-10-06 18:56:13,2026-10-06 18:56:13
2936,7658249461197651976,7658249461197651976,,藍斯+5-tiktoc-5,,钛动湘匯-TT,5,133,7月3日,,2026-10-06 18:56:13,,,,2026-10-06 18:56:13,2026-10-06 18:56:13
2937,7658259984068755464,7658259984068755464,,嘉匯+5-tiktoc-1,,钛动湘匯-TT,5,125,7月3日,,2026-10-06 18:56:13,,,,2026-10-06 18:56:13,2026-10-06 18:56:13
2938,7658259900786655239,7658259900786655239,,嘉匯+5-tiktoc-2,,钛动湘匯-TT,5,125,7月3日,,2026-10-06 18:56:13,,,,2026-10-06 18:56:13,2026-10-06 18:56:13
2939,7658259684134273032,7658259684134273032,,嘉匯+5-tiktoc-3,,钛动湘匯-TT,5,125,7月3日,,2026-10-06 18:56:13,,,,2026-10-06 18:56:13,2026-10-06 18:56:13
2940,7658260113036935186,7658260113036935186,,嘉匯+5-tiktoc-4,,钛动湘匯-TT,5,125,7月3日,,2026-10-06 18:56:13,,,,2026-10-06 18:56:13,2026-10-06 18:56:13
2941,7658259712416448520,7658259712416448520,,嘉匯+5-tiktoc-5,,钛动湘匯-TT,5,125,7月3日,,2026-10-06 18:56:13,,,,2026-10-06 18:56:13,2026-10-06 18:56:13
2942,7658265891173269511,7658265891173269511,,伊順+5-tiktoc-1,,飞书湘匯-TT,5,124,7月3日,,2026-10-06 18:56:13,,,,2026-10-06 18:56:13,2026-10-06 18:56:13
2943,7658266156831834119,7658266156831834119,,伊順+5-tiktoc-2,,飞书湘匯-TT,5,124,7月3日,,2026-10-06 18:56:13,,,,2026-10-06 18:56:13,2026-10-06 18:56:13
2944,7658266341329125384,7658266341329125384,,伊順+5-tiktoc-3,,飞书湘匯-TT,5,124,7月3日,,2026-10-06 18:56:13,,,,2026-10-06 18:56:13,2026-10-06 18:56:13
2945,7658266399567446034,7658266399567446034,,伊順+5-tiktoc-4,,飞书湘匯-TT,5,124,7月3日,,2026-10-06 18:56:13,,,,2026-10-06 18:56:13,2026-10-06 18:56:13
2946,7658265822363877384,7658265822363877384,,伊順+5-tiktoc-5,,飞书湘匯-TT,5,124,7月3日,,2026-10-06 18:56:13,,,,2026-10-06 18:56:13,2026-10-06 18:56:13
2947,7658268204250333191,7658268204250333191,,科瑞+5-tiktoc-1,,飞书湘匯-TT,5,125,7月3日,,2026-10-06 18:56:13,,,,2026-10-06 18:56:13,2026-10-06 18:56:13
2948,7658268204681478152,7658268204681478152,,科瑞+5-tiktoc-2,,飞书湘匯-TT,5,125,7月3日,,2026-10-06 18:56:13,,,,2026-10-06 18:56:13,2026-10-06 18:56:13
2949,7658268646606766087,7658268646606766087,,科瑞+5-tiktoc-3,,飞书湘匯-TT,5,125,7月3日,,2026-10-06 18:56:13,,,,2026-10-06 18:56:13,2026-10-06 18:56:13
2950,7658268516224548872,7658268516224548872,,科瑞+5-tiktoc-4,,飞书湘匯-TT,5,125,7月3日,,2026-10-06 18:56:13,,,,2026-10-06 18:56:13,2026-10-06 18:56:13
2951,7658267397832785938,7658267397832785938,,科瑞+5-tiktoc-5,,飞书湘匯-TT,5,125,7月3日,,2026-10-06 18:56:13,,,,2026-10-06 18:56:13,2026-10-06 18:56:13
2952,7658269216084344839,7658269216084344839,,豐緣+5-tiktoc-1,,飞书湘匯-TT,5,127,7月3日,,2026-10-06 18:56:13,,,,2026-10-06 18:56:13,2026-10-06 18:56:13
2953,7658268967692501010,7658268967692501010,,豐緣+5-tiktoc-2,,飞书湘匯-TT,5,127,7月3日,,2026-10-06 18:56:13,,,,2026-10-06 18:56:13,2026-10-06 18:56:13
2954,7658269132097585170,7658269132097585170,,豐緣+5-tiktoc-3,,飞书湘匯-TT,5,127,7月3日,,2026-10-06 18:56:13,,,,2026-10-06 18:56:13,2026-10-06 18:56:13
2955,7658268921170264071,7658268921170264071,,豐緣+5-tiktoc-4,,飞书湘匯-TT,5,127,7月3日,,2026-10-06 18:56:13,,,,2026-10-06 18:56:13,2026-10-06 18:56:13
2956,7658269216084410375,7658269216084410375,,豐緣+5-tiktoc-5,,飞书湘匯-TT,5,127,7月3日,,2026-10-06 18:56:13,,,,2026-10-06 18:56:13,2026-10-06 18:56:13
2957,7658270391830888455,7658270391830888455,,大豐+5-tiktoc-1,,飞书湘匯-TT,5,127,7月3日,,2026-10-06 18:56:13,,,,2026-10-06 18:56:13,2026-10-06 18:56:13
2958,7658269896529461255,7658269896529461255,,大豐+5-tiktoc-2,,飞书湘匯-TT,5,127,7月3日,,2026-10-06 18:56:13,,,,2026-10-06 18:56:13,2026-10-06 18:56:13
2959,7658270068521189394,7658270068521189394,,大豐+5-tiktoc-3,,飞书湘匯-TT,5,127,7月3日,,2026-10-06 18:56:13,,,,2026-10-06 18:56:13,2026-10-06 18:56:13
2960,7658269905824776199,7658269905824776199,,大豐+5-tiktoc-4,,飞书湘匯-TT,5,127,7月3日,,2026-10-06 18:56:13,,,,2026-10-06 18:56:13,2026-10-06 18:56:13
2961,7658270232213127186,7658270232213127186,,大豐+5-tiktoc-5,,飞书湘匯-TT,5,127,7月3日,,2026-10-06 18:56:13,,,,2026-10-06 18:56:13,2026-10-06 18:56:13
2962,7658271257473433607,7658271257473433607,,生物+5-tiktoc-1,,飞书湘匯-TT,5,122,7月3日,,2026-10-06 18:56:13,,,,2026-10-06 18:56:13,2026-10-06 18:56:13
2963,7658271281992925192,7658271281992925192,,生物+5-tiktoc-2,,飞书湘匯-TT,5,122,7月3日,,2026-10-06 18:56:13,,,,2026-10-06 18:56:13,2026-10-06 18:56:13
2964,7658271592446181394,7658271592446181394,,生物+5-tiktoc-3,,飞书湘匯-TT,5,122,7月3日,,2026-10-06 18:56:13,,,,2026-10-06 18:56:13,2026-10-06 18:56:13
2965,7658271969596063752,7658271969596063752,,生物+5-tiktoc-4,,飞书湘匯-TT,5,122,7月3日,,2026-10-06 18:56:13,,,,2026-10-06 18:56:13,2026-10-06 18:56:13
2966,7658271683735814151,7658271683735814151,,生物+5-tiktoc-5,,飞书湘匯-TT,5,122,7月3日,,2026-10-06 18:56:13,,,,2026-10-06 18:56:13,2026-10-06 18:56:13
2967,7658580728334123026,7658580728334123026,,星安+5-tiktoc-1,,飞书湘匯-TT,5,122,7月4日,,2026-10-06 18:56:13,,,,2026-10-06 18:56:13,2026-10-06 18:56:13
2968,7658581091468722183,7658581091468722183,,星安+5-tiktoc-2,,飞书湘匯-TT,5,122,7月4日,,2026-10-06 18:56:13,,,,2026-10-06 18:56:13,2026-10-06 18:56:13
2969,7658580748429672456,7658580748429672456,,星安+5-tiktoc-3,,飞书湘匯-TT,5,122,7月4日,,2026-10-06 18:56:13,,,,2026-10-06 18:56:13,2026-10-06 18:56:13
2970,7658580978096766984,7658580978096766984,,星安+5-tiktoc-4,,飞书湘匯-TT,5,122,7月4日,,2026-10-06 18:56:13,,,,2026-10-06 18:56:13,2026-10-06 18:56:13
2971,7658581255939768338,7658581255939768338,,星安+5-tiktoc-5,,飞书湘匯-TT,5,122,7月4日,,2026-10-06 18:56:13,,,,2026-10-06 18:56:13,2026-10-06 18:56:13
2972,7658581530815676424,7658581530815676424,,安禾+5-tiktoc-1,,飞书湘匯-TT,5,120,7月4日,,2026-10-06 18:56:13,,,,2026-10-06 18:56:13,2026-10-06 18:56:13
2973,7658581690943750151,7658581690943750151,,安禾+5-tiktoc-2,,飞书湘匯-TT,5,120,7月4日,,2026-10-06 18:56:13,,,,2026-10-06 18:56:13,2026-10-06 18:56:13
2974,7658582092705251336,7658582092705251336,,安禾+5-tiktoc-3,,飞书湘匯-TT,5,120,7月4日,,2026-10-06 18:56:13,,,,2026-10-06 18:56:13,2026-10-06 18:56:13
2975,7658582187649908744,7658582187649908744,,安禾+5-tiktoc-4,,飞书湘匯-TT,5,120,7月4日,,2026-10-06 18:56:13,,,,2026-10-06 18:56:13,2026-10-06 18:56:13
2976,7658582394882326535,7658582394882326535,,安禾+5-tiktoc-5,,飞书湘匯-TT,5,120,7月4日,,2026-10-06 18:56:13,,,,2026-10-06 18:56:13,2026-10-06 18:56:13
2977,7658583001095028744,7658583001095028744,,辰興+5-tiktoc-1,,飞书湘匯-TT,5,120,7月4日,,2026-10-06 18:56:13,,,,2026-10-06 18:56:13,2026-10-06 18:56:13
2978,7658583469294993415,7658583469294993415,,辰興+5-tiktoc-2,,飞书湘匯-TT,5,120,7月4日,,2026-10-06 18:56:13,,,,2026-10-06 18:56:13,2026-10-06 18:56:13
2979,7658583465521823751,7658583465521823751,,辰興+5-tiktoc-3,,飞书湘匯-TT,5,120,7月4日,,2026-10-06 18:56:13,,,,2026-10-06 18:56:13,2026-10-06 18:56:13
2980,7658583168928251912,7658583168928251912,,辰興+5-tiktoc-4,,飞书湘匯-TT,5,120,7月4日,,2026-10-06 18:56:13,,,,2026-10-06 18:56:13,2026-10-06 18:56:13
2981,7658583596009127943,7658583596009127943,,辰興+5-tiktoc-5,,飞书湘匯-TT,5,120,7月4日,,2026-10-06 18:56:13,,,,2026-10-06 18:56:13,2026-10-06 18:56:13
2982,7658584755260178440,7658584755260178440,,卓利+5-tiktoc-1,,飞书湘匯-TT,5,124,7月4日,,2026-10-06 18:56:13,,,,2026-10-06 18:56:13,2026-10-06 18:56:13
2983,7658584319656673298,7658584319656673298,,卓利+5-tiktoc-2,,飞书湘匯-TT,5,124,7月4日,,2026-10-06 18:56:13,,,,2026-10-06 18:56:13,2026-10-06 18:56:13
2984,7658584403731546120,7658584403731546120,,卓利+5-tiktoc-3,,飞书湘匯-TT,5,124,7月4日,,2026-10-06 18:56:13,,,,2026-10-06 18:56:13,2026-10-06 18:56:13
2985,7658584431246082055,7658584431246082055,,卓利+5-tiktoc-4,,飞书湘匯-TT,5,124,7月4日,,2026-10-06 18:56:13,,,,2026-10-06 18:56:13,2026-10-06 18:56:13
2986,7658584400277585938,7658584400277585938,,卓利+5-tiktoc-5,,飞书湘匯-TT,5,124,7月4日,,2026-10-06 18:56:13,,,,2026-10-06 18:56:13,2026-10-06 18:56:13
2987,7658586057122349063,7658586057122349063,,希樂+5-tiktoc-1,,飞书湘匯-TT,5,121,7月4日,,2026-10-06 18:56:13,,,,2026-10-06 18:56:13,2026-10-06 18:56:13
2988,7658585648890249224,7658585648890249224,,希樂+5-tiktoc-2,,飞书湘匯-TT,5,121,7月4日,,2026-10-06 18:56:13,,,,2026-10-06 18:56:13,2026-10-06 18:56:13
2989,7658585513649291271,7658585513649291271,,希樂+5-tiktoc-3,,飞书湘匯-TT,5,121,7月4日,,2026-10-06 18:56:13,,,,2026-10-06 18:56:13,2026-10-06 18:56:13
2990,7658585874594136082,7658585874594136082,,希樂+5-tiktoc-4,,飞书湘匯-TT,5,121,7月4日,,2026-10-06 18:56:13,,,,2026-10-06 18:56:13,2026-10-06 18:56:13
2991,7658585757665312786,7658585757665312786,,希樂+5-tiktoc-5,,飞书湘匯-TT,5,121,7月4日,,2026-10-06 18:56:13,,,,2026-10-06 18:56:13,2026-10-06 18:56:13
2992,7658586854840909832,7658586854840909832,,程幸+5-tiktoc-1,,飞书湘匯-TT,5,122,7月4日,,2026-10-06 18:56:13,,,,2026-10-06 18:56:13,2026-10-06 18:56:13
2993,7658586794254237714,7658586794254237714,,程幸+5-tiktoc-2,,飞书湘匯-TT,5,122,7月4日,,2026-10-06 18:56:13,,,,2026-10-06 18:56:13,2026-10-06 18:56:13
2994,7658587212731760647,7658587212731760647,,程幸+5-tiktoc-3,,飞书湘匯-TT,5,122,7月4日,,2026-10-06 18:56:13,,,,2026-10-06 18:56:13,2026-10-06 18:56:13
2995,7658587205287510023,7658587205287510023,,程幸+5-tiktoc-4,,飞书湘匯-TT,5,122,7月4日,,2026-10-06 18:56:13,,,,2026-10-06 18:56:13,2026-10-06 18:56:13
2996,7658587174392086546,7658587174392086546,,程幸+5-tiktoc-5,,飞书湘匯-TT,5,122,7月4日,,2026-10-06 18:56:13,,,,2026-10-06 18:56:13,2026-10-06 18:56:13
2997,7658588373166292999,7658588373166292999,,國際+5-tiktoc-1,,飞书湘匯-TT,5,127,7月4日,,2026-10-06 18:56:13,,,,2026-10-06 18:56:13,2026-10-06 18:56:13
2998,7658588277712715794,7658588277712715794,,國際+5-tiktoc-2,,飞书湘匯-TT,5,127,7月4日,,2026-10-06 18:56:13,,,,2026-10-06 18:56:13,2026-10-06 18:56:13
2999,7658588004851957767,7658588004851957767,,國際+5-tiktoc-3,,飞书湘匯-TT,5,127,7月4日,,2026-10-06 18:56:13,,,,2026-10-06 18:56:13,2026-10-06 18:56:13
3000,7658588105632628744,7658588105632628744,,國際+5-tiktoc-4,,飞书湘匯-TT,5,127,7月4日,,2026-10-06 18:56:13,,,,2026-10-06 18:56:13,2026-10-06 18:56:13
3001,7658588530802425874,7658588530802425874,,國際+5-tiktoc-5,,飞书湘匯-TT,5,127,7月4日,,2026-10-06 18:56:13,,,,2026-10-06 18:56:13,2026-10-06 18:56:13
3002,7658589836739510279,7658589836739510279,,盛航+5-tiktoc-1,,飞书湘匯-TT,5,121,7月4日,,2026-10-06 18:56:13,,,,2026-10-06 18:56:13,2026-10-06 18:56:13
3003,7658589549864976402,7658589549864976402,,盛航+5-tiktoc-2,,飞书湘匯-TT,5,121,7月4日,,2026-10-06 18:56:13,,,,2026-10-06 18:56:13,2026-10-06 18:56:13
3004,7658589701921898504,7658589701921898504,,盛航+5-tiktoc-3,,飞书湘匯-TT,5,121,7月4日,,2026-10-06 18:56:13,,,,2026-10-06 18:56:13,2026-10-06 18:56:13
3005,7658589961869443080,7658589961869443080,,盛航+5-tiktoc-4,,飞书湘匯-TT,5,121,7月4日,,2026-10-06 18:56:13,,,,2026-10-06 18:56:13,2026-10-06 18:56:13
3006,7658589969631526920,7658589969631526920,,盛航+5-tiktoc-5,,飞书湘匯-TT,5,121,7月4日,,2026-10-06 18:56:13,,,,2026-10-06 18:56:13,2026-10-06 18:56:13
3007,7658597094382403591,7658597094382403591,,深海+5-tiktoc-1,,飞书湘匯-TT,5,120,7月4日,,2026-10-06 18:56:13,,,,2026-10-06 18:56:13,2026-10-06 18:56:13
3008,7658597205615411208,7658597205615411208,,深海+5-tiktoc-2,,飞书湘匯-TT,5,120,7月4日,,2026-10-06 18:56:13,,,,2026-10-06 18:56:13,2026-10-06 18:56:13
3009,7658597177964068871,7658597177964068871,,深海+5-tiktoc-3,,飞书湘匯-TT,5,120,7月4日,,2026-10-06 18:56:13,,,,2026-10-06 18:56:13,2026-10-06 18:56:13
3010,7658596806589579272,7658596806589579272,,深海+5-tiktoc-4,,飞书湘匯-TT,5,120,7月4日,,2026-10-06 18:56:13,,,,2026-10-06 18:56:13,2026-10-06 18:56:13
3011,7658596322387443730,7658596322387443730,,深海+5-tiktoc-5,,飞书湘匯-TT,5,120,7月4日,,2026-10-06 18:56:13,,,,2026-10-06 18:56:13,2026-10-06 18:56:13
3012,7658601874102452231,7658601874102452231,,伊森+5-tiktoc-1,,飞书湘匯-TT,5,121,7月4日,,2026-10-06 18:56:13,,,,2026-10-06 18:56:13,2026-10-06 18:56:13
3013,7658602018390720530,7658602018390720530,,伊森+5-tiktoc-2,,飞书湘匯-TT,5,121,7月4日,,2026-10-06 18:56:13,,,,2026-10-06 18:56:13,2026-10-06 18:56:13
3014,7658602050632548370,7658602050632548370,,伊森+5-tiktoc-3,,飞书湘匯-TT,5,121,7月4日,,2026-10-06 18:56:13,,,,2026-10-06 18:56:13,2026-10-06 18:56:13
3015,7658601667625173000,7658601667625173000,,伊森+5-tiktoc-4,,飞书湘匯-TT,5,121,7月4日,,2026-10-06 18:56:13,,,,2026-10-06 18:56:13,2026-10-06 18:56:13
3016,7658602111478890503,7658602111478890503,,伊森+5-tiktoc-5,,飞书湘匯-TT,5,121,7月4日,,2026-10-06 18:56:13,,,,2026-10-06 18:56:13,2026-10-06 18:56:13
3017,7658605084839378951,7658605084839378951,,聯匯+5-tiktoc-1,,飞书湘匯-TT,5,121,7月4日,,2026-10-06 18:56:13,,,,2026-10-06 18:56:13,2026-10-06 18:56:13
3018,7658604638735843335,7658604638735843335,,聯匯+5-tiktoc-2,,飞书湘匯-TT,5,121,7月4日,,2026-10-06 18:56:13,,,,2026-10-06 18:56:13,2026-10-06 18:56:13
3019,7658604446674583559,7658604446674583559,,聯匯+5-tiktoc-3,,飞书湘匯-TT,5,121,7月4日,,2026-10-06 18:56:13,,,,2026-10-06 18:56:13,2026-10-06 18:56:13
3020,7658604718972911634,7658604718972911634,,聯匯+5-tiktoc-4,,飞书湘匯-TT,5,121,7月4日,,2026-10-06 18:56:13,,,,2026-10-06 18:56:13,2026-10-06 18:56:13
3021,7658604537741246471,7658604537741246471,,聯匯+5-tiktoc-5,,飞书湘匯-TT,5,121,7月4日,,2026-10-06 18:56:13,,,,2026-10-06 18:56:13,2026-10-06 18:56:13
3022,7659673225135456263,7659673225135456263,,yk-tic+7-1,,亿帆湘匯-TT,7,127,7月7日,,2026-10-06 18:56:13,,,,2026-10-06 18:56:13,2026-10-06 18:56:13
3023,7659673313664548882,7659673313664548882,,yk-tic+7-2,,亿帆湘匯-TT,7,127,7月7日,,2026-10-06 18:56:13,,,,2026-10-06 18:56:13,2026-10-06 18:56:13
3024,7659673258479927303,7659673258479927303,,yk-tic+7-3,,亿帆湘匯-TT,7,127,7月7日,,2026-10-06 18:56:13,,,,2026-10-06 18:56:13,2026-10-06 18:56:13
3025,7659673426264752136,7659673426264752136,,yk-tic+7-4,,亿帆湘匯-TT,7,122,7月7日,,2026-10-06 18:56:13,,,,2026-10-06 18:56:13,2026-10-06 18:56:13
3026,7659673379632627719,7659673379632627719,,yk-tic+7-5,,亿帆湘匯-TT,7,122,7月7日,,2026-10-06 18:56:13,,,,2026-10-06 18:56:13,2026-10-06 18:56:13
3027,7659673131322146823,7659673131322146823,,tt+7-habo-1,,亿帆湘匯-TT,7,122,7月7日,,2026-10-06 18:56:13,,,,2026-10-06 18:56:13,2026-10-06 18:56:13
3028,7659673378214723592,7659673378214723592,,tt+7-habo-2,,亿帆湘匯-TT,7,122,7月7日,,2026-10-06 18:56:13,,,,2026-10-06 18:56:13,2026-10-06 18:56:13
3029,7659673504712343559,7659673504712343559,,tt+7-habo-3,,亿帆湘匯-TT,7,122,7月7日,,2026-10-06 18:56:13,,,,2026-10-06 18:56:13,2026-10-06 18:56:13
3030,7659673580251922439,7659673580251922439,,tt+7-habo-4,,亿帆湘匯-TT,7,122,7月7日,,2026-10-06 18:56:13,,,,2026-10-06 18:56:13,2026-10-06 18:56:13
3031,7659673608820965383,7659673608820965383,,tt+7-habo-5,,亿帆湘匯-TT,7,125,7月7日,,2026-10-06 18:56:13,,,,2026-10-06 18:56:13,2026-10-06 18:56:13
3032,7659673329311088647,7659673329311088647,,fly+7-tiktoc-1,,亿帆湘匯-TT,7,130,7月7日,,2026-10-06 18:56:13,,,,2026-10-06 18:56:13,2026-10-06 18:56:13
3033,7659673385382281224,7659673385382281224,,fly+7-tiktoc-2,,亿帆湘匯-TT,7,132,7月7日,,2026-10-06 18:56:13,,,,2026-10-06 18:56:13,2026-10-06 18:56:13
3034,7659672485029478408,7659672485029478408,,fly+7-tiktoc-3,,亿帆湘匯-TT,7,132,7月7日,,2026-10-06 18:56:13,,,,2026-10-06 18:56:13,2026-10-06 18:56:13
3035,7659673079588962311,7659673079588962311,,fly+7-tiktoc-4,,亿帆湘匯-TT,7,132,7月7日,,2026-10-06 18:56:13,,,,2026-10-06 18:56:13,2026-10-06 18:56:13
3036,7659673458648825863,7659673458648825863,,fly+7-tiktoc-5,,亿帆湘匯-TT,7,132,7月7日,,2026-10-06 18:56:13,,,,2026-10-06 18:56:13,2026-10-06 18:56:13
3037,7659673356878413842,7659673356878413842,,tic+7-creative-1,,亿帆湘匯-TT,7,132,7月7日,,2026-10-06 18:56:13,,,,2026-10-06 18:56:13,2026-10-06 18:56:13
3038,7659673211944239112,7659673211944239112,,tic+7-creative-2,,亿帆湘匯-TT,7,132,7月7日,,2026-10-06 18:56:13,,,,2026-10-06 18:56:13,2026-10-06 18:56:13
3039,7659673293540196370,7659673293540196370,,tic+7-creative-3,,亿帆湘匯-TT,7,127,7月7日,,2026-10-06 18:56:13,,,,2026-10-06 18:56:13,2026-10-06 18:56:13
3040,7659673209978814482,7659673209978814482,,tic+7-creative-4,,亿帆湘匯-TT,7,127,7月7日,,2026-10-06 18:56:13,,,,2026-10-06 18:56:13,2026-10-06 18:56:13
3041,7659673433965363207,7659673433965363207,,tic+7-creative-5,,亿帆湘匯-TT,7,127,7月7日,,2026-10-06 18:56:13,,,,2026-10-06 18:56:13,2026-10-06 18:56:13
3042,7659308479600951303,7659308479600951303,,嘉祥+7-tiktoc-1,,亿帆湘匯-TT,7,125,7月6日,,2026-10-06 18:56:13,,,,2026-10-06 18:56:13,2026-10-06 18:56:13
3043,7659308479601164295,7659308479601164295,,嘉祥+7-tiktoc-2,,亿帆湘匯-TT,7,125,7月6日,,2026-10-06 18:56:13,,,,2026-10-06 18:56:13,2026-10-06 18:56:13
3044,7659308494185005074,7659308494185005074,,嘉祥+7-tiktoc-3,,亿帆湘匯-TT,7,125,7月6日,,2026-10-06 18:56:13,,,,2026-10-06 18:56:13,2026-10-06 18:56:13
3045,7659308305967251474,7659308305967251474,,嘉祥+7-tiktoc-4,,亿帆湘匯-TT,7,125,7月6日,,2026-10-06 18:56:13,,,,2026-10-06 18:56:13,2026-10-06 18:56:13
3046,7659308091112046599,7659308091112046599,,嘉祥+7-tiktoc-5,,亿帆湘匯-TT,7,125,7月6日,,2026-10-06 18:56:13,,,,2026-10-06 18:56:13,2026-10-06 18:56:13
3047,7659308412928311303,7659308412928311303,,麗悅+7-1,,亿帆湘匯-TT,7,124,7月6日,,2026-10-06 18:56:13,,,,2026-10-06 18:56:13,2026-10-06 18:56:13
3048,7659308307032997895,7659308307032997895,,麗悅+7-2,,亿帆湘匯-TT,7,124,7月6日,,2026-10-06 18:56:13,,,,2026-10-06 18:56:13,2026-10-06 18:56:13
3049,7659308289771012114,7659308289771012114,,麗悅+7-3,,亿帆湘匯-TT,7,124,7月6日,,2026-10-06 18:56:13,,,,2026-10-06 18:56:13,2026-10-06 18:56:13
3050,7659308428485509127,7659308428485509127,,麗悅+7-4,,亿帆湘匯-TT,7,124,7月6日,,2026-10-06 18:56:13,,,,2026-10-06 18:56:13,2026-10-06 18:56:13
3051,7659308516282105874,7659308516282105874,,麗悅+7-5,,亿帆湘匯-TT,7,124,7月6日,,2026-10-06 18:56:13,,,,2026-10-06 18:56:13,2026-10-06 18:56:13
3052,7659303973161025543,7659303973161025543,,恒昇實業-3-bx-1,,亿帆湘匯-TT,-3,127,7月6日,,2026-10-06 18:56:13,,,,2026-10-06 18:56:13,2026-10-06 18:56:13
3053,7659303994992820232,7659303994992820232,,恒昇實業-3-bx-2,,亿帆湘匯-TT,-3,127,7月6日,,2026-10-06 18:56:13,,,,2026-10-06 18:56:13,2026-10-06 18:56:13
3054,7659303608072257543,7659303608072257543,,恒昇實業-3-bx-3,,亿帆湘匯-TT,-3,127,7月6日,,2026-10-06 18:56:13,,,,2026-10-06 18:56:13,2026-10-06 18:56:13
3055,7659303089085857799,7659303089085857799,,恒昇實業-3-bx-4,,亿帆湘匯-TT,-3,127,7月6日,,2026-10-06 18:56:13,,,,2026-10-06 18:56:13,2026-10-06 18:56:13
3056,7659303849685155858,7659303849685155858,,恒昇實業-3-bx-5,,亿帆湘匯-TT,-3,130,7月6日,,2026-10-06 18:56:13,,,,2026-10-06 18:56:13,2026-10-06 18:56:13
3057,7659307990832529426,7659307990832529426,,wu-3-ttjo-1,,亿帆湘匯-TT,-3,127,7月6日,,2026-10-06 18:56:13,,,,2026-10-06 18:56:13,2026-10-06 18:56:13
3058,7659308301921992722,7659308301921992722,,wu-3-ttjo-2,,亿帆湘匯-TT,-3,127,7月6日,,2026-10-06 18:56:13,,,,2026-10-06 18:56:13,2026-10-06 18:56:13
3059,7659307841089552392,7659307841089552392,,wu-3-ttjo-3,,亿帆湘匯-TT,-3,127,7月6日,,2026-10-06 18:56:13,,,,2026-10-06 18:56:13,2026-10-06 18:56:13
3060,7659308259332980744,7659308259332980744,,wu-3-ttjo-4,,亿帆湘匯-TT,-3,127,7月6日,,2026-10-06 18:56:13,,,,2026-10-06 18:56:13,2026-10-06 18:56:13
3061,7659308094744231943,7659308094744231943,,wu-3-ttjo-5,,亿帆湘匯-TT,-3,127,7月6日,,2026-10-06 18:56:13,,,,2026-10-06 18:56:13,2026-10-06 18:56:13
3062,7659313451298848776,7659313451298848776,,胡俊+5-tiktoc-1,,飞书湘匯-TT,5,121,7月6日,,2026-10-06 18:56:13,,,,2026-10-06 18:56:13,2026-10-06 18:56:13
3063,7659313451298914312,7659313451298914312,,胡俊+5-tiktoc-2,,飞书湘匯-TT,5,121,7月6日,,2026-10-06 18:56:13,,,,2026-10-06 18:56:13,2026-10-06 18:56:13
3064,7659313627710881810,7659313627710881810,,胡俊+5-tiktoc-3,,飞书湘匯-TT,5,121,7月6日,,2026-10-06 18:56:13,,,,2026-10-06 18:56:13,2026-10-06 18:56:13
3065,7659313524799406098,7659313524799406098,,胡俊+5-tiktoc-4,,飞书湘匯-TT,5,121,7月6日,,2026-10-06 18:56:13,,,,2026-10-06 18:56:13,2026-10-06 18:56:13
3066,7659313850780516359,7659313850780516359,,胡俊+5-tiktoc-5,,飞书湘匯-TT,5,121,7月6日,,2026-10-06 18:56:13,,,,2026-10-06 18:56:13,2026-10-06 18:56:13
3067,7659314499039723527,7659314499039723527,,hengyu+5-tk-1,,飞书湘匯-TT,5,127,7月6日,,2026-10-06 18:56:13,,,,2026-10-06 18:56:13,2026-10-06 18:56:13
3068,7659314799973040136,7659314799973040136,,hengyu+5-tk-2,,飞书湘匯-TT,5,127,7月6日,,2026-10-06 18:56:13,,,,2026-10-06 18:56:13,2026-10-06 18:56:13
3069,7659314775820910610,7659314775820910610,,hengyu+5-tk-3,,飞书湘匯-TT,5,127,7月6日,,2026-10-06 18:56:13,,,,2026-10-06 18:56:13,2026-10-06 18:56:13
3070,7659314296188272658,7659314296188272658,,hengyu+5-tk-4,,飞书湘匯-TT,5,127,7月6日,,2026-10-06 18:56:13,,,,2026-10-06 18:56:13,2026-10-06 18:56:13
3071,7659314641639325704,7659314641639325704,,hengyu+5-tk-5,,飞书湘匯-TT,5,127,7月6日,,2026-10-06 18:56:13,,,,2026-10-06 18:56:13,2026-10-06 18:56:13
3072,7659315854317699090,7659315854317699090,,soft+5-tik-1,,飞书湘匯-TT,5,125,7月6日,,2026-10-06 18:56:13,,,,2026-10-06 18:56:13,2026-10-06 18:56:13
3073,7659315851415191560,7659315851415191560,,soft+5-tik-2,,飞书湘匯-TT,5,125,7月6日,,2026-10-06 18:56:13,,,,2026-10-06 18:56:13,2026-10-06 18:56:13
3074,7659315851415257096,7659315851415257096,,soft+5-tik-3,,飞书湘匯-TT,5,125,7月6日,,2026-10-06 18:56:13,,,,2026-10-06 18:56:13,2026-10-06 18:56:13
3075,7659315840172539922,7659315840172539922,,soft+5-tik-4,,飞书湘匯-TT,5,125,7月6日,,2026-10-06 18:56:13,,,,2026-10-06 18:56:13,2026-10-06 18:56:13
3076,7659315849496936466,7659315849496936466,,soft+5-tik-5,,飞书湘匯-TT,5,125,7月6日,,2026-10-06 18:56:13,,,,2026-10-06 18:56:13,2026-10-06 18:56:13
3077,7659316969061269522,7659316969061269522,,jia+5-tok-1,,飞书湘匯-TT,5,122,7月6日,,2026-10-06 18:56:13,,,,2026-10-06 18:56:13,2026-10-06 18:56:13
3078,7659317475137519624,7659317475137519624,,jia+5-tok-2,,飞书湘匯-TT,5,122,7月6日,,2026-10-06 18:56:13,,,,2026-10-06 18:56:13,2026-10-06 18:56:13
3079,7659317395756466194,7659317395756466194,,jia+5-tok-3,,飞书湘匯-TT,5,122,7月6日,,2026-10-06 18:56:13,,,,2026-10-06 18:56:13,2026-10-06 18:56:13
3080,7659316969996763144,7659316969996763144,,jia+5-tok-4,,飞书湘匯-TT,5,122,7月6日,,2026-10-06 18:56:13,,,,2026-10-06 18:56:13,2026-10-06 18:56:13
3081,7659317548290162706,7659317548290162706,,jia+5-tok-5,,飞书湘匯-TT,5,122,7月6日,,2026-10-06 18:56:13,,,,2026-10-06 18:56:13,2026-10-06 18:56:13
3082,7659318801623711751,7659318801623711751,,聞+tiktoc+5-1,,飞书湘匯-TT,5,124,7月6日,,2026-10-06 18:56:13,,,,2026-10-06 18:56:13,2026-10-06 18:56:13
3083,7659318765939113992,7659318765939113992,,聞+tiktoc+5-2,,飞书湘匯-TT,5,124,7月6日,,2026-10-06 18:56:13,,,,2026-10-06 18:56:13,2026-10-06 18:56:13
3084,7659318669419429906,7659318669419429906,,聞+tiktoc+5-3,,飞书湘匯-TT,5,124,7月6日,,2026-10-06 18:56:13,,,,2026-10-06 18:56:13,2026-10-06 18:56:13
3085,7659318583357177874,7659318583357177874,,聞+tiktoc+5-4,,飞书湘匯-TT,5,124,7月6日,,2026-10-06 18:56:13,,,,2026-10-06 18:56:13,2026-10-06 18:56:13
3086,7659318923023630354,7659318923023630354,,聞+tiktoc+5-5,,飞书湘匯-TT,5,124,7月6日,,2026-10-06 18:56:13,,,,2026-10-06 18:56:13,2026-10-06 18:56:13
3087,7660049355926274055,7660049355926274055,,tk-qing+5-1,,飞书湘匯-TT,5,121,7月9日,,2026-10-06 18:56:13,,,,2026-10-06 18:56:13,2026-10-06 18:56:13
3088,7660048933625610247,7660048933625610247,,tk-qing+5-2,,飞书湘匯-TT,5,121,7月9日,,2026-10-06 18:56:13,,,,2026-10-06 18:56:13,2026-10-06 18:56:13
3089,7660049374805786642,7660049374805786642,,tk-qing+5-3,,飞书湘匯-TT,5,121,7月9日,,2026-10-06 18:56:13,,,,2026-10-06 18:56:13,2026-10-06 18:56:13
3090,7660049238633742354,7660049238633742354,,tk-qing+5-4,,飞书湘匯-TT,5,121,7月9日,,2026-10-06 18:56:13,,,,2026-10-06 18:56:13,2026-10-06 18:56:13
3091,7660049393399283720,7660049393399283720,,tk-qing+5-5,,飞书湘匯-TT,5,121,7月9日,,2026-10-06 18:56:13,,,,2026-10-06 18:56:13,2026-10-06 18:56:13
3092,7660050619864104967,7660050619864104967,,飞书湘匯-mile+5-1,,飞书湘匯-TT,5,121,7月9日,,2026-10-06 18:56:13,,,,2026-10-06 18:56:13,2026-10-06 18:56:13
3093,7660050216517025799,7660050216517025799,,飞书湘匯-mile+5-2,,飞书湘匯-TT,5,121,7月9日,,2026-10-06 18:56:13,,,,2026-10-06 18:56:13,2026-10-06 18:56:13
3094,7660050264447057938,7660050264447057938,,飞书湘匯-mile+5-3,,飞书湘匯-TT,5,121,7月9日,,2026-10-06 18:56:13,,,,2026-10-06 18:56:13,2026-10-06 18:56:13
3095,7660050219559747592,7660050219559747592,,飞书湘匯-mile+5-4,,飞书湘匯-TT,5,121,7月9日,,2026-10-06 18:56:13,,,,2026-10-06 18:56:13,2026-10-06 18:56:13
3096,7660050479402041351,7660050479402041351,,飞书湘匯-mile+5-5,,飞书湘匯-TT,5,121,7月9日,,2026-10-06 18:56:13,,,,2026-10-06 18:56:13,2026-10-06 18:56:13
3097,7660051840888946706,7660051840888946706,,tk+password+5-1,,飞书湘匯-TT,5,120,7月8日,,2026-10-06 18:56:13,,,,2026-10-06 18:56:13,2026-10-06 18:56:13
3098,7660051416752635912,7660051416752635912,,tk+password+5-2,,飞书湘匯-TT,5,120,7月8日,,2026-10-06 18:56:13,,,,2026-10-06 18:56:13,2026-10-06 18:56:13
3099,7660051535537422354,7660051535537422354,,tk+password+5-3,,飞书湘匯-TT,5,120,7月8日,,2026-10-06 18:56:13,,,,2026-10-06 18:56:13,2026-10-06 18:56:13
3100,7660051417467158536,7660051417467158536,,tk+password+5-4,,飞书湘匯-TT,5,120,7月8日,,2026-10-06 18:56:13,,,,2026-10-06 18:56:13,2026-10-06 18:56:13
3101,7660051252696547335,7660051252696547335,,tk+password+5-5,,飞书湘匯-TT,5,120,7月8日,,2026-10-06 18:56:13,,,,2026-10-06 18:56:13,2026-10-06 18:56:13
3102,7660052559000403975,7660052559000403975,,Gold+tiktoc+5-1,,飞书湘匯-TT,5,122,7月8日,,2026-10-06 18:56:13,,,,2026-10-06 18:56:13,2026-10-06 18:56:13
3103,7660052336563437576,7660052336563437576,,Gold+tiktoc+5-2,,飞书湘匯-TT,5,122,7月8日,,2026-10-06 18:56:13,,,,2026-10-06 18:56:13,2026-10-06 18:56:13
3104,7660052526541717512,7660052526541717512,,Gold+tiktoc+5-3,,飞书湘匯-TT,5,122,7月8日,,2026-10-06 18:56:13,,,,2026-10-06 18:56:13,2026-10-06 18:56:13
3105,7660052357039865863,7660052357039865863,,Gold+tiktoc+5-4,,飞书湘匯-TT,5,122,7月8日,,2026-10-06 18:56:13,,,,2026-10-06 18:56:13,2026-10-06 18:56:13
3106,7660052804685430802,7660052804685430802,,Gold+tiktoc+5-5,,飞书湘匯-TT,5,122,7月8日,,2026-10-06 18:56:13,,,,2026-10-06 18:56:13,2026-10-06 18:56:13
3107,7660053293569851399,7660053293569851399,,舒適+tk+5-1,,飞书湘匯-TT,5,122,7月8日,,2026-10-06 18:56:13,,,,2026-10-06 18:56:13,2026-10-06 18:56:13
3108,7660053717083963410,7660053717083963410,,舒適+tk+5-2,,飞书湘匯-TT,5,122,7月8日,,2026-10-06 18:56:13,,,,2026-10-06 18:56:13,2026-10-06 18:56:13
3109,7660053320899264530,7660053320899264530,,舒適+tk+5-3,,飞书湘匯-TT,5,122,7月8日,,2026-10-06 18:56:13,,,,2026-10-06 18:56:13,2026-10-06 18:56:13
3110,7660053601670135816,7660053601670135816,,舒適+tk+5-4,,飞书湘匯-TT,5,122,7月8日,,2026-10-06 18:56:13,,,,2026-10-06 18:56:13,2026-10-06 18:56:13
3111,7660053713628856327,7660053713628856327,,舒適+tk+5-5,,飞书湘匯-TT,5,122,7月8日,,2026-10-06 18:56:13,,,,2026-10-06 18:56:13,2026-10-06 18:56:13
3112,7660054573947551752,7660054573947551752,,water-tiktoc+5-1,,飞书湘匯-TT,5,122,7月8日,,2026-10-06 18:56:13,,,,2026-10-06 18:56:13,2026-10-06 18:56:13
3113,7660054318596210696,7660054318596210696,,water-tiktoc+5-2,,飞书湘匯-TT,5,122,7月8日,,2026-10-06 18:56:13,,,,2026-10-06 18:56:13,2026-10-06 18:56:13
3114,7660054232765317127,7660054232765317127,,water-tiktoc+5-3,,飞书湘匯-TT,5,122,7月8日,,2026-10-06 18:56:13,,,,2026-10-06 18:56:13,2026-10-06 18:56:13
3115,7660054509607632903,7660054509607632903,,water-tiktoc+5-4,,飞书湘匯-TT,5,122,7月8日,,2026-10-06 18:56:13,,,,2026-10-06 18:56:13,2026-10-06 18:56:13
3116,7660054338391441426,7660054338391441426,,water-tiktoc+5-5,,飞书湘匯-TT,5,122,7月8日,,2026-10-06 18:56:13,,,,2026-10-06 18:56:13,2026-10-06 18:56:13
3117,7660054949876891666,7660054949876891666,,高威+tiktoc+5-1,,飞书湘匯-TT,5,122,7月8日,,2026-10-06 18:56:13,,,,2026-10-06 18:56:13,2026-10-06 18:56:13
3118,7660054891141906440,7660054891141906440,,高威+tiktoc+5-2,,飞书湘匯-TT,5,122,7月8日,,2026-10-06 18:56:13,,,,2026-10-06 18:56:13,2026-10-06 18:56:13
3119,7660054973572825095,7660054973572825095,,高威+tiktoc+5-3,,飞书湘匯-TT,5,122,7月8日,,2026-10-06 18:56:13,,,,2026-10-06 18:56:13,2026-10-06 18:56:13
3120,7660055134093017096,7660055134093017096,,高威+tiktoc+5-4,,飞书湘匯-TT,5,122,7月8日,,2026-10-06 18:56:13,,,,2026-10-06 18:56:13,2026-10-06 18:56:13
3121,7660054967637753874,7660054967637753874,,高威+tiktoc+5-5,,飞书湘匯-TT,5,122,7月8日,,2026-10-06 18:56:13,,,,2026-10-06 18:56:13,2026-10-06 18:56:13
3122,7660060601909149714,7660060601909149714,,he+FS+5-1,,飞书湘匯-TT,5,122,7月8日,,2026-10-06 18:56:13,,,,2026-10-06 18:56:13,2026-10-06 18:56:13
3123,7660060378970849288,7660060378970849288,,he+FS+5-2,,飞书湘匯-TT,5,122,7月8日,,2026-10-06 18:56:13,,,,2026-10-06 18:56:13,2026-10-06 18:56:13
3124,7660060887193141266,7660060887193141266,,he+FS+5-3,,飞书湘匯-TT,5,122,7月8日,,2026-10-06 18:56:13,,,,2026-10-06 18:56:13,2026-10-06 18:56:13
3125,7660060253837541383,7660060253837541383,,he+FS+5-4,,飞书湘匯-TT,5,122,7月8日,,2026-10-06 18:56:13,,,,2026-10-06 18:56:13,2026-10-06 18:56:13
3126,7660060438798843922,7660060438798843922,,he+FS+5-5,,飞书湘匯-TT,5,122,7月8日,,2026-10-06 18:56:13,,,,2026-10-06 18:56:13,2026-10-06 18:56:13
3127,7660062947864854536,7660062947864854536,,耀拓+water+5-1,,飞书湘匯-TT,5,122,7月8日,,2026-10-06 18:56:13,,,,2026-10-06 18:56:13,2026-10-06 18:56:13
3128,7660063128176246792,7660063128176246792,,耀拓+water+5-2,,飞书湘匯-TT,5,122,7月8日,,2026-10-06 18:56:13,,,,2026-10-06 18:56:13,2026-10-06 18:56:13
3129,7660063317574041607,7660063317574041607,,耀拓+water+5-3,,飞书湘匯-TT,5,122,7月8日,,2026-10-06 18:56:13,,,,2026-10-06 18:56:13,2026-10-06 18:56:13
3130,7660063184551821320,7660063184551821320,,耀拓+water+5-4,,飞书湘匯-TT,5,122,7月8日,,2026-10-06 18:56:13,,,,2026-10-06 18:56:13,2026-10-06 18:56:13
3131,7660063131982200840,7660063131982200840,,耀拓+water+5-5,,飞书湘匯-TT,5,122,7月8日,,2026-10-06 18:56:13,,,,2026-10-06 18:56:13,2026-10-06 18:56:13
3132,7660064120372723720,7660064120372723720,,FS+豐寶+5-1,,飞书湘匯-TT,5,122,7月8日,,2026-10-06 18:56:13,,,,2026-10-06 18:56:13,2026-10-06 18:56:13
3133,7660063419386675218,7660063419386675218,,FS+豐寶+5-2,,飞书湘匯-TT,5,122,7月8日,,2026-10-06 18:56:13,,,,2026-10-06 18:56:13,2026-10-06 18:56:13
3134,7660064291386802184,7660064291386802184,,FS+豐寶+5-3,,飞书湘匯-TT,5,122,7月8日,,2026-10-06 18:56:13,,,,2026-10-06 18:56:13,2026-10-06 18:56:13
3135,7660064087174463506,7660064087174463506,,FS+豐寶+5-4,,飞书湘匯-TT,5,122,7月8日,,2026-10-06 18:56:13,,,,2026-10-06 18:56:13,2026-10-06 18:56:13
3136,7660064227130081298,7660064227130081298,,FS+豐寶+5-5,,飞书湘匯-TT,5,122,7月8日,,2026-10-06 18:56:13,,,,2026-10-06 18:56:13,2026-10-06 18:56:13
3137,7661932069280137234,7661932069280137234,,騰國+tiktoc-3-1,,亿帆湘匯-TT,-3,127,7月13日,,2026-10-06 18:56:13,,,,2026-10-06 18:56:13,2026-10-06 18:56:13
3138,7661932153415958546,7661932153415958546,,騰國+tiktoc-3-2,,亿帆湘匯-TT,-3,127,7月13日,,2026-10-06 18:56:13,,,,2026-10-06 18:56:13,2026-10-06 18:56:13
3139,7661932127285510152,7661932127285510152,,騰國+tiktoc-3-3,,亿帆湘匯-TT,-3,127,7月13日,,2026-10-06 18:56:13,,,,2026-10-06 18:56:13,2026-10-06 18:56:13
3140,7661931940267540488,7661931940267540488,,騰國+tiktoc-3-4,,亿帆湘匯-TT,-3,127,7月13日,,2026-10-06 18:56:13,,,,2026-10-06 18:56:13,2026-10-06 18:56:13
3141,7661932024139366408,7661932024139366408,,騰國+tiktoc-3-5,,亿帆湘匯-TT,-3,127,7月13日,,2026-10-06 18:56:13,,,,2026-10-06 18:56:13,2026-10-06 18:56:13
3142,7661960228199546898,7661960228199546898,,YF+qini+5-1,,亿帆湘匯-TT,5,120,7月13日,,2026-10-06 18:56:13,,,,2026-10-06 18:56:13,2026-10-06 18:56:13
3143,7661931544151883783,7661931544151883783,,YF+qini+5-2,,亿帆湘匯-TT,5,120,7月13日,,2026-10-06 18:56:13,,,,2026-10-06 18:56:13,2026-10-06 18:56:13
3144,7661960563920175111,7661960563920175111,,YF+qini+5-3,,亿帆湘匯-TT,5,120,7月13日,,2026-10-06 18:56:13,,,,2026-10-06 18:56:13,2026-10-06 18:56:13
3145,7661960511002116103,7661960511002116103,,YF+qini+5-4,,亿帆湘匯-TT,5,120,7月13日,,2026-10-06 18:56:13,,,,2026-10-06 18:56:13,2026-10-06 18:56:13
3146,7661960309144797192,7661960309144797192,,YF+qini+5-5,,亿帆湘匯-TT,5,120,7月13日,,2026-10-06 18:56:13,,,,2026-10-06 18:56:13,2026-10-06 18:56:13
3147,7661960711643447304,7661960711643447304,,tictok+jiayu+5-1,,亿帆湘匯-TT,5,124,7月13日,,2026-10-06 18:56:13,,,,2026-10-06 18:56:13,2026-10-06 18:56:13
3148,7661960260735008776,7661960260735008776,,tictok+jiayu+5-2,,亿帆湘匯-TT,5,124,7月13日,,2026-10-06 18:56:13,,,,2026-10-06 18:56:13,2026-10-06 18:56:13
3149,7661959845524144136,7661959845524144136,,tictok+jiayu+5-3,,亿帆湘匯-TT,5,124,7月13日,,2026-10-06 18:56:13,,,,2026-10-06 18:56:13,2026-10-06 18:56:13
3150,7661932022147104786,7661932022147104786,,tictok+jiayu+5-4,,亿帆湘匯-TT,5,124,7月13日,,2026-10-06 18:56:13,,,,2026-10-06 18:56:13,2026-10-06 18:56:13
3151,7661931775006015506,7661931775006015506,,tictok+jiayu+5-5,,亿帆湘匯-TT,5,124,7月13日,,2026-10-06 18:56:13,,,,2026-10-06 18:56:13,2026-10-06 18:56:13
3152,7661932069280038930,7661932069280038930,,tt+brety+5-1,,亿帆湘匯-TT,5,124,7月13日,,2026-10-06 18:56:13,,,,2026-10-06 18:56:13,2026-10-06 18:56:13
3153,7661931910769147912,7661931910769147912,,tt+brety+5-2,,亿帆湘匯-TT,5,127,7月13日,,2026-10-06 18:56:13,,,,2026-10-06 18:56:13,2026-10-06 18:56:13
3154,7661931783266238482,7661931783266238482,,tt+brety+5-3,,亿帆湘匯-TT,5,127,7月13日,,2026-10-06 18:56:13,,,,2026-10-06 18:56:13,2026-10-06 18:56:13
3155,7661931939338682376,7661931939338682376,,tt+brety+5-4,,亿帆湘匯-TT,5,127,7月13日,,2026-10-06 18:56:13,,,,2026-10-06 18:56:13,2026-10-06 18:56:13
3156,7661931814780485640,7661931814780485640,,tt+brety+5-5,,亿帆湘匯-TT,5,127,7月13日,,2026-10-06 18:56:13,,,,2026-10-06 18:56:13,2026-10-06 18:56:13
3157,7662653226902093831,7662653226902093831,,ming+tktc+5-1,,亿帆湘匯-TT,5,127,7月14日,,2026-10-06 18:56:13,,,,2026-10-06 18:56:13,2026-10-06 18:56:13
3158,7662653217070825490,7662653217070825490,,ming+tktc+5-2,,亿帆湘匯-TT,5,127,7月14日,,2026-10-06 18:56:13,,,,2026-10-06 18:56:13,2026-10-06 18:56:13
3159,7662653313040859154,7662653313040859154,,ming+tktc+5-3,,亿帆湘匯-TT,5,127,7月14日,,2026-10-06 18:56:13,,,,2026-10-06 18:56:13,2026-10-06 18:56:13
3160,7662653337078546440,7662653337078546440,,ming+tktc+5-4,,亿帆湘匯-TT,5,127,7月14日,,2026-10-06 18:56:13,,,,2026-10-06 18:56:13,2026-10-06 18:56:13
3161,7662653254978863112,7662653254978863112,,ming+tktc+5-5,,亿帆湘匯-TT,5,127,7月14日,,2026-10-06 18:56:13,,,,2026-10-06 18:56:13,2026-10-06 18:56:13
3162,7662653404339765255,7662653404339765255,,king+YF+5-1,,亿帆湘匯-TT,5,127,7月14日,,2026-10-06 18:56:13,,,,2026-10-06 18:56:13,2026-10-06 18:56:13
3163,7662653043892207624,7662653043892207624,,king+YF+5-2,,亿帆湘匯-TT,5,124,7月14日,,2026-10-06 18:56:13,,,,2026-10-06 18:56:13,2026-10-06 18:56:13
3164,7662653565101506578,7662653565101506578,,king+YF+5-3,,亿帆湘匯-TT,5,124,7月14日,,2026-10-06 18:56:13,,,,2026-10-06 18:56:13,2026-10-06 18:56:13
3165,7662653683364266002,7662653683364266002,,king+YF+5-4,,亿帆湘匯-TT,5,124,7月14日,,2026-10-06 18:56:13,,,,2026-10-06 18:56:13,2026-10-06 18:56:13
3166,7662653281067335687,7662653281067335687,,king+YF+5-5,,亿帆湘匯-TT,5,124,7月14日,,2026-10-06 18:56:13,,,,2026-10-06 18:56:13,2026-10-06 18:56:13
3167,7662653521292001287,7662653521292001287,,雲悅+yun+5-1,,亿帆湘匯-TT,5,124,7月14日,,2026-10-06 18:56:13,,,,2026-10-06 18:56:13,2026-10-06 18:56:13
3168,7662653389459947538,7662653389459947538,,雲悅+yun+5-2,,亿帆湘匯-TT,5,124,7月14日,,2026-10-06 18:56:13,,,,2026-10-06 18:56:13,2026-10-06 18:56:13
3169,7662653790416044040,7662653790416044040,,雲悅+yun+5-3,,亿帆湘匯-TT,5,125,7月14日,,2026-10-06 18:56:13,,,,2026-10-06 18:56:13,2026-10-06 18:56:13
3170,7662653805875429384,7662653805875429384,,雲悅+yun+5-4,,亿帆湘匯-TT,5,125,7月14日,,2026-10-06 18:56:13,,,,2026-10-06 18:56:13,2026-10-06 18:56:13
3171,7662653327058206728,7662653327058206728,,雲悅+yun+5-5,,亿帆湘匯-TT,5,125,7月14日,,2026-10-06 18:56:13,,,,2026-10-06 18:56:13,2026-10-06 18:56:13
3174,7662653777383522311,7662653777383522311,,trade+tk+5-3,,亿帆湘匯-TT,5,134,7月14日,,2026-10-06 18:56:13,,,2026-10-06 19:47:52,2026-10-06 18:56:13,2026-10-06 18:56:13
3175,7662653513541255186,7662653513541255186,,trade+tk+5-4,,亿帆湘匯-TT,5,134,7月14日,,2026-10-06 18:56:13,,,2026-10-06 19:47:52,2026-10-06 18:56:13,2026-10-06 18:56:13
3176,7662653749823193096,7662653749823193096,,trade+tk+5-5,,亿帆湘匯-TT,5,134,7月14日,,2026-10-06 18:56:13,,,2026-10-06 19:47:52,2026-10-06 18:56:13,2026-10-06 18:56:13
3177,7663394681832669202,7663394681832669202,,tiktoc+luo+5-1,,亿帆湘匯-TT,5,122,7月16日,,2026-10-06 18:56:13,,,,2026-10-06 18:56:13,2026-10-06 18:56:13
3178,7663394751359139848,7663394751359139848,,tiktoc+luo+5-2,,亿帆湘匯-TT,5,122,7月16日,,2026-10-06 18:56:13,,,,2026-10-06 18:56:13,2026-10-06 18:56:13
3179,7663394511607218194,7663394511607218194,,tiktoc+luo+5-3,,亿帆湘匯-TT,5,122,7月16日,,2026-10-06 18:56:13,,,,2026-10-06 18:56:13,2026-10-06 18:56:13
3180,7663394520394039314,7663394520394039314,,tiktoc+luo+5-4,,亿帆湘匯-TT,5,122,7月16日,,2026-10-06 18:56:13,,,,2026-10-06 18:56:13,2026-10-06 18:56:13
3181,7663394456773853202,7663394456773853202,,tiktoc+luo+5-5,,亿帆湘匯-TT,5,122,7月16日,,2026-10-06 18:56:13,,,,2026-10-06 18:56:13,2026-10-06 18:56:13
3182,7663394483878494216,7663394483878494216,,tc+zhan+5-1,,亿帆湘匯-TT,5,122,7月16日,,2026-10-06 18:56:13,,,,2026-10-06 18:56:13,2026-10-06 18:56:13
3183,7663394475074650130,7663394475074650130,,tc+zhan+5-2,,亿帆湘匯-TT,5,122,7月16日,,2026-10-06 18:56:13,,,,2026-10-06 18:56:13,2026-10-06 18:56:13
3184,7663394682157449234,7663394682157449234,,tc+zhan+5-3,,亿帆湘匯-TT,5,122,7月16日,,2026-10-06 18:56:13,,,,2026-10-06 18:56:13,2026-10-06 18:56:13
3185,7663394560738181127,7663394560738181127,,tc+zhan+5-4,,亿帆湘匯-TT,5,122,7月16日,,2026-10-06 18:56:13,,,,2026-10-06 18:56:13,2026-10-06 18:56:13
3186,7663394485071380498,7663394485071380498,,tc+zhan+5-5,,亿帆湘匯-TT,5,122,7月16日,,2026-10-06 18:56:13,,,,2026-10-06 18:56:13,2026-10-06 18:56:13
3187,7663392341394374664,7663392341394374664,,td+5-tiktoc-1,,亿帆湘匯-TT,5,122,7月16日,,2026-10-06 18:56:13,,,,2026-10-06 18:56:13,2026-10-06 18:56:13
3188,7663392630277177352,7663392630277177352,,td+5-tiktoc-2,,亿帆湘匯-TT,5,122,7月16日,,2026-10-06 18:56:13,,,,2026-10-06 18:56:13,2026-10-06 18:56:13
3189,7663392450874474503,7663392450874474503,,td+5-tiktoc-3,,亿帆湘匯-TT,5,122,7月16日,,2026-10-06 18:56:13,,,,2026-10-06 18:56:13,2026-10-06 18:56:13
3190,7663392606197481479,7663392606197481479,,td+5-tiktoc-4,,亿帆湘匯-TT,5,122,7月16日,,2026-10-06 18:56:13,,,,2026-10-06 18:56:13,2026-10-06 18:56:13
3191,7663392749294665735,7663392749294665735,,td+5-tiktoc-5,,亿帆湘匯-TT,5,122,7月16日,,2026-10-06 18:56:13,,,,2026-10-06 18:56:13,2026-10-06 18:56:13
3192,7663392935462846471,7663392935462846471,,new+tk+5-1,,亿帆湘匯-TT,5,122,7月16日,,2026-10-06 18:56:13,,,,2026-10-06 18:56:13,2026-10-06 18:56:13
3193,7663392773967298567,7663392773967298567,,new+tk+5-2,,亿帆湘匯-TT,5,122,7月16日,,2026-10-06 18:56:13,,,,2026-10-06 18:56:13,2026-10-06 18:56:13
3194,7663393029218172936,7663393029218172936,,new+tk+5-3,,亿帆湘匯-TT,5,122,7月16日,,2026-10-06 18:56:13,,,,2026-10-06 18:56:13,2026-10-06 18:56:13
3195,7663392832505430024,7663392832505430024,,new+tk+5-4,,亿帆湘匯-TT,5,122,7月16日,,2026-10-06 18:56:13,,,,2026-10-06 18:56:13,2026-10-06 18:56:13
3196,7663393013250392082,7663393013250392082,,new+tk+5-5,,亿帆湘匯-TT,5,122,7月16日,,2026-10-06 18:56:13,,,,2026-10-06 18:56:13,2026-10-06 18:56:13
3197,7663389399213375495,7663389399213375495,,sen+5-toc-1,,亿帆湘匯-TT,5,122,7月16日,,2026-10-06 18:56:13,,,,2026-10-06 18:56:13,2026-10-06 18:56:13
3198,7663389061117231122,7663389061117231122,,sen+5-toc-2,,亿帆湘匯-TT,5,122,7月16日,,2026-10-06 18:56:13,,,,2026-10-06 18:56:13,2026-10-06 18:56:13
3199,7663389061117362194,7663389061117362194,,sen+5-toc-3,,亿帆湘匯-TT,5,122,7月16日,,2026-10-06 18:56:13,,,,2026-10-06 18:56:13,2026-10-06 18:56:13
3200,7663388782686765064,7663388782686765064,,sen+5-toc-4,,亿帆湘匯-TT,5,134,7月16日,,2026-10-06 18:56:13,,,2026-10-06 19:47:52,2026-10-06 18:56:13,2026-10-06 18:56:13
3201,7663389408367181842,7663389408367181842,,sen+5-toc-5,,亿帆湘匯-TT,5,134,7月16日,,2026-10-06 18:56:13,,,2026-10-06 19:47:52,2026-10-06 18:56:13,2026-10-06 18:56:13
3202,7663389723638448136,7663389723638448136,,tiktoc+7-shan-1,,亿帆湘匯-TT,7,130,7月16日,,2026-10-06 18:56:13,,,,2026-10-06 18:56:13,2026-10-06 18:56:13
3203,7663389414862274568,7663389414862274568,,tiktoc+7-shan-2,,亿帆湘匯-TT,7,130,7月16日,,2026-10-06 18:56:13,,,,2026-10-06 18:56:13,2026-10-06 18:56:13
3204,7663389146158497810,7663389146158497810,,tiktoc+7-shan-3,,亿帆湘匯-TT,7,130,7月16日,,2026-10-06 18:56:13,,,,2026-10-06 18:56:13,2026-10-06 18:56:13
3205,7663388929726545927,7663388929726545927,,tiktoc+7-shan-4,,亿帆湘匯-TT,7,130,7月16日,,2026-10-06 18:56:13,,,,2026-10-06 18:56:13,2026-10-06 18:56:13
3206,7663389223852228615,7663389223852228615,,tiktoc+7-shan-5,,亿帆湘匯-TT,7,130,7月16日,,2026-10-06 18:56:13,,,,2026-10-06 18:56:13,2026-10-06 18:56:13
3207,7683727691034558484,7683727691034558484,,cheng+tiktoc+7-1,,亿帆湘匯-TT,7,127,9月9日,,2026-10-06 18:56:13,,,,2026-10-06 18:56:13,2026-10-06 18:56:13
3208,7683727366012551189,7683727366012551189,,cheng+tiktoc+7-5,,亿帆湘匯-TT,7,127,9月9日,,2026-10-06 18:56:13,,,,2026-10-06 18:56:13,2026-10-06 18:56:13
3209,7683727364081319957,7683727364081319957,,ji+an+tiktoc+7-2,,亿帆湘匯-TT,7,127,9月9日,,2026-10-06 18:56:13,,,,2026-10-06 18:56:13,2026-10-06 18:56:13
3210,7683727301414338581,7683727301414338581,,tk+ck+7-1,,亿帆湘匯-TT,7,127,9月9日,,2026-10-06 18:56:13,,,,2026-10-06 18:56:13,2026-10-06 18:56:13
3211,7683727564216696852,7683727564216696852,,tk+ck+7-2,,亿帆湘匯-TT,7,127,9月9日,,2026-10-06 18:56:13,,,,2026-10-06 18:56:13,2026-10-06 18:56:13
3212,7683727496562425876,7683727496562425876,,tk+ck+7-5,,亿帆湘匯-TT,7,122,9月9日,,2026-10-06 18:56:13,,,,2026-10-06 18:56:13,2026-10-06 18:56:13
3213,7683727691034656788,7683727691034656788,,Jakarta-tk+7-hk-4,,亿帆湘匯-TT,7,122,9月9日,,2026-10-06 18:56:13,,,,2026-10-06 18:56:13,2026-10-06 18:56:13
3214,7685693373847453717,7685693373847453717,,Pakistan+5-hk-1,,钛动湘匯-TT,5,125,9月14日,,2026-10-06 18:56:13,,,,2026-10-06 18:56:13,2026-10-06 18:56:13
3215,7685692919801020424,7685692919801020424,,Pakistan+5-hk-2,,钛动湘匯-TT,5,122,9月14日,,2026-10-06 18:56:13,,,,2026-10-06 18:56:13,2026-10-06 18:56:13
3216,7685691949844070408,7685691949844070408,,Pakistan+5-hk-3,,钛动湘匯-TT,5,122,9月14日,,2026-10-06 18:56:13,,,,2026-10-06 18:56:13,2026-10-06 18:56:13
3217,7685693084818161672,7685693084818161672,,Pakistan+5-hk-4,,钛动湘匯-TT,5,125,9月14日,,2026-10-06 18:56:13,,,,2026-10-06 18:56:13,2026-10-06 18:56:13
3218,7685692769633075218,7685692769633075218,,Pakistan+5-hk-5,,钛动湘匯-TT,5,122,9月14日,,2026-10-06 18:56:13,,,,2026-10-06 18:56:13,2026-10-06 18:56:13
3219,7685692829478977543,7685692829478977543,,香港湧現-bjst+5-1,,钛动湘匯-TT,5,125,9月14日,,2026-10-06 18:56:13,,,,2026-10-06 18:56:13,2026-10-06 18:56:13
3220,7685693112408260629,7685693112408260629,,香港湧現-bjst+5-2,,钛动湘匯-TT,5,122,9月14日,,2026-10-06 18:56:13,,,,2026-10-06 18:56:13,2026-10-06 18:56:13
3221,7685692747805966344,7685692747805966344,,香港湧現-bjst+5-3,,钛动湘匯-TT,5,122,9月14日,,2026-10-06 18:56:13,,,,2026-10-06 18:56:13,2026-10-06 18:56:13
3222,7685693064085979157,7685693064085979157,,香港湧現-bjst+5-4,,钛动湘匯-TT,5,125,9月14日,,2026-10-06 18:56:13,,,,2026-10-06 18:56:13,2026-10-06 18:56:13
3223,7685693211412103186,7685693211412103186,,香港湧現-bjst+5-5,,钛动湘匯-TT,5,122,9月14日,,2026-10-06 18:56:13,,,,2026-10-06 18:56:13,2026-10-06 18:56:13
3224,7685693589661351957,7685693589661351957,,萬鼎-TikTok+5-1,,钛动湘匯-TT,5,125,9月14日,,2026-10-06 18:56:13,,,,2026-10-06 18:56:13,2026-10-06 18:56:13
3225,7685693636521574418,7685693636521574418,,萬鼎-TikTok+5-2,,钛动湘匯-TT,5,122,9月14日,,2026-10-06 18:56:13,,,,2026-10-06 18:56:13,2026-10-06 18:56:13
3226,7685693137470963733,7685693137470963733,,萬鼎-TikTok+5-3,,钛动湘匯-TT,5,122,9月14日,,2026-10-06 18:56:13,,,,2026-10-06 18:56:13,2026-10-06 18:56:13
3227,7685693275803418642,7685693275803418642,,萬鼎-TikTok+5-4,,钛动湘匯-TT,5,125,9月14日,,2026-10-06 18:56:13,,,,2026-10-06 18:56:13,2026-10-06 18:56:13
3228,7685693592913625106,7685693592913625106,,萬鼎-TikTok+5-5,,钛动湘匯-TT,5,122,9月14日,,2026-10-06 18:56:13,,,,2026-10-06 18:56:13,2026-10-06 18:56:13
3229,7685757478274449416,7685757478274449416,,詩諾-TIKTOK+5-1,,钛动湘匯-TT,5,125,9月14日,,2026-10-06 18:56:13,,,,2026-10-06 18:56:13,2026-10-06 18:56:13
3230,7685758120571715591,7685758120571715591,,詩諾-TIKTOK+5-2,,钛动湘匯-TT,5,122,9月14日,,2026-10-06 18:56:13,,,,2026-10-06 18:56:13,2026-10-06 18:56:13
3231,7685757139601358855,7685757139601358855,,詩諾-TIKTOK+5-3,,钛动湘匯-TT,5,122,9月14日,,2026-10-06 18:56:13,,,,2026-10-06 18:56:13,2026-10-06 18:56:13
3232,7685757138611699720,7685757138611699720,,詩諾-TIKTOK+5-4,,钛动湘匯-TT,5,125,9月14日,,2026-10-06 18:56:13,,,,2026-10-06 18:56:13,2026-10-06 18:56:13
3233,7685757772050251784,7685757772050251784,,詩諾-TIKTOK+5-5,,钛动湘匯-TT,5,122,9月14日,,2026-10-06 18:56:13,,,,2026-10-06 18:56:13,2026-10-06 18:56:13
3234,7686013198000570386,7686013198000570386,,宜利- Karachi+5-1,,钛动湘匯-TT,5,125,9月14日,,2026-10-06 18:56:13,,,,2026-10-06 18:56:13,2026-10-06 18:56:13
3235,7686013137545445384,7686013137545445384,,宜利- Karachi+5-2,,钛动湘匯-TT,5,122,9月14日,,2026-10-06 18:56:13,,,,2026-10-06 18:56:13,2026-10-06 18:56:13
3236,7686013131855970322,7686013131855970322,,宜利- Karachi+5-3,,钛动湘匯-TT,5,125,9月14日,,2026-10-06 18:56:13,,,,2026-10-06 18:56:13,2026-10-06 18:56:13
3237,7686013034212655122,7686013034212655122,,宜利- Karachi+5-4,,钛动湘匯-TT,5,122,9月14日,,2026-10-06 18:56:13,,,,2026-10-06 18:56:13,2026-10-06 18:56:13
3238,7686013400943165448,7686013400943165448,,宜利- Karachi+5-5,,钛动湘匯-TT,5,122,9月14日,,2026-10-06 18:56:13,,,,2026-10-06 18:56:13,2026-10-06 18:56:13
3239,7686039798850764807,7686039798850764807,,海鯉-hk+5+1,,钛动湘匯-TT,5,122,9月14日,,2026-10-06 18:56:13,,,,2026-10-06 18:56:13,2026-10-06 18:56:13
3240,7686039746738061330,7686039746738061330,,海鯉-hk+5+2,,钛动湘匯-TT,5,122,9月14日,,2026-10-06 18:56:13,,,,2026-10-06 18:56:13,2026-10-06 18:56:13
3241,7686039787598872584,7686039787598872584,,海鯉-hk+5+3,,钛动湘匯-TT,5,122,9月14日,,2026-10-06 18:56:13,,,,2026-10-06 18:56:13,2026-10-06 18:56:13
3242,7686039780232249365,7686039780232249365,,海鯉-hk+5+4,,钛动湘匯-TT,5,122,9月14日,,2026-10-06 18:56:13,,,,2026-10-06 18:56:13,2026-10-06 18:56:13
3243,7686039931868856328,7686039931868856328,,海鯉-hk+5+5,,钛动湘匯-TT,5,122,9月14日,,2026-10-06 18:56:13,,,,2026-10-06 18:56:13,2026-10-06 18:56:13
3244,7686014383060484114,7686014383060484114,,鼎橋-tk+7-1,,钛动湘匯-TT,7,121,9月14日,,2026-10-06 18:56:13,,,,2026-10-06 18:56:13,2026-10-06 18:56:13
3245,7686014827220303890,7686014827220303890,,鼎橋-tk+7-2,,钛动湘匯-TT,7,122,9月14日,,2026-10-06 18:56:13,,,,2026-10-06 18:56:13,2026-10-06 18:56:13
3246,7686013968019963912,7686013968019963912,,鼎橋-tk+7-3,,钛动湘匯-TT,7,122,9月14日,,2026-10-06 18:56:13,,,,2026-10-06 18:56:13,2026-10-06 18:56:13
3247,7686014748562849800,7686014748562849800,,鼎橋-tk+7-4,,钛动湘匯-TT,7,122,9月14日,,2026-10-06 18:56:13,,,,2026-10-06 18:56:13,2026-10-06 18:56:13
3248,7686014297610272775,7686014297610272775,,鼎橋-tk+7-5,,钛动湘匯-TT,7,122,9月14日,,2026-10-06 18:56:13,,,,2026-10-06 18:56:13,2026-10-06 18:56:13
3249,7686014962166562836,7686014962166562836,,豪仁-tiktok+7-1,,钛动湘匯-TT,7,121,9月14日,,2026-10-06 18:56:13,,,,2026-10-06 18:56:13,2026-10-06 18:56:13
3250,7686014500193058824,7686014500193058824,,豪仁-tiktok+7-2,,钛动湘匯-TT,7,122,9月14日,,2026-10-06 18:56:13,,,,2026-10-06 18:56:13,2026-10-06 18:56:13
3251,7686014514852134920,7686014514852134920,,豪仁-tiktok+7-3,,钛动湘匯-TT,7,122,9月14日,,2026-10-06 18:56:13,,,,2026-10-06 18:56:13,2026-10-06 18:56:13
3252,7686014008029315080,7686014008029315080,,豪仁-tiktok+7-4,,钛动湘匯-TT,7,122,9月14日,,2026-10-06 18:56:13,,,,2026-10-06 18:56:13,2026-10-06 18:56:13
3253,7686014586562052114,7686014586562052114,,豪仁-tiktok+7-5,,钛动湘匯-TT,7,122,9月14日,,2026-10-06 18:56:13,,,,2026-10-06 18:56:13,2026-10-06 18:56:13
3254,7686014434694971410,7686014434694971410,,榮智-tk+7-1,,钛动湘匯-TT,7,121,9月14日,,2026-10-06 18:56:13,,,,2026-10-06 18:56:13,2026-10-06 18:56:13
3255,7686014839637966855,7686014839637966855,,榮智-tk+7-2,,钛动湘匯-TT,7,122,9月14日,,2026-10-06 18:56:13,,,,2026-10-06 18:56:13,2026-10-06 18:56:13
3256,7686015042965340168,7686015042965340168,,榮智-tk+7-3,,钛动湘匯-TT,7,122,9月14日,,2026-10-06 18:56:13,,,,2026-10-06 18:56:13,2026-10-06 18:56:13
3257,7686014586562117650,7686014586562117650,,榮智-tk+7-4,,钛动湘匯-TT,7,122,9月14日,,2026-10-06 18:56:13,,,,2026-10-06 18:56:13,2026-10-06 18:56:13
3258,7686014845313466386,7686014845313466386,,榮智-tk+7-5,,钛动湘匯-TT,7,122,9月14日,,2026-10-06 18:56:13,,,,2026-10-06 18:56:13,2026-10-06 18:56:13
3259,7686014853719162887,7686014853719162887,,光耀-Yinni+7-1,,钛动湘匯-TT,7,121,9月14日,,2026-10-06 18:56:13,,,,2026-10-06 18:56:13,2026-10-06 18:56:13
3260,7686015417457885202,7686015417457885202,,光耀-Yinni+7-2,,钛动湘匯-TT,7,122,9月14日,,2026-10-06 18:56:13,,,,2026-10-06 18:56:13,2026-10-06 18:56:13
3261,7686015276705480711,7686015276705480711,,光耀-Yinni+7-3,,钛动湘匯-TT,7,122,9月14日,,2026-10-06 18:56:13,,,,2026-10-06 18:56:13,2026-10-06 18:56:13
3262,7686015395274260488,7686015395274260488,,光耀-Yinni+7-4,,钛动湘匯-TT,7,122,9月14日,,2026-10-06 18:56:13,,,,2026-10-06 18:56:13,2026-10-06 18:56:13
3263,7686015330678194184,7686015330678194184,,光耀-Yinni+7-5,,钛动湘匯-TT,7,122,9月14日,,2026-10-06 18:56:13,,,,2026-10-06 18:56:13,2026-10-06 18:56:13
3264,7686016350740856839,7686016350740856839,,tiktoc+7-天下-1,,钛动湘匯-TT,7,121,9月14日,,2026-10-06 18:56:13,,,,2026-10-06 18:56:13,2026-10-06 18:56:13
3265,7686016421118771208,7686016421118771208,,tiktoc+7-天下-2,,钛动湘匯-TT,7,122,9月14日,,2026-10-06 18:56:13,,,,2026-10-06 18:56:13,2026-10-06 18:56:13
3266,7686016391476117522,7686016391476117522,,tiktoc+7-天下-3,,钛动湘匯-TT,7,122,9月14日,,2026-10-06 18:56:13,,,,2026-10-06 18:56:13,2026-10-06 18:56:13
3267,7686016242364350472,7686016242364350472,,tiktoc+7-天下-4,,钛动湘匯-TT,7,122,9月14日,,2026-10-06 18:56:13,,,,2026-10-06 18:56:13,2026-10-06 18:56:13
3268,7686016592223141908,7686016592223141908,,tiktoc+7-天下-5,,钛动湘匯-TT,7,122,9月14日,,2026-10-06 18:56:13,,,,2026-10-06 18:56:13,2026-10-06 18:56:13
3269,7686061741714620424,7686061741714620424,,食府+tk+7-1,,钛动湘匯-TT,7,122,9月14日,,2026-10-06 18:56:13,,,,2026-10-06 18:56:13,2026-10-06 18:56:13
3270,7686061782447816712,7686061782447816712,,食府+tk+7-2,,钛动湘匯-TT,7,122,9月14日,,2026-10-06 18:56:13,,,,2026-10-06 18:56:13,2026-10-06 18:56:13
3271,7686062297793462292,7686062297793462292,,食府+tk+7-3,,钛动湘匯-TT,7,122,9月14日,,2026-10-06 18:56:13,,,,2026-10-06 18:56:13,2026-10-06 18:56:13
3272,7686061795294969863,7686061795294969863,,食府+tk+7-4,,钛动湘匯-TT,7,122,9月14日,,2026-10-06 18:56:13,,,,2026-10-06 18:56:13,2026-10-06 18:56:13
3273,7686061741714784264,7686061741714784264,,食府+tk+7-5,,钛动湘匯-TT,7,122,9月14日,,2026-10-06 18:56:13,,,,2026-10-06 18:56:13,2026-10-06 18:56:13
3274,7686061918776950792,7686061918776950792,,海州+tiktoc-3-1,,钛动湘匯-TT,-3,125,9月14日,,2026-10-06 18:56:13,,,,2026-10-06 18:56:13,2026-10-06 18:56:13
3275,7686062200986435602,7686062200986435602,,海州+tiktoc-3-2,,钛动湘匯-TT,-3,125,9月14日,,2026-10-06 18:56:13,,,,2026-10-06 18:56:13,2026-10-06 18:56:13
3276,7686061782447980552,7686061782447980552,,海州+tiktoc-3-3,,钛动湘匯-TT,-3,125,9月14日,,2026-10-06 18:56:13,,,,2026-10-06 18:56:13,2026-10-06 18:56:13
3277,7686062022673924104,7686062022673924104,,海州+tiktoc-3-4,,钛动湘匯-TT,-3,125,9月14日,,2026-10-06 18:56:13,,,,2026-10-06 18:56:13,2026-10-06 18:56:13
3278,7686062048492683271,7686062048492683271,,海州+tiktoc-3-5,,钛动湘匯-TT,-3,125,9月14日,,2026-10-06 18:56:13,,,,2026-10-06 18:56:13,2026-10-06 18:56:13
3279,7686069119841550343,7686069119841550343,,tk+huanqiu6-3-1,,钛动湘匯-TT,-3,125,9月14日,,2026-10-06 18:56:13,,,,2026-10-06 18:56:13,2026-10-06 18:56:13
3280,7686069112719785991,7686069112719785991,,tk+huanqiu6-3-2,,钛动湘匯-TT,-3,125,9月14日,,2026-10-06 18:56:13,,,,2026-10-06 18:56:13,2026-10-06 18:56:13
3281,7686069505761411090,7686069505761411090,,tk+huanqiu6-3-3,,钛动湘匯-TT,-3,125,9月14日,,2026-10-06 18:56:13,,,,2026-10-06 18:56:13,2026-10-06 18:56:13
3282,7686069755614183432,7686069755614183432,,tk+huanqiu6-3-4,,钛动湘匯-TT,-3,125,9月14日,,2026-10-06 18:56:13,,,,2026-10-06 18:56:13,2026-10-06 18:56:13
3283,7686069370958888978,7686069370958888978,,tk+huanqiu6-3-5,,钛动湘匯-TT,-3,125,9月14日,,2026-10-06 18:56:13,,,,2026-10-06 18:56:13,2026-10-06 18:56:13
3284,7686069398261121032,7686069398261121032,,thunder-lw-3-hk-1,,钛动湘匯-TT,-3,125,9月14日,,2026-10-06 18:56:13,,,,2026-10-06 18:56:13,2026-10-06 18:56:13
3285,7686069400262066184,7686069400262066184,,thunder-lw-3-hk-2,,钛动湘匯-TT,-3,125,9月14日,,2026-10-06 18:56:13,,,,2026-10-06 18:56:13,2026-10-06 18:56:13
3286,7686069569696759816,7686069569696759816,,thunder-lw-3-hk-3,,钛动湘匯-TT,-3,125,9月14日,,2026-10-06 18:56:13,,,,2026-10-06 18:56:13,2026-10-06 18:56:13
3287,7686069755614347272,7686069755614347272,,thunder-lw-3-hk-4,,钛动湘匯-TT,-3,125,9月14日,,2026-10-06 18:56:13,,,,2026-10-06 18:56:13,2026-10-06 18:56:13
3288,7686069398261317640,7686069398261317640,,thunder-lw-3-hk-5,,钛动湘匯-TT,-3,125,9月14日,,2026-10-06 18:56:13,,,,2026-10-06 18:56:13,2026-10-06 18:56:13
3289,7686069577440034824,7686069577440034824,,hongkong-ljkj-liaojie-3-1,,钛动湘匯-TT,-3,125,9月14日,,2026-10-06 18:56:13,,,,2026-10-06 18:56:13,2026-10-06 18:56:13
3290,7686069738337959957,7686069738337959957,,hongkong-ljkj-liaojie-3-2,,钛动湘匯-TT,-3,125,9月14日,,2026-10-06 18:56:13,,,,2026-10-06 18:56:13,2026-10-06 18:56:13
3291,7686068983415177224,7686068983415177224,,hongkong-ljkj-liaojie-3-3,,钛动湘匯-TT,-3,125,9月14日,,2026-10-06 18:56:13,,,,2026-10-06 18:56:13,2026-10-06 18:56:13
3292,7686068704142016519,7686068704142016519,,hongkong-ljkj-liaojie-3-4,,钛动湘匯-TT,-3,125,9月14日,,2026-10-06 18:56:13,,,,2026-10-06 18:56:13,2026-10-06 18:56:13
3293,7686069830935527432,7686069830935527432,,hongkong-ljkj-liaojie-3-5,,钛动湘匯-TT,-3,125,9月14日,,2026-10-06 18:56:13,,,,2026-10-06 18:56:13,2026-10-06 18:56:13
3294,7687805555492995080,7687805555492995080,,YL004S-LH225信釩-维乾-+7-10,,原力-TT,7,125,9月21日,,2026-10-06 18:56:13,,,,2026-10-06 18:56:13,2026-10-06 18:56:13
3295,7687805261375455240,7687805261375455240,,YL004S-LH225信釩-维乾-+7-9,,原力-TT,7,125,9月21日,,2026-10-06 18:56:13,,,,2026-10-06 18:56:13,2026-10-06 18:56:13
3296,7687805653459206151,7687805653459206151,,YL004S-LH225信釩-维乾-+7-8,,原力-TT,7,125,9月21日,,2026-10-06 18:56:13,,,,2026-10-06 18:56:13,2026-10-06 18:56:13
3297,7687804995089121298,7687804995089121298,,YL004S-LH225信釩-维乾-+7-7,,原力-TT,7,125,9月21日,,2026-10-06 18:56:13,,,,2026-10-06 18:56:13,2026-10-06 18:56:13
3298,7687805047018864658,7687805047018864658,,YL004S-LH225信釩-维乾-+7-6,,原力-TT,7,125,9月21日,,2026-10-06 18:56:13,,,,2026-10-06 18:56:13,2026-10-06 18:56:13
3299,7687804359666892807,7687804359666892807,,YL004S-LH225信釩-维乾-+7-5,,原力-TT,7,125,9月21日,,2026-10-06 18:56:13,,,,2026-10-06 18:56:13,2026-10-06 18:56:13
3300,7687804868180410376,7687804868180410376,,YL004S-LH225信釩-维乾-+7-4,,原力-TT,7,125,9月21日,,2026-10-06 18:56:13,,,,2026-10-06 18:56:13,2026-10-06 18:56:13
3301,7687804422348652562,7687804422348652562,,YL004S-LH225信釩-维乾-+7-3,,原力-TT,7,125,9月21日,,2026-10-06 18:56:13,,,,2026-10-06 18:56:13,2026-10-06 18:56:13
3302,7687804684725534738,7687804684725534738,,YL004S-LH225信釩-维乾-+7-2,,原力-TT,7,125,9月21日,,2026-10-06 18:56:13,,,,2026-10-06 18:56:13,2026-10-06 18:56:13
3303,7687804767190269959,7687804767190269959,,YL004S-LH225信釩-维乾-+7-1,,原力-TT,7,125,9月21日,,2026-10-06 18:56:13,,,,2026-10-06 18:56:13,2026-10-06 18:56:13
3304,7687805027903389714,7687805027903389714,,YL004S-LH225信釩-雪頌-+7-10,,原力-TT,7,125,9月21日,,2026-10-06 18:56:13,,,,2026-10-06 18:56:13,2026-10-06 18:56:13
3305,7687805383859060757,7687805383859060757,,YL004S-LH225信釩-雪頌-+7-9,,原力-TT,7,125,9月21日,,2026-10-06 18:56:13,,,,2026-10-06 18:56:13,2026-10-06 18:56:13
3306,7687804582869286919,7687804582869286919,,YL004S-LH225信釩-雪頌-+7-8,,原力-TT,7,125,9月21日,,2026-10-06 18:56:13,,,,2026-10-06 18:56:13,2026-10-06 18:56:13
3307,7687805065847062549,7687805065847062549,,YL004S-LH225信釩-雪頌-+7-7,,原力-TT,7,125,9月21日,,2026-10-06 18:56:13,,,,2026-10-06 18:56:13,2026-10-06 18:56:13
3308,7687804488342372360,7687804488342372360,,YL004S-LH225信釩-雪頌-+7-6,,原力-TT,7,122,9月21日,,2026-10-06 18:56:13,,,,2026-10-06 18:56:13,2026-10-06 18:56:13
3309,7687804938428301332,7687804938428301332,,YL004S-LH225信釩-雪頌-+7-5,,原力-TT,7,122,9月21日,,2026-10-06 18:56:13,,,,2026-10-06 18:56:13,2026-10-06 18:56:13
3310,7687804660658585607,7687804660658585607,,YL004S-LH225信釩-雪頌-+7-4,,原力-TT,7,122,9月21日,,2026-10-06 18:56:13,,,,2026-10-06 18:56:13,2026-10-06 18:56:13
3311,7687803940406919176,7687803940406919176,,YL004S-LH225信釩-雪頌-+7-3,,原力-TT,7,122,9月21日,,2026-10-06 18:56:13,,,,2026-10-06 18:56:13,2026-10-06 18:56:13
3312,7687804654987771922,7687804654987771922,,YL004S-LH225信釩-雪頌-+7-2,,原力-TT,7,122,9月21日,,2026-10-06 18:56:13,,,,2026-10-06 18:56:13,2026-10-06 18:56:13
3313,7687804956696018952,7687804956696018952,,YL004S-LH225信釩-雪頌-+7-1,,原力-TT,7,122,9月21日,,2026-10-06 18:56:13,,,,2026-10-06 18:56:13,2026-10-06 18:56:13
3314,7687804655105523720,7687804655105523720,,YL004S-LH225信釩-順愷-+7-10,,原力-TT,7,122,9月21日,,2026-10-06 18:56:13,,,,2026-10-06 18:56:13,2026-10-06 18:56:13
3315,7687804469968191506,7687804469968191506,,YL004S-LH225信釩-順愷-+7-9,,原力-TT,7,122,9月21日,,2026-10-06 18:56:13,,,,2026-10-06 18:56:13,2026-10-06 18:56:13
3316,7687804681082650632,7687804681082650632,,YL004S-LH225信釩-順愷-+7-8,,原力-TT,7,122,9月21日,,2026-10-06 18:56:13,,,,2026-10-06 18:56:13,2026-10-06 18:56:13
3317,7687804708310777864,7687804708310777864,,YL004S-LH225信釩-順愷-+7-7,,原力-TT,7,122,9月21日,,2026-10-06 18:56:13,,,,2026-10-06 18:56:13,2026-10-06 18:56:13
3318,7687804383182520328,7687804383182520328,,YL004S-LH225信釩-順愷-+7-6,,原力-TT,7,122,9月21日,,2026-10-06 18:56:13,,,,2026-10-06 18:56:13,2026-10-06 18:56:13
3319,7687804503916347410,7687804503916347410,,YL004S-LH225信釩-順愷-+7-5,,原力-TT,7,122,9月21日,,2026-10-06 18:56:13,,,,2026-10-06 18:56:13,2026-10-06 18:56:13
3320,7687804395782914056,7687804395782914056,,YL004S-LH225信釩-順愷-+7-4,,原力-TT,7,122,9月21日,,2026-10-06 18:56:13,,,,2026-10-06 18:56:13,2026-10-06 18:56:13
3321,7687804189306667026,7687804189306667026,,YL004S-LH225信釩-順愷-+7-3,,原力-TT,7,122,9月21日,,2026-10-06 18:56:13,,,,2026-10-06 18:56:13,2026-10-06 18:56:13
3322,7687804579711057938,7687804579711057938,,YL004S-LH225信釩-順愷-+7-2,,原力-TT,7,127,9月21日,,2026-10-06 18:56:13,,,,2026-10-06 18:56:13,2026-10-06 18:56:13
3323,7687804656522919944,7687804656522919944,,YL004S-LH225信釩-順愷-+7-1,,原力-TT,7,127,9月21日,,2026-10-06 18:56:13,,,,2026-10-06 18:56:13,2026-10-06 18:56:13
3324,7687803686172721160,7687803686172721160,,YL004S-LH225信釩-培越-+7-10,,原力-TT,7,127,9月21日,,2026-10-06 18:56:13,,,,2026-10-06 18:56:13,2026-10-06 18:56:13
3325,7687804223769018375,7687804223769018375,,YL004S-LH225信釩-培越-+7-9,,原力-TT,7,127,9月21日,,2026-10-06 18:56:13,,,,2026-10-06 18:56:13,2026-10-06 18:56:13
3326,7687804575608340500,7687804575608340500,,YL004S-LH225信釩-培越-+7-8,,原力-TT,7,127,9月21日,,2026-10-06 18:56:13,,,,2026-10-06 18:56:13,2026-10-06 18:56:13
3327,7687804503466901511,7687804503466901511,,YL004S-LH225信釩-培越-+7-7,,原力-TT,7,127,9月21日,,2026-10-06 18:56:13,,,,2026-10-06 18:56:13,2026-10-06 18:56:13
3328,7687804105603842066,7687804105603842066,,YL004S-LH225信釩-培越-+7-6,,原力-TT,7,127,9月21日,,2026-10-06 18:56:13,,,,2026-10-06 18:56:13,2026-10-06 18:56:13
3329,7687803973593743367,7687803973593743367,,YL004S-LH225信釩-培越-+7-5,,原力-TT,7,127,9月21日,,2026-10-06 18:56:13,,,,2026-10-06 18:56:13,2026-10-06 18:56:13
3330,7687804426382065672,7687804426382065672,,YL004S-LH225信釩-培越-+7-4,,原力-TT,7,127,9月21日,,2026-10-06 18:56:13,,,,2026-10-06 18:56:13,2026-10-06 18:56:13
3331,7687803940406706184,7687803940406706184,,YL004S-LH225信釩-培越-+7-3,,原力-TT,7,127,9月21日,,2026-10-06 18:56:13,,,,2026-10-06 18:56:13,2026-10-06 18:56:13
3332,7687804037424693255,7687804037424693255,,YL004S-LH225信釩-培越-+7-2,,原力-TT,7,127,9月21日,,2026-10-06 18:56:13,,,,2026-10-06 18:56:13,2026-10-06 18:56:13
3333,7687803915531845650,7687803915531845650,,YL004S-LH225信釩-培越-+7-1,,原力-TT,7,127,9月21日,,2026-10-06 18:56:13,,,,2026-10-06 18:56:13,2026-10-06 18:56:13
3334,7687804189306519570,7687804189306519570,,YL004S-LH225信釩-天諾-+7-10,,原力-TT,7,127,9月21日,,2026-10-06 18:56:13,,,,2026-10-06 18:56:13,2026-10-06 18:56:13
3335,7687804159256625160,7687804159256625160,,YL004S-LH225信釩-天諾-+7-9,,原力-TT,7,124,9月21日,,2026-10-06 18:56:13,,,,2026-10-06 18:56:13,2026-10-06 18:56:13
3336,7687804060867756039,7687804060867756039,,YL004S-LH225信釩-天諾-+7-8,,原力-TT,7,124,9月21日,,2026-10-06 18:56:13,,,,2026-10-06 18:56:13,2026-10-06 18:56:13
3337,7687804381967302664,7687804381967302664,,YL004S-LH225信釩-天諾-+7-7,,原力-TT,7,124,9月21日,,2026-10-06 18:56:13,,,,2026-10-06 18:56:13,2026-10-06 18:56:13
3338,7687804169384280082,7687804169384280082,,YL004S-LH225信釩-天諾-+7-6,,原力-TT,7,124,9月21日,,2026-10-06 18:56:13,,,,2026-10-06 18:56:13,2026-10-06 18:56:13
3339,7687803908055760904,7687803908055760904,,YL004S-LH225信釩-天諾-+7-5,,原力-TT,7,124,9月21日,,2026-10-06 18:56:13,,,,2026-10-06 18:56:13,2026-10-06 18:56:13
3340,7687804089770246162,7687804089770246162,,YL004S-LH225信釩-天諾-+7-4,,原力-TT,7,124,9月21日,,2026-10-06 18:56:13,,,,2026-10-06 18:56:13,2026-10-06 18:56:13
3341,7687804060867608583,7687804060867608583,,YL004S-LH225信釩-天諾-+7-3,,原力-TT,7,124,9月21日,,2026-10-06 18:56:13,,,,2026-10-06 18:56:13,2026-10-06 18:56:13
3342,7687803307343839239,7687803307343839239,,YL004S-LH225信釩-天諾-+7-2,,原力-TT,7,124,9月21日,,2026-10-06 18:56:13,,,,2026-10-06 18:56:13,2026-10-06 18:56:13
3343,7687803449382715400,7687803449382715400,,YL004S-LH225信釩-天諾-+7-1,,原力-TT,7,124,9月21日,,2026-10-06 18:56:13,,,,2026-10-06 18:56:13,2026-10-06 18:56:13
3344,7687804086326820882,7687804086326820882,,YL004S-LH225信釩-柏霖-+7-10,,原力-TT,7,124,9月21日,,2026-10-06 18:56:13,,,,2026-10-06 18:56:13,2026-10-06 18:56:13
3345,7687804219471560712,7687804219471560712,,YL004S-LH225信釩-柏霖-+7-9,,原力-TT,7,124,9月21日,,2026-10-06 18:56:13,,,,2026-10-06 18:56:13,2026-10-06 18:56:13
3346,7687804274910953490,7687804274910953490,,YL004S-LH225信釩-柏霖-+7-8,,原力-TT,7,124,9月21日,,2026-10-06 18:56:13,,,,2026-10-06 18:56:13,2026-10-06 18:56:13
3347,7687803523390472210,7687803523390472210,,YL004S-LH225信釩-柏霖-+7-7,,原力-TT,7,124,9月21日,,2026-10-06 18:56:13,,,,2026-10-06 18:56:13,2026-10-06 18:56:13
3348,7687803538682314760,7687803538682314760,,YL004S-LH225信釩-柏霖-+7-6,,原力-TT,7,132,9月21日,,2026-10-06 18:56:13,,,,2026-10-06 18:56:13,2026-10-06 18:56:13
3349,7687804133049335815,7687804133049335815,,YL004S-LH225信釩-柏霖-+7-5,,原力-TT,7,132,9月21日,,2026-10-06 18:56:13,,,,2026-10-06 18:56:13,2026-10-06 18:56:13
3350,7687803647409225746,7687803647409225746,,YL004S-LH225信釩-柏霖-+7-4,,原力-TT,7,132,9月21日,,2026-10-06 18:56:13,,,,2026-10-06 18:56:13,2026-10-06 18:56:13
3351,7687803596237783048,7687803596237783048,,YL004S-LH225信釩-柏霖-+7-3,,原力-TT,7,132,9月21日,,2026-10-06 18:56:13,,,,2026-10-06 18:56:13,2026-10-06 18:56:13
3352,7687803809553088520,7687803809553088520,,YL004S-LH225信釩-柏霖-+7-2,,原力-TT,7,132,9月21日,,2026-10-06 18:56:13,,,,2026-10-06 18:56:13,2026-10-06 18:56:13
3353,7687803852884557832,7687803852884557832,,YL004S-LH225信釩-柏霖-+7-1,,原力-TT,7,132,9月21日,,2026-10-06 18:56:13,,,,2026-10-06 18:56:13,2026-10-06 18:56:13
3354,7687526564033347591,7687526564033347591,,YL004S-LH225信釩-明琛-+7-10,,原力-TT,7,132,9月21日,,2026-10-06 18:56:13,,,,2026-10-06 18:56:13,2026-10-06 18:56:13
3355,7687526248526430226,7687526248526430226,,YL004S-LH225信釩-明琛-+7-9,,原力-TT,7,132,9月21日,,2026-10-06 18:56:13,,,,2026-10-06 18:56:13,2026-10-06 18:56:13
3356,7687526504825995271,7687526504825995271,,YL004S-LH225信釩-明琛-+7-8,,原力-TT,7,132,9月21日,,2026-10-06 18:56:13,,,,2026-10-06 18:56:13,2026-10-06 18:56:13
3357,7687526645028290580,7687526645028290580,,YL004S-LH225信釩-明琛-+7-7,,原力-TT,7,132,9月21日,,2026-10-06 18:56:13,,,,2026-10-06 18:56:13,2026-10-06 18:56:13
3358,7687526501342150664,7687526501342150664,,YL004S-LH225信釩-明琛-+7-6,,原力-TT,7,132,9月21日,,2026-10-06 18:56:13,,,,2026-10-06 18:56:13,2026-10-06 18:56:13
3359,7687526288818634760,7687526288818634760,,YL004S-LH225信釩-明琛-+7-5,,原力-TT,7,132,9月21日,,2026-10-06 18:56:13,,,,2026-10-06 18:56:13,2026-10-06 18:56:13
3360,7687526248526266386,7687526248526266386,,YL004S-LH225信釩-明琛-+7-4,,原力-TT,7,132,9月21日,,2026-10-06 18:56:13,,,,2026-10-06 18:56:13,2026-10-06 18:56:13
3361,7687526131827179527,7687526131827179527,,YL004S-LH225信釩-明琛-+7-3,,原力-TT,7,130,9月21日,,2026-10-06 18:56:13,,,,2026-10-06 18:56:13,2026-10-06 18:56:13
3362,7687525699805872146,7687525699805872146,,YL004S-LH225信釩-明琛-+7-2,,原力-TT,7,130,9月21日,,2026-10-06 18:56:13,,,,2026-10-06 18:56:13,2026-10-06 18:56:13
3363,7687526116734566418,7687526116734566418,,YL004S-LH225信釩-明琛-+7-1,,原力-TT,7,130,9月21日,,2026-10-06 18:56:13,,,,2026-10-06 18:56:13,2026-10-06 18:56:13
3364,7687522899815350290,7687522899815350290,,YL004S-LH225信釩-信釩-+7-10,,原力-TT,7,130,9月21日,,2026-10-06 18:56:13,,,,2026-10-06 18:56:13,2026-10-06 18:56:13
3365,7687523288776048647,7687523288776048647,,YL004S-LH225信釩-信釩-+7-9,,原力-TT,7,130,9月21日,,2026-10-06 18:56:13,,,,2026-10-06 18:56:13,2026-10-06 18:56:13
3366,7687523204052664328,7687523204052664328,,YL004S-LH225信釩-信釩-+7-8,,原力-TT,7,130,9月21日,,2026-10-06 18:56:13,,,,2026-10-06 18:56:13,2026-10-06 18:56:13
3367,7687523019507040274,7687523019507040274,,YL004S-LH225信釩-信釩-+7-7,,原力-TT,7,130,9月21日,,2026-10-06 18:56:13,,,,2026-10-06 18:56:13,2026-10-06 18:56:13
3368,7687522936773361671,7687522936773361671,,YL004S-LH225信釩-信釩-+7-6,,原力-TT,7,130,9月21日,,2026-10-06 18:56:13,,,,2026-10-06 18:56:13,2026-10-06 18:56:13
3369,7687522785165901842,7687522785165901842,,YL004S-LH225信釩-信釩-+7-5,,原力-TT,7,130,9月21日,,2026-10-06 18:56:13,,,,2026-10-06 18:56:13,2026-10-06 18:56:13
3370,7687522735123300370,7687522735123300370,,YL004S-LH225信釩-信釩-+7-4,,原力-TT,7,130,9月21日,,2026-10-06 18:56:13,,,,2026-10-06 18:56:13,2026-10-06 18:56:13
3371,7687522744459755538,7687522744459755538,,YL004S-LH225信釩-信釩-+7-3,,原力-TT,7,130,9月21日,,2026-10-06 18:56:13,,,,2026-10-06 18:56:13,2026-10-06 18:56:13
3372,7687522947755147272,7687522947755147272,,YL004S-LH225信釩-信釩-+7-2,,原力-TT,7,130,9月21日,,2026-10-06 18:56:13,,,,2026-10-06 18:56:13,2026-10-06 18:56:13
3373,7687522927066169351,7687522927066169351,,YL004S-LH225信釩-信釩-+7-1,,原力-TT,7,130,9月21日,,2026-10-06 18:56:13,,,,2026-10-06 18:56:13,2026-10-06 18:56:13
3374,7687858416561700882,7687858416561700882,,YL004S-LH225信釩-技有-+8-6,,原力-TT,8,125,9月21日,,2026-10-06 18:56:13,,,,2026-10-06 18:56:13,2026-10-06 18:56:13
3375,7687858907540111368,7687858907540111368,,YL004S-LH225信釩-技有-+8-5,,原力-TT,8,125,9月21日,,2026-10-06 18:56:13,,,,2026-10-06 18:56:13,2026-10-06 18:56:13
3376,7687857329890705415,7687857329890705415,,YL004S-LH225信釩-技有-+8-4,,原力-TT,8,125,9月21日,,2026-10-06 18:56:13,,,,2026-10-06 18:56:13,2026-10-06 18:56:13
3377,7687858138732724232,7687858138732724232,,YL004S-LH225信釩-技有-+8-3,,原力-TT,8,125,9月21日,,2026-10-06 18:56:13,,,,2026-10-06 18:56:13,2026-10-06 18:56:13
3378,7687858495135301640,7687858495135301640,,YL004S-LH225信釩-技有-+8-2,,原力-TT,8,125,9月21日,,2026-10-06 18:56:13,,,,2026-10-06 18:56:13,2026-10-06 18:56:13
3379,7687858400421167122,7687858400421167122,,YL004S-LH225信釩-技有-+8-1,,原力-TT,8,125,9月21日,,2026-10-06 18:56:13,,,,2026-10-06 18:56:13,2026-10-06 18:56:13
3380,7687827537286578183,7687827537286578183,,YL004S-LH225信釩-希科-+8-3,,原力-TT,8,125,9月21日,,2026-10-06 18:56:13,,,,2026-10-06 18:56:13,2026-10-06 18:56:13
3381,7687827877844516872,7687827877844516872,,YL004S-LH225信釩-希科-+8-2,,原力-TT,8,125,9月21日,,2026-10-06 18:56:13,,,,2026-10-06 18:56:13,2026-10-06 18:56:13
3382,7687827875455598610,7687827875455598610,,YL004S-LH225信釩-希科-+8-1,,原力-TT,8,125,9月21日,,2026-10-06 18:56:13,,,,2026-10-06 18:56:13,2026-10-06 18:56:13
3383,7687803306383196167,7687803306383196167,,YL004S-LH225信釩-景明-+8-10,,原力-TT,8,125,9月21日,,2026-10-06 18:56:13,,,,2026-10-06 18:56:13,2026-10-06 18:56:13
3384,7687803188637777927,7687803188637777927,,YL004S-LH225信釩-景明-+8-9,,原力-TT,8,125,9月21日,,2026-10-06 18:56:13,,,,2026-10-06 18:56:13,2026-10-06 18:56:13
3385,7687803234732933127,7687803234732933127,,YL004S-LH225信釩-景明-+8-8,,原力-TT,8,125,9月21日,,2026-10-06 18:56:13,,,,2026-10-06 18:56:13,2026-10-06 18:56:13
3386,7687803196501262344,7687803196501262344,,YL004S-LH225信釩-景明-+8-7,,原力-TT,8,125,9月21日,,2026-10-06 18:56:13,,,,2026-10-06 18:56:13,2026-10-06 18:56:13
3387,7687803361360396306,7687803361360396306,,YL004S-LH225信釩-景明-+8-6,,原力-TT,8,125,9月21日,,2026-10-06 18:56:13,,,,2026-10-06 18:56:13,2026-10-06 18:56:13
3388,7687803234732867591,7687803234732867591,,YL004S-LH225信釩-景明-+8-5,,原力-TT,8,125,9月21日,,2026-10-06 18:56:13,,,,2026-10-06 18:56:13,2026-10-06 18:56:13
3389,7687803596011946002,7687803596011946002,,YL004S-LH225信釩-景明-+8-4,,原力-TT,8,125,9月21日,,2026-10-06 18:56:13,,,,2026-10-06 18:56:13,2026-10-06 18:56:13
3390,7687803596237701128,7687803596237701128,,YL004S-LH225信釩-景明-+8-3,,原力-TT,8,125,9月21日,,2026-10-06 18:56:13,,,,2026-10-06 18:56:13,2026-10-06 18:56:13
3391,7687803643629928469,7687803643629928469,,YL004S-LH225信釩-景明-+8-2,,原力-TT,8,125,9月21日,,2026-10-06 18:56:13,,,,2026-10-06 18:56:13,2026-10-06 18:56:13
3392,7687803144189739015,7687803144189739015,,YL004S-LH225信釩-景明-+8-1,,原力-TT,8,125,9月21日,,2026-10-06 18:56:13,,,,2026-10-06 18:56:13,2026-10-06 18:56:13
3393,7687802991771107335,7687802991771107335,,YL004S-LH225信釩-陶陶-+8-10,,原力-TT,8,125,9月21日,,2026-10-06 18:56:13,,,,2026-10-06 18:56:13,2026-10-06 18:56:13
3394,7687802311601274887,7687802311601274887,,YL004S-LH225信釩-陶陶-+8-9,,原力-TT,8,122,9月21日,,2026-10-06 18:56:13,,,,2026-10-06 18:56:13,2026-10-06 18:56:13
3395,7687803196218130439,7687803196218130439,,YL004S-LH225信釩-陶陶-+8-8,,原力-TT,8,122,9月21日,,2026-10-06 18:56:13,,,,2026-10-06 18:56:13,2026-10-06 18:56:13
3396,7687803218630737927,7687803218630737927,,YL004S-LH225信釩-陶陶-+8-7,,原力-TT,8,122,9月21日,,2026-10-06 18:56:13,,,,2026-10-06 18:56:13,2026-10-06 18:56:13
3397,7687802991770894343,7687802991770894343,,YL004S-LH225信釩-陶陶-+8-6,,原力-TT,8,122,9月21日,,2026-10-06 18:56:13,,,,2026-10-06 18:56:13,2026-10-06 18:56:13
3398,7687802944554369032,7687802944554369032,,YL004S-LH225信釩-陶陶-+8-5,,原力-TT,8,122,9月21日,,2026-10-06 18:56:13,,,,2026-10-06 18:56:13,2026-10-06 18:56:13
3399,7687803074388852743,7687803074388852743,,YL004S-LH225信釩-陶陶-+8-4,,原力-TT,8,122,9月21日,,2026-10-06 18:56:13,,,,2026-10-06 18:56:13,2026-10-06 18:56:13
3400,7687803104934330375,7687803104934330375,,YL004S-LH225信釩-陶陶-+8-3,,原力-TT,8,122,9月21日,,2026-10-06 18:56:13,,,,2026-10-06 18:56:13,2026-10-06 18:56:13
3401,7687803157737472008,7687803157737472008,,YL004S-LH225信釩-陶陶-+8-2,,原力-TT,8,122,9月21日,,2026-10-06 18:56:13,,,,2026-10-06 18:56:13,2026-10-06 18:56:13
3402,7687802832097198088,7687802832097198088,,YL004S-LH225信釩-陶陶-+8-1,,原力-TT,8,122,9月21日,,2026-10-06 18:56:13,,,,2026-10-06 18:56:13,2026-10-06 18:56:13
3403,7687803119315304466,7687803119315304466,,YL004S-LH225信釩-鼎華-+8-10,,原力-TT,8,122,9月21日,,2026-10-06 18:56:13,,,,2026-10-06 18:56:13,2026-10-06 18:56:13
3404,7687802738350850066,7687802738350850066,,YL004S-LH225信釩-鼎華-+8-9,,原力-TT,8,122,9月21日,,2026-10-06 18:56:13,,,,2026-10-06 18:56:13,2026-10-06 18:56:13
3405,7687802758904332295,7687802758904332295,,YL004S-LH225信釩-鼎華-+8-8,,原力-TT,8,122,9月21日,,2026-10-06 18:56:13,,,,2026-10-06 18:56:13,2026-10-06 18:56:13
3406,7687803102633426951,7687803102633426951,,YL004S-LH225信釩-鼎華-+8-7,,原力-TT,8,122,9月21日,,2026-10-06 18:56:13,,,,2026-10-06 18:56:13,2026-10-06 18:56:13
3407,7687803061310980104,7687803061310980104,,YL004S-LH225信釩-鼎華-+8-6,,原力-TT,8,122,9月21日,,2026-10-06 18:56:13,,,,2026-10-06 18:56:13,2026-10-06 18:56:13
3408,7687802630827835400,7687802630827835400,,YL004S-LH225信釩-鼎華-+8-5,,原力-TT,8,122,9月21日,,2026-10-06 18:56:13,,,,2026-10-06 18:56:13,2026-10-06 18:56:13
3409,7687802630827769864,7687802630827769864,,YL004S-LH225信釩-鼎華-+8-4,,原力-TT,8,122,9月21日,,2026-10-06 18:56:13,,,,2026-10-06 18:56:13,2026-10-06 18:56:13
3410,7687802632689319954,7687802632689319954,,YL004S-LH225信釩-鼎華-+8-3,,原力-TT,8,122,9月21日,,2026-10-06 18:56:13,,,,2026-10-06 18:56:13,2026-10-06 18:56:13
3411,7687802537531424775,7687802537531424775,,YL004S-LH225信釩-鼎華-+8-2,,原力-TT,8,122,9月21日,,2026-10-06 18:56:13,,,,2026-10-06 18:56:13,2026-10-06 18:56:13
3412,7687802758904201223,7687802758904201223,,YL004S-LH225信釩-鼎華-+8-1,,原力-TT,8,122,9月21日,,2026-10-06 18:56:13,,,,2026-10-06 18:56:13,2026-10-06 18:56:13
3413,7687802125170278407,7687802125170278407,,YL004S-LH225信釩-吉興-+8-10,,原力-TT,8,122,9月21日,,2026-10-06 18:56:13,,,,2026-10-06 18:56:13,2026-10-06 18:56:13
3414,7687801954311143442,7687801954311143442,,YL004S-LH225信釩-吉興-+8-9,,原力-TT,8,127,9月21日,,2026-10-06 18:56:13,,,,2026-10-06 18:56:13,2026-10-06 18:56:13
3415,7687802125170212871,7687802125170212871,,YL004S-LH225信釩-吉興-+8-8,,原力-TT,8,127,9月21日,,2026-10-06 18:56:13,,,,2026-10-06 18:56:13,2026-10-06 18:56:13
3416,7687802934635380743,7687802934635380743,,YL004S-LH225信釩-吉興-+8-7,,原力-TT,8,127,9月21日,,2026-10-06 18:56:13,,,,2026-10-06 18:56:13,2026-10-06 18:56:13
3417,7687802642544672786,7687802642544672786,,YL004S-LH225信釩-吉興-+8-6,,原力-TT,8,127,9月21日,,2026-10-06 18:56:13,,,,2026-10-06 18:56:13,2026-10-06 18:56:13
3418,7687801921241612295,7687801921241612295,,YL004S-LH225信釩-吉興-+8-5,,原力-TT,8,127,9月21日,,2026-10-06 18:56:13,,,,2026-10-06 18:56:13,2026-10-06 18:56:13
3419,7687802492382380039,7687802492382380039,,YL004S-LH225信釩-吉興-+8-4,,原力-TT,8,127,9月21日,,2026-10-06 18:56:13,,,,2026-10-06 18:56:13,2026-10-06 18:56:13
3420,7687802552666062869,7687802552666062869,,YL004S-LH225信釩-吉興-+8-3,,原力-TT,8,127,9月21日,,2026-10-06 18:56:13,,,,2026-10-06 18:56:13,2026-10-06 18:56:13
3421,7687802142267637768,7687802142267637768,,YL004S-LH225信釩-吉興-+8-2,,原力-TT,8,127,9月21日,,2026-10-06 18:56:13,,,,2026-10-06 18:56:13,2026-10-06 18:56:13
3422,7687802476239142919,7687802476239142919,,YL004S-LH225信釩-吉興-+8-1,,原力-TT,8,127,9月21日,,2026-10-06 18:56:13,,,,2026-10-06 18:56:13,2026-10-06 18:56:13
3423,7687801866645012487,7687801866645012487,,YL004S-LH225信釩-禾希-+8,,原力-TT,8,127,9月21日,,2026-10-06 18:56:13,,,,2026-10-06 18:56:13,2026-10-06 18:56:13
3424,7687801670218317832,7687801670218317832,,YL004S-LH225信釩-纖意-+8-10,,原力-TT,8,127,9月21日,,2026-10-06 18:56:13,,,,2026-10-06 18:56:13,2026-10-06 18:56:13
3425,7687802026686136327,7687802026686136327,,YL004S-LH225信釩-纖意-+8-9,,原力-TT,8,127,9月21日,,2026-10-06 18:56:13,,,,2026-10-06 18:56:13,2026-10-06 18:56:13
3426,7687802028046974983,7687802028046974983,,YL004S-LH225信釩-纖意-+8-8,,原力-TT,8,127,9月21日,,2026-10-06 18:56:13,,,,2026-10-06 18:56:13,2026-10-06 18:56:13
3427,7687802215709704212,7687802215709704212,,YL004S-LH225信釩-纖意-+8-7,,原力-TT,8,127,9月21日,,2026-10-06 18:56:13,,,,2026-10-06 18:56:13,2026-10-06 18:56:13
3428,7687802675224363029,7687802675224363029,,YL004S-LH225信釩-纖意-+8-6,,原力-TT,8,127,9月21日,,2026-10-06 18:56:13,,,,2026-10-06 18:56:13,2026-10-06 18:56:13
3429,7687801981340712967,7687801981340712967,,YL004S-LH225信釩-纖意-+8-5,,原力-TT,8,127,9月21日,,2026-10-06 18:56:13,,,,2026-10-06 18:56:13,2026-10-06 18:56:13
3430,7687801942825992210,7687801942825992210,,YL004S-LH225信釩-纖意-+8-4,,原力-TT,8,127,9月21日,,2026-10-06 18:56:13,,,,2026-10-06 18:56:13,2026-10-06 18:56:13
3431,7687802447667609607,7687802447667609607,,YL004S-LH225信釩-纖意-+8-3,,原力-TT,8,127,9月21日,,2026-10-06 18:56:13,,,,2026-10-06 18:56:13,2026-10-06 18:56:13
3432,7687802004392394760,7687802004392394760,,YL004S-LH225信釩-纖意-+8-2,,原力-TT,8,127,9月21日,,2026-10-06 18:56:13,,,,2026-10-06 18:56:13,2026-10-06 18:56:13
3433,7687802207650267143,7687802207650267143,,YL004S-LH225信釩-纖意-+8-1,,原力-TT,8,127,9月21日,,2026-10-06 18:56:13,,,,2026-10-06 18:56:13,2026-10-06 18:56:13
3434,7687802405329272853,7687802405329272853,,YL004S-LH225信釩-龍博-+8-10,,原力-TT,8,124,9月21日,,2026-10-06 18:56:13,,,,2026-10-06 18:56:13,2026-10-06 18:56:13
3435,7687801799200981010,7687801799200981010,,YL004S-LH225信釩-龍博-+8-9,,原力-TT,8,124,9月21日,,2026-10-06 18:56:13,,,,2026-10-06 18:56:13,2026-10-06 18:56:13
3436,7687802298073579528,7687802298073579528,,YL004S-LH225信釩-龍博-+8-8,,原力-TT,8,124,9月21日,,2026-10-06 18:56:13,,,,2026-10-06 18:56:13,2026-10-06 18:56:13
3437,7687802125447839762,7687802125447839762,,YL004S-LH225信釩-龍博-+8-7,,原力-TT,8,124,9月21日,,2026-10-06 18:56:13,,,,2026-10-06 18:56:13,2026-10-06 18:56:13
3438,7687801857514848274,7687801857514848274,,YL004S-LH225信釩-龍博-+8-6,,原力-TT,8,124,9月21日,,2026-10-06 18:56:13,,,,2026-10-06 18:56:13,2026-10-06 18:56:13
3439,7687802348638470164,7687802348638470164,,YL004S-LH225信釩-龍博-+8-5,,原力-TT,8,124,9月21日,,2026-10-06 18:56:13,,,,2026-10-06 18:56:13,2026-10-06 18:56:13
3440,7687802298073513992,7687802298073513992,,YL004S-LH225信釩-龍博-+8-4,,原力-TT,8,124,9月21日,,2026-10-06 18:56:13,,,,2026-10-06 18:56:13,2026-10-06 18:56:13
3441,7687801947705737234,7687801947705737234,,YL004S-LH225信釩-龍博-+8-3,,原力-TT,8,124,9月21日,,2026-10-06 18:56:13,,,,2026-10-06 18:56:13,2026-10-06 18:56:13
3442,7687801401825968136,7687801401825968136,,YL004S-LH225信釩-龍博-+8-2,,原力-TT,8,124,9月21日,,2026-10-06 18:56:13,,,,2026-10-06 18:56:13,2026-10-06 18:56:13
3443,7687801754236026898,7687801754236026898,,YL004S-LH225信釩-龍博-+8-1,,原力-TT,8,124,9月21日,,2026-10-06 18:56:13,,,,2026-10-06 18:56:13,2026-10-06 18:56:13
3444,7687801215450152978,7687801215450152978,,YL004S-LH225信釩-鼎泰-+8-10,,原力-TT,8,124,9月21日,,2026-10-06 18:56:13,,,,2026-10-06 18:56:13,2026-10-06 18:56:13
3445,7687801730117337096,7687801730117337096,,YL004S-LH225信釩-鼎泰-+8-9,,原力-TT,8,124,9月21日,,2026-10-06 18:56:13,,,,2026-10-06 18:56:13,2026-10-06 18:56:13
3446,7687801830533677063,7687801830533677063,,YL004S-LH225信釩-鼎泰-+8-8,,原力-TT,8,124,9月21日,,2026-10-06 18:56:13,,,,2026-10-06 18:56:13,2026-10-06 18:56:13
3447,7687801929954754578,7687801929954754578,,YL004S-LH225信釩-鼎泰-+8-7,,原力-TT,8,124,9月21日,,2026-10-06 18:56:13,,,,2026-10-06 18:56:13,2026-10-06 18:56:13
3448,7687802358725689365,7687802358725689365,,YL004S-LH225信釩-鼎泰-+8-6,,原力-TT,8,124,9月21日,,2026-10-06 18:56:13,,,,2026-10-06 18:56:13,2026-10-06 18:56:13
3449,7687801830533611527,7687801830533611527,,YL004S-LH225信釩-鼎泰-+8-5,,原力-TT,8,124,9月21日,,2026-10-06 18:56:13,,,,2026-10-06 18:56:13,2026-10-06 18:56:13
3450,7687801947705573394,7687801947705573394,,YL004S-LH225信釩-鼎泰-+8-4,,原力-TT,8,124,9月21日,,2026-10-06 18:56:13,,,,2026-10-06 18:56:13,2026-10-06 18:56:13
3451,7687801970499944456,7687801970499944456,,YL004S-LH225信釩-鼎泰-+8-3,,原力-TT,8,124,9月21日,,2026-10-06 18:56:13,,,,2026-10-06 18:56:13,2026-10-06 18:56:13
3452,7687801970499813384,7687801970499813384,,YL004S-LH225信釩-鼎泰-+8-2,,原力-TT,8,124,9月21日,,2026-10-06 18:56:13,,,,2026-10-06 18:56:13,2026-10-06 18:56:13
3453,7687801947705475090,7687801947705475090,,YL004S-LH225信釩-鼎泰-+8-1,,原力-TT,8,124,9月21日,,2026-10-06 18:56:13,,,,2026-10-06 18:56:13,2026-10-06 18:56:13
3454,7687801039758639112,7687801039758639112,,YL004S-LH225信釩-禦河-+8-10,,原力-TT,8,132,9月21日,,2026-10-06 18:56:13,,,,2026-10-06 18:56:13,2026-10-06 18:56:13
3455,7687801761905623048,7687801761905623048,,YL004S-LH225信釩-禦河-+8-9,,原力-TT,8,132,9月21日,,2026-10-06 18:56:13,,,,2026-10-06 18:56:13,2026-10-06 18:56:13
3456,7687800952866897927,7687800952866897927,,YL004S-LH225信釩-禦河-+8-8,,原力-TT,8,132,9月21日,,2026-10-06 18:56:13,,,,2026-10-06 18:56:13,2026-10-06 18:56:13
3457,7687801672027160584,7687801672027160584,,YL004S-LH225信釩-禦河-+8-7,,原力-TT,8,132,9月21日,,2026-10-06 18:56:13,,,,2026-10-06 18:56:13,2026-10-06 18:56:13
3458,7687801438298341384,7687801438298341384,,YL004S-LH225信釩-禦河-+8-6,,原力-TT,8,132,9月21日,,2026-10-06 18:56:13,,,,2026-10-06 18:56:13,2026-10-06 18:56:13
3459,7687801835725307922,7687801835725307922,,YL004S-LH225信釩-禦河-+8-5,,原力-TT,8,132,9月21日,,2026-10-06 18:56:13,,,,2026-10-06 18:56:13,2026-10-06 18:56:13
3460,7687801495535747080,7687801495535747080,,YL004S-LH225信釩-禦河-+8-4,,原力-TT,8,132,9月21日,,2026-10-06 18:56:13,,,,2026-10-06 18:56:13,2026-10-06 18:56:13
3461,7687800679982301192,7687800679982301192,,YL004S-LH225信釩-禦河-+8-3,,原力-TT,8,132,9月21日,,2026-10-06 18:56:13,,,,2026-10-06 18:56:13,2026-10-06 18:56:13
3462,7687800882166382599,7687800882166382599,,YL004S-LH225信釩-禦河-+8-2,,原力-TT,8,132,9月21日,,2026-10-06 18:56:13,,,,2026-10-06 18:56:13,2026-10-06 18:56:13
3463,7687801529298042900,7687801529298042900,,YL004S-LH225信釩-禦河-+8-1,,原力-TT,8,132,9月21日,,2026-10-06 18:56:13,,,,2026-10-06 18:56:13,2026-10-06 18:56:13
3464,7687800806688096263,7687800806688096263,,YL004S-LH225信釩-朗信-+8-10,,原力-TT,8,132,9月21日,,2026-10-06 18:56:13,,,,2026-10-06 18:56:13,2026-10-06 18:56:13
3465,7687800686995423240,7687800686995423240,,YL004S-LH225信釩-朗信-+8-9,,原力-TT,8,132,9月21日,,2026-10-06 18:56:13,,,,2026-10-06 18:56:13,2026-10-06 18:56:13
3466,7687800848815718408,7687800848815718408,,YL004S-LH225信釩-朗信-+8-8,,原力-TT,8,132,9月21日,,2026-10-06 18:56:13,,,,2026-10-06 18:56:13,2026-10-06 18:56:13
3467,7687801047788240904,7687801047788240904,,YL004S-LH225信釩-朗信-+8-7,,原力-TT,8,132,9月21日,,2026-10-06 18:56:13,,,,2026-10-06 18:56:13,2026-10-06 18:56:13
3468,7687800259553886226,7687800259553886226,,YL004S-LH225信釩-朗信-+8-6,,原力-TT,8,132,9月21日,,2026-10-06 18:56:13,,,,2026-10-06 18:56:13,2026-10-06 18:56:13
3469,7687800696605147143,7687800696605147143,,YL004S-LH225信釩-朗信-+8-5,,原力-TT,8,132,9月21日,,2026-10-06 18:56:13,,,,2026-10-06 18:56:13,2026-10-06 18:56:13
3470,7687801270363209746,7687801270363209746,,YL004S-LH225信釩-朗信-+8-4,,原力-TT,8,132,9月21日,,2026-10-06 18:56:13,,,,2026-10-06 18:56:13,2026-10-06 18:56:13
3471,7687800609768177671,7687800609768177671,,YL004S-LH225信釩-朗信-+8-3,,原力-TT,8,132,9月21日,,2026-10-06 18:56:13,,,,2026-10-06 18:56:13,2026-10-06 18:56:13
3472,7687800827012694024,7687800827012694024,,YL004S-LH225信釩-朗信-+8-2,,原力-TT,8,132,9月21日,,2026-10-06 18:56:13,,,,2026-10-06 18:56:13,2026-10-06 18:56:13
3473,7687800667420770312,7687800667420770312,,YL004S-LH225信釩-朗信-+8-1,,原力-TT,8,132,9月21日,,2026-10-06 18:56:13,,,,2026-10-06 18:56:13,2026-10-06 18:56:13
3474,7687800969874767890,7687800969874767890,,YL004S-LH225信釩-速拉-+8-10,,原力-TT,8,130,9月21日,,2026-10-06 18:56:13,,,,2026-10-06 18:56:13,2026-10-06 18:56:13
3475,7687800806687899655,7687800806687899655,,YL004S-LH225信釩-速拉-+8-9,,原力-TT,8,130,9月21日,,2026-10-06 18:56:13,,,,2026-10-06 18:56:13,2026-10-06 18:56:13
3476,7687799971134013458,7687799971134013458,,YL004S-LH225信釩-速拉-+8-8,,原力-TT,8,130,9月21日,,2026-10-06 18:56:13,,,,2026-10-06 18:56:13,2026-10-06 18:56:13
3477,7687800129287471122,7687800129287471122,,YL004S-LH225信釩-速拉-+8-7,,原力-TT,8,130,9月21日,,2026-10-06 18:56:13,,,,2026-10-06 18:56:13,2026-10-06 18:56:13
3478,7687800302885027847,7687800302885027847,,YL004S-LH225信釩-速拉-+8-6,,原力-TT,8,130,9月21日,,2026-10-06 18:56:13,,,,2026-10-06 18:56:13,2026-10-06 18:56:13
3479,7687800124358606856,7687800124358606856,,YL004S-LH225信釩-速拉-+8-5,,原力-TT,8,130,9月21日,,2026-10-06 18:56:13,,,,2026-10-06 18:56:13,2026-10-06 18:56:13
3480,7687800338433638407,7687800338433638407,,YL004S-LH225信釩-速拉-+8-4,,原力-TT,8,130,9月21日,,2026-10-06 18:56:13,,,,2026-10-06 18:56:13,2026-10-06 18:56:13
3481,7687801170416517140,7687801170416517140,,YL004S-LH225信釩-速拉-+8-3,,原力-TT,8,130,9月21日,,2026-10-06 18:56:13,,,,2026-10-06 18:56:13,2026-10-06 18:56:13
3482,7687800973238763541,7687800973238763541,,YL004S-LH225信釩-速拉-+8-2,,原力-TT,8,130,9月21日,,2026-10-06 18:56:13,,,,2026-10-06 18:56:13,2026-10-06 18:56:13
3483,7687801111869866002,7687801111869866002,,YL004S-LH225信釩-速拉-+8-1,,原力-TT,8,130,9月21日,,2026-10-06 18:56:13,,,,2026-10-06 18:56:13,2026-10-06 18:56:13
3484,7687800212872740872,7687800212872740872,,YL004S-LH225信釩-坤泰-+8-10,,原力-TT,8,130,9月21日,,2026-10-06 18:56:13,,,,2026-10-06 18:56:13,2026-10-06 18:56:13
3485,7687800954169524244,7687800954169524244,,YL004S-LH225信釩-坤泰-+8-9,,原力-TT,8,130,9月21日,,2026-10-06 18:56:13,,,,2026-10-06 18:56:13,2026-10-06 18:56:13
3486,7687800862684561428,7687800862684561428,,YL004S-LH225信釩-坤泰-+8-8,,原力-TT,8,130,9月21日,,2026-10-06 18:56:13,,,,2026-10-06 18:56:13,2026-10-06 18:56:13
3487,7687800862684495892,7687800862684495892,,YL004S-LH225信釩-坤泰-+8-7,,原力-TT,8,130,9月21日,,2026-10-06 18:56:13,,,,2026-10-06 18:56:13,2026-10-06 18:56:13
3488,7687799903882297351,7687799903882297351,,YL004S-LH225信釩-坤泰-+8-6,,原力-TT,8,130,9月21日,,2026-10-06 18:56:13,,,,2026-10-06 18:56:13,2026-10-06 18:56:13
3489,7687800302884929543,7687800302884929543,,YL004S-LH225信釩-坤泰-+8-5,,原力-TT,8,130,9月21日,,2026-10-06 18:56:13,,,,2026-10-06 18:56:13,2026-10-06 18:56:13
3490,7687800401587224584,7687800401587224584,,YL004S-LH225信釩-坤泰-+8-4,,原力-TT,8,130,9月21日,,2026-10-06 18:56:13,,,,2026-10-06 18:56:13,2026-10-06 18:56:13
3491,7687799764478869511,7687799764478869511,,YL004S-LH225信釩-坤泰-+8-3,,原力-TT,8,130,9月21日,,2026-10-06 18:56:13,,,,2026-10-06 18:56:13,2026-10-06 18:56:13
3492,7687799788780257288,7687799788780257288,,YL004S-LH225信釩-坤泰-+8-2,,原力-TT,8,130,9月21日,,2026-10-06 18:56:13,,,,2026-10-06 18:56:13,2026-10-06 18:56:13
3493,7687799984232546312,7687799984232546312,,YL004S-LH225信釩-坤泰-+8-1,,原力-TT,8,130,9月21日,,2026-10-06 18:56:13,,,,2026-10-06 18:56:13,2026-10-06 18:56:13
3494,7654807084856295431,7654807084856295431,,JH-0624-啟豐-04-5,,LB-TT,-3,122,9月28日,,2026-10-06 18:56:13,,,,2026-10-06 18:56:13,2026-10-06 18:56:13
3495,7654807026702254088,7654807026702254088,,JH-0624-啟豐-04-4,,LB-TT,-3,122,9月28日,,2026-10-06 18:56:13,,,,2026-10-06 18:56:13,2026-10-06 18:56:13
3496,7654806994357436424,7654806994357436424,,JH-0624-啟豐-04-3,,LB-TT,-3,122,9月28日,,2026-10-06 18:56:13,,,,2026-10-06 18:56:13,2026-10-06 18:56:13
3497,7654806740449591314,7654806740449591314,,JH-0624-啟豐-04-2,,LB-TT,-3,122,9月28日,,2026-10-06 18:56:13,,,,2026-10-06 18:56:13,2026-10-06 18:56:13
3498,7654806246668419090,7654806246668419090,,JH-0624-啟豐-04-1,,LB-TT,-3,122,9月28日,,2026-10-06 18:56:13,,,,2026-10-06 18:56:13,2026-10-06 18:56:13
3499,7654806494988189704,7654806494988189704,,JH-0624-啟豐-03-5,,LB-TT,-3,122,9月28日,,2026-10-06 18:56:13,,,,2026-10-06 18:56:13,2026-10-06 18:56:13
3500,7654806712710184968,7654806712710184968,,JH-0624-啟豐-03-4,,LB-TT,-3,122,9月28日,,2026-10-06 18:56:13,,,,2026-10-06 18:56:13,2026-10-06 18:56:13
3501,7654807239051624455,7654807239051624455,,JH-0624-啟豐-03-3,,LB-TT,-3,122,9月28日,,2026-10-06 18:56:13,,,,2026-10-06 18:56:13,2026-10-06 18:56:13
3502,7654806717441277959,7654806717441277959,,JH-0624-啟豐-03-2,,LB-TT,-3,122,9月28日,,2026-10-06 18:56:13,,,,2026-10-06 18:56:13,2026-10-06 18:56:13
3503,7654807055286452242,7654807055286452242,,JH-0624-啟豐-03-1,,LB-TT,-3,122,9月28日,,2026-10-06 18:56:13,,,,2026-10-06 18:56:13,2026-10-06 18:56:13
3504,7654808428124291079,7654808428124291079,,JH-0624-啟豐-02-5,,LB-TT,-3,122,9月28日,,2026-10-06 18:56:13,,,,2026-10-06 18:56:13,2026-10-06 18:56:13
3505,7654808397656719368,7654808397656719368,,JH-0624-啟豐-02-4,,LB-TT,-3,122,9月28日,,2026-10-06 18:56:13,,,,2026-10-06 18:56:13,2026-10-06 18:56:13
3506,7654808273045667847,7654808273045667847,,JH-0624-啟豐-02-3,,LB-TT,-3,122,9月28日,,2026-10-06 18:56:13,,,,2026-10-06 18:56:13,2026-10-06 18:56:13
3507,7654808342765912072,7654808342765912072,,JH-0624-啟豐-02-2,,LB-TT,-3,122,9月28日,,2026-10-06 18:56:13,,,,2026-10-06 18:56:13,2026-10-06 18:56:13
3508,7654808476620587016,7654808476620587016,,JH-0624-啟豐-02-1,,LB-TT,-3,122,9月28日,,2026-10-06 18:56:13,,,,2026-10-06 18:56:13,2026-10-06 18:56:13
3509,7654807800129552402,7654807800129552402,,JH-0624-啟豐-01-5,,LB-TT,-3,122,9月28日,,2026-10-06 18:56:13,,,,2026-10-06 18:56:13,2026-10-06 18:56:13
3510,7654808508207710216,7654808508207710216,,JH-0624-啟豐-01-4,,LB-TT,-3,122,9月28日,,2026-10-06 18:56:13,,,,2026-10-06 18:56:13,2026-10-06 18:56:13
3511,7654807225198018567,7654807225198018567,,JH-0624-啟豐-01-3,,LB-TT,-3,122,9月28日,,2026-10-06 18:56:13,,,,2026-10-06 18:56:13,2026-10-06 18:56:13
3512,7654808061640376338,7654808061640376338,,JH-0624-啟豐-01-2,,LB-TT,-3,122,9月28日,,2026-10-06 18:56:13,,,,2026-10-06 18:56:13,2026-10-06 18:56:13
3513,7654807848181907464,7654807848181907464,,JH-0624-啟豐-01-1,,LB-TT,-3,122,9月28日,,2026-10-06 18:56:13,,,,2026-10-06 18:56:13,2026-10-06 18:56:13
3514,7654841456583753746,7654841456583753746,,JH-0624-融信-04-5,,LB-TT,-3,122,9月28日,,2026-10-06 18:56:13,,,,2026-10-06 18:56:13,2026-10-06 18:56:13
3515,7654841377884405778,7654841377884405778,,JH-0624-融信-04-4,,LB-TT,-3,122,9月28日,,2026-10-06 18:56:13,,,,2026-10-06 18:56:13,2026-10-06 18:56:13
3516,7654841652095664135,7654841652095664135,,JH-0624-融信-04-3,,LB-TT,-3,122,9月28日,,2026-10-06 18:56:13,,,,2026-10-06 18:56:13,2026-10-06 18:56:13
3517,7654841263954608135,7654841263954608135,,JH-0624-融信-04-2,,LB-TT,-3,122,9月28日,,2026-10-06 18:56:13,,,,2026-10-06 18:56:13,2026-10-06 18:56:13
3518,7654841440937328658,7654841440937328658,,JH-0624-融信-04-1,,LB-TT,-3,122,9月28日,,2026-10-06 18:56:13,,,,2026-10-06 18:56:13,2026-10-06 18:56:13
3519,7654841310877941767,7654841310877941767,,JH-0624-融信-03-5,,LB-TT,-3,122,9月28日,,2026-10-06 18:56:13,,,,2026-10-06 18:56:13,2026-10-06 18:56:13
3520,7654841766907854855,7654841766907854855,,JH-0624-融信-03-4,,LB-TT,-3,122,9月28日,,2026-10-06 18:56:13,,,,2026-10-06 18:56:13,2026-10-06 18:56:13
3521,7654841456583655442,7654841456583655442,,JH-0624-融信-03-3,,LB-TT,-3,122,9月28日,,2026-10-06 18:56:13,,,,2026-10-06 18:56:13,2026-10-06 18:56:13
3522,7654841160321777671,7654841160321777671,,JH-0624-融信-03-2,,LB-TT,-3,122,9月28日,,2026-10-06 18:56:13,,,,2026-10-06 18:56:13,2026-10-06 18:56:13
3523,7654841263954395143,7654841263954395143,,JH-0624-融信-03-1,,LB-TT,-3,122,9月28日,,2026-10-06 18:56:13,,,,2026-10-06 18:56:13,2026-10-06 18:56:13
3524,7655166432161824786,7655166432161824786,,JH-0624-融信-02-5,,LB-TT,-3,122,9月28日,,2026-10-06 18:56:13,,,,2026-10-06 18:56:13,2026-10-06 18:56:13
3525,7655166270531960839,7655166270531960839,,JH-0624-融信-02-4,,LB-TT,-3,122,9月28日,,2026-10-06 18:56:13,,,,2026-10-06 18:56:13,2026-10-06 18:56:13
3526,7655166662710149127,7655166662710149127,,JH-0624-融信-02-3,,LB-TT,-3,122,9月28日,,2026-10-06 18:56:13,,,,2026-10-06 18:56:13,2026-10-06 18:56:13
3527,7655166285457457160,7655166285457457160,,JH-0624-融信-02-2,,LB-TT,-3,122,9月28日,,2026-10-06 18:56:13,,,,2026-10-06 18:56:13,2026-10-06 18:56:13
3528,7655166136232902663,7655166136232902663,,JH-0624-融信-02-1,,LB-TT,-3,122,9月28日,,2026-10-06 18:56:13,,,,2026-10-06 18:56:13,2026-10-06 18:56:13
3529,7655166137945882642,7655166137945882642,,JH-0624-融信-01-5,,LB-TT,-3,122,9月28日,,2026-10-06 18:56:13,,,,2026-10-06 18:56:13,2026-10-06 18:56:13
3530,7655165813237989394,7655165813237989394,,JH-0624-融信-01-4,,LB-TT,-3,122,9月28日,,2026-10-06 18:56:13,,,,2026-10-06 18:56:13,2026-10-06 18:56:13
3531,7655166327443013650,7655166327443013650,,JH-0624-融信-01-3,,LB-TT,-3,122,9月28日,,2026-10-06 18:56:13,,,,2026-10-06 18:56:13,2026-10-06 18:56:13
3532,7655166137945817106,7655166137945817106,,JH-0624-融信-01-2,,LB-TT,-3,122,9月28日,,2026-10-06 18:56:13,,,,2026-10-06 18:56:13,2026-10-06 18:56:13
3533,7655166285457391624,7655166285457391624,,JH-0624-融信-01-1,,LB-TT,-3,122,9月28日,,2026-10-06 18:56:13,,,,2026-10-06 18:56:13,2026-10-06 18:56:13
3534,7654845319364100103,7654845319364100103,,JH-0624-泰勵-04-5,,LB-TT,-3,122,9月28日,,2026-10-06 18:56:13,,,,2026-10-06 18:56:13,2026-10-06 18:56:13
3535,7654846105439453202,7654846105439453202,,JH-0624-泰勵-04-4,,LB-TT,-3,122,9月28日,,2026-10-06 18:56:13,,,,2026-10-06 18:56:13,2026-10-06 18:56:13
3536,7654845813880946696,7654845813880946696,,JH-0624-泰勵-04-3,,LB-TT,-3,132,9月28日,,2026-10-06 18:56:13,,,,2026-10-06 18:56:13,2026-10-06 18:56:13
3537,7654845688869666824,7654845688869666824,,JH-0624-泰勵-04-2,,LB-TT,-3,132,9月28日,,2026-10-06 18:56:13,,,,2026-10-06 18:56:13,2026-10-06 18:56:13
3538,7654845473647509522,7654845473647509522,,JH-0624-泰勵-04-1,,LB-TT,-3,132,9月28日,,2026-10-06 18:56:13,,,,2026-10-06 18:56:13,2026-10-06 18:56:13
3539,7654845908476674056,7654845908476674056,,JH-0624-泰勵-03-5,,LB-TT,-3,132,9月28日,,2026-10-06 18:56:13,,,,2026-10-06 18:56:13,2026-10-06 18:56:13
3540,7654845567192924167,7654845567192924167,,JH-0624-泰勵-03-4,,LB-TT,-3,132,9月28日,,2026-10-06 18:56:13,,,,2026-10-06 18:56:13,2026-10-06 18:56:13
3541,7654845915749498898,7654845915749498898,,JH-0624-泰勵-03-3,,LB-TT,-3,132,9月28日,,2026-10-06 18:56:13,,,,2026-10-06 18:56:13,2026-10-06 18:56:13
3542,7654845783424090119,7654845783424090119,,JH-0624-泰勵-03-2,,LB-TT,-3,132,9月28日,,2026-10-06 18:56:13,,,,2026-10-06 18:56:13,2026-10-06 18:56:13
3543,7654845908476575752,7654845908476575752,,JH-0624-泰勵-03-1,,LB-TT,-3,132,9月28日,,2026-10-06 18:56:13,,,,2026-10-06 18:56:13,2026-10-06 18:56:13
3544,7655161892431953927,7655161892431953927,,JH-0624-泰勵-02-5,,LB-TT,-3,132,9月28日,,2026-10-06 18:56:13,,,,2026-10-06 18:56:13,2026-10-06 18:56:13
3545,7655162577378394119,7655162577378394119,,JH-0624-泰勵-02-4,,LB-TT,-3,132,9月28日,,2026-10-06 18:56:13,,,,2026-10-06 18:56:13,2026-10-06 18:56:13
3546,7655162467747676167,7655162467747676167,,JH-0624-泰勵-02-3,,LB-TT,-3,132,9月28日,,2026-10-06 18:56:13,,,,2026-10-06 18:56:13,2026-10-06 18:56:13
3547,7655166634134568968,7655166634134568968,,JH-0624-泰勵-02-2,,LB-TT,-3,132,9月28日,,2026-10-06 18:56:13,,,,2026-10-06 18:56:13,2026-10-06 18:56:13
3548,7655166634134503432,7655166634134503432,,JH-0624-泰勵-02-1,,LB-TT,-3,132,9月28日,,2026-10-06 18:56:13,,,,2026-10-06 18:56:13,2026-10-06 18:56:13
3549,7655162779591573522,7655162779591573522,,JH-0624-泰勵-01-5,,LB-TT,-3,132,9月28日,,2026-10-06 18:56:13,,,,2026-10-06 18:56:13,2026-10-06 18:56:13
3550,7655162326773153799,7655162326773153799,,JH-0624-泰勵-01-4,,LB-TT,-3,132,9月28日,,2026-10-06 18:56:13,,,,2026-10-06 18:56:13,2026-10-06 18:56:13
3551,7655162326773022727,7655162326773022727,,JH-0624-泰勵-01-3,,LB-TT,-3,132,9月28日,,2026-10-06 18:56:13,,,,2026-10-06 18:56:13,2026-10-06 18:56:13
3552,7655162307581558802,7655162307581558802,,JH-0624-泰勵-01-2,,LB-TT,-3,132,9月28日,,2026-10-06 18:56:13,,,,2026-10-06 18:56:13,2026-10-06 18:56:13
3553,7655162301791797266,7655162301791797266,,JH-0624-泰勵-01-1,,LB-TT,-3,132,9月28日,,2026-10-06 18:56:13,,,,2026-10-06 18:56:13,2026-10-06 18:56:13
3554,7654848567785406482,7654848567785406482,,JH-0624-顺誠-04-5,,LB-TT,-3,132,9月28日,,2026-10-06 18:56:13,,,,2026-10-06 18:56:13,2026-10-06 18:56:13
3555,7654848116616757256,7654848116616757256,,JH-0624-顺誠-04-4,,LB-TT,-3,132,9月28日,,2026-10-06 18:56:13,,,,2026-10-06 18:56:13,2026-10-06 18:56:13
3556,7654847999931367432,7654847999931367432,,JH-0624-顺誠-04-3,,LB-TT,-3,132,9月28日,,2026-10-06 18:56:13,,,,2026-10-06 18:56:13,2026-10-06 18:56:13
3557,7654848239622946823,7654848239622946823,,JH-0624-顺誠-04-2,,LB-TT,-3,132,9月28日,,2026-10-06 18:56:13,,,,2026-10-06 18:56:13,2026-10-06 18:56:13
3558,7654848232723644434,7654848232723644434,,JH-0624-顺誠-04-1,,LB-TT,-3,132,9月28日,,2026-10-06 18:56:13,,,,2026-10-06 18:56:13,2026-10-06 18:56:13
3559,7654848340466614290,7654848340466614290,,JH-0624-顺誠-03-5,,LB-TT,-3,132,9月28日,,2026-10-06 18:56:13,,,,2026-10-06 18:56:13,2026-10-06 18:56:13
3560,7654848485468078088,7654848485468078088,,JH-0624-顺誠-03-4,,LB-TT,-3,132,9月28日,,2026-10-06 18:56:13,,,,2026-10-06 18:56:13,2026-10-06 18:56:13
3561,7654848220564078610,7654848220564078610,,JH-0624-顺誠-03-3,,LB-TT,-3,132,9月28日,,2026-10-06 18:56:13,,,,2026-10-06 18:56:13,2026-10-06 18:56:13
3562,7654848248254906376,7654848248254906376,,JH-0624-顺誠-03-2,,LB-TT,-3,132,9月28日,,2026-10-06 18:56:13,,,,2026-10-06 18:56:13,2026-10-06 18:56:13
3563,7654848138013802514,7654848138013802514,,JH-0624-顺誠-03-1,,LB-TT,-3,132,9月28日,,2026-10-06 18:56:13,,,,2026-10-06 18:56:13,2026-10-06 18:56:13
3564,7654848630960177159,7654848630960177159,,JH-0624-顺誠-02-5,,LB-TT,-3,132,9月28日,,2026-10-06 18:56:13,,,,2026-10-06 18:56:13,2026-10-06 18:56:13
3565,7655162150020956167,7655162150020956167,,JH-0624-顺誠-02-4,,LB-TT,-3,132,9月28日,,2026-10-06 18:56:13,,,,2026-10-06 18:56:13,2026-10-06 18:56:13
3566,7655162149979062280,7655162149979062280,,JH-0624-顺誠-02-3,,LB-TT,-3,132,9月28日,,2026-10-06 18:56:13,,,,2026-10-06 18:56:13,2026-10-06 18:56:13
3567,7655162415960702994,7655162415960702994,,JH-0624-顺誠-02-2,,LB-TT,-3,132,9月28日,,2026-10-06 18:56:13,,,,2026-10-06 18:56:13,2026-10-06 18:56:13
3568,7655161858279768082,7655161858279768082,,JH-0624-顺誠-02-1,,LB-TT,-3,132,9月28日,,2026-10-06 18:56:13,,,,2026-10-06 18:56:13,2026-10-06 18:56:13
3569,7655162300693495815,7655162300693495815,,JH-0624-顺誠-01-5,,LB-TT,-3,132,9月28日,,2026-10-06 18:56:13,,,,2026-10-06 18:56:13,2026-10-06 18:56:13
3570,7655162146472460295,7655162146472460295,,JH-0624-顺誠-01-4,,LB-TT,-3,132,9月28日,,2026-10-06 18:56:13,,,,2026-10-06 18:56:13,2026-10-06 18:56:13
3571,7655162307349331986,7655162307349331986,,JH-0624-顺誠-01-3,,LB-TT,-3,132,9月28日,,2026-10-06 18:56:13,,,,2026-10-06 18:56:13,2026-10-06 18:56:13
3572,7655162257076256776,7655162257076256776,,JH-0624-顺誠-01-2,,LB-TT,-3,132,9月28日,,2026-10-06 18:56:13,,,,2026-10-06 18:56:13,2026-10-06 18:56:13
3573,7655161892432019463,7655161892432019463,,JH-0624-顺誠-01-1,,LB-TT,-3,132,9月28日,,2026-10-06 18:56:13,,,,2026-10-06 18:56:13,2026-10-06 18:56:13
3574,7655233954177417234,7655233954177417234,,JH-雄盛-3-0625-4-5,,LB-TT,-3,132,9月28日,,2026-10-06 18:56:13,,,,2026-10-06 18:56:13,2026-10-06 18:56:13
3575,7655233815858200594,7655233815858200594,,JH-雄盛-3-0625-4-4,,LB-TT,-3,132,9月28日,,2026-10-06 18:56:13,,,,2026-10-06 18:56:13,2026-10-06 18:56:13
3576,7655233408167378962,7655233408167378962,,JH-雄盛-3-0625-4-3,,LB-TT,-3,132,9月28日,,2026-10-06 18:56:13,,,,2026-10-06 18:56:13,2026-10-06 18:56:13
3577,7655233519708110856,7655233519708110856,,JH-雄盛-3-0625-4-2,,LB-TT,-3,130,9月28日,,2026-10-06 18:56:13,,,,2026-10-06 18:56:13,2026-10-06 18:56:13
3578,7655234132288602119,7655234132288602119,,JH-雄盛-3-0625-4-1,,LB-TT,-3,130,9月28日,,2026-10-06 18:56:13,,,,2026-10-06 18:56:13,2026-10-06 18:56:13
3579,7655233857293238279,7655233857293238279,,JH-雄盛-3-0625-3-5,,LB-TT,-3,130,9月28日,,2026-10-06 18:56:13,,,,2026-10-06 18:56:13,2026-10-06 18:56:13
3580,7655233864872542216,7655233864872542216,,JH-雄盛-3-0625-3-4,,LB-TT,-3,130,9月28日,,2026-10-06 18:56:13,,,,2026-10-06 18:56:13,2026-10-06 18:56:13
3581,7655233827346104327,7655233827346104327,,JH-雄盛-3-0625-3-3,,LB-TT,-3,130,9月28日,,2026-10-06 18:56:13,,,,2026-10-06 18:56:13,2026-10-06 18:56:13
3582,7655233710635565074,7655233710635565074,,JH-雄盛-3-0625-3-2,,LB-TT,-3,130,9月28日,,2026-10-06 18:56:13,,,,2026-10-06 18:56:13,2026-10-06 18:56:13
3583,7655233706482909191,7655233706482909191,,JH-雄盛-3-0625-3-1,,LB-TT,-3,130,9月28日,,2026-10-06 18:56:13,,,,2026-10-06 18:56:13,2026-10-06 18:56:13
3584,7655233826775908359,7655233826775908359,,JH-雄盛-3-0625-2-5,,LB-TT,-3,130,9月28日,,2026-10-06 18:56:13,,,,2026-10-06 18:56:13,2026-10-06 18:56:13
3585,7655233784987680775,7655233784987680775,,JH-雄盛-3-0625-2-4,,LB-TT,-3,130,9月28日,,2026-10-06 18:56:13,,,,2026-10-06 18:56:13,2026-10-06 18:56:13
3586,7655233827345973255,7655233827345973255,,JH-雄盛-3-0625-2-3,,LB-TT,-3,130,9月28日,,2026-10-06 18:56:13,,,,2026-10-06 18:56:13,2026-10-06 18:56:13
3587,7655233784744312850,7655233784744312850,,JH-雄盛-3-0625-2-2,,LB-TT,-3,130,9月28日,,2026-10-06 18:56:13,,,,2026-10-06 18:56:13,2026-10-06 18:56:13
3588,7655233816117690375,7655233816117690375,,JH-雄盛-3-0625-2-1,,LB-TT,-3,130,9月28日,,2026-10-06 18:56:13,,,,2026-10-06 18:56:13,2026-10-06 18:56:13
3589,7655233555963396104,7655233555963396104,,JH-雄盛-3-0625-1-5,,LB-TT,-3,130,9月28日,,2026-10-06 18:56:13,,,,2026-10-06 18:56:13,2026-10-06 18:56:13
3590,7655233706482778119,7655233706482778119,,JH-雄盛-3-0625-1-4,,LB-TT,-3,130,9月28日,,2026-10-06 18:56:13,,,,2026-10-06 18:56:13,2026-10-06 18:56:13
3591,7655233586497093650,7655233586497093650,,JH-雄盛-3-0625-1-3,,LB-TT,-3,130,9月28日,,2026-10-06 18:56:13,,,,2026-10-06 18:56:13,2026-10-06 18:56:13
3592,7655233586497028114,7655233586497028114,,JH-雄盛-3-0625-1-2,,LB-TT,-3,130,9月28日,,2026-10-06 18:56:13,,,,2026-10-06 18:56:13,2026-10-06 18:56:13
3593,7655233818350977032,7655233818350977032,,JH-雄盛-3-0625-1-1,,LB-TT,-3,130,9月28日,,2026-10-06 18:56:13,,,,2026-10-06 18:56:13,2026-10-06 18:56:13
3594,7655241909425684488,7655241909425684488,,JH-毅進-3-0625-4-5,,LB-TT,-3,130,9月28日,,2026-10-06 18:56:13,,,,2026-10-06 18:56:13,2026-10-06 18:56:13
3595,7655240837168775186,7655240837168775186,,JH-毅進-3-0625-4-4,,LB-TT,-3,130,9月28日,,2026-10-06 18:56:13,,,,2026-10-06 18:56:13,2026-10-06 18:56:13
3596,7655241472853426194,7655241472853426194,,JH-毅進-3-0625-4-3,,LB-TT,-3,130,9月28日,,2026-10-06 18:56:13,,,,2026-10-06 18:56:13,2026-10-06 18:56:13
3597,7655241693326868498,7655241693326868498,,JH-毅進-3-0625-4-2,,LB-TT,-3,130,9月28日,,2026-10-06 18:56:13,,,,2026-10-06 18:56:13,2026-10-06 18:56:13
3598,7655241268091633671,7655241268091633671,,JH-毅進-3-0625-4-1,,LB-TT,-3,130,9月28日,,2026-10-06 18:56:13,,,,2026-10-06 18:56:13,2026-10-06 18:56:13
3599,7655240785834868754,7655240785834868754,,JH-毅進-3-0625-3-5,,LB-TT,-3,130,9月28日,,2026-10-06 18:56:13,,,,2026-10-06 18:56:13,2026-10-06 18:56:13
3600,7655240854956785671,7655240854956785671,,JH-毅進-3-0625-3-4,,LB-TT,-3,130,9月28日,,2026-10-06 18:56:13,,,,2026-10-06 18:56:13,2026-10-06 18:56:13
3601,7655240538135822343,7655240538135822343,,JH-毅進-3-0625-3-3,,LB-TT,-3,130,9月28日,,2026-10-06 18:56:13,,,,2026-10-06 18:56:13,2026-10-06 18:56:13
3602,7655240785102192658,7655240785102192658,,JH-毅進-3-0625-3-2,,LB-TT,-3,130,9月28日,,2026-10-06 18:56:13,,,,2026-10-06 18:56:13,2026-10-06 18:56:13
3603,7655240610278047762,7655240610278047762,,JH-毅進-3-0625-3-1,,LB-TT,-3,130,9月28日,,2026-10-06 18:56:13,,,,2026-10-06 18:56:13,2026-10-06 18:56:13
3604,7655239954467012616,7655239954467012616,,JH-毅進-3-0625-2-5,,LB-TT,-3,130,9月28日,,2026-10-06 18:56:13,,,,2026-10-06 18:56:13,2026-10-06 18:56:13
3605,7655240193713831944,7655240193713831944,,JH-毅進-3-0625-2-4,,LB-TT,-3,130,9月28日,,2026-10-06 18:56:13,,,,2026-10-06 18:56:13,2026-10-06 18:56:13
3606,7655240205770702856,7655240205770702856,,JH-毅進-3-0625-2-3,,LB-TT,-3,130,9月28日,,2026-10-06 18:56:13,,,,2026-10-06 18:56:13,2026-10-06 18:56:13
3607,7655240695076339719,7655240695076339719,,JH-毅進-3-0625-2-2,,LB-TT,-3,130,9月28日,,2026-10-06 18:56:13,,,,2026-10-06 18:56:13,2026-10-06 18:56:13
3608,7655240348792373255,7655240348792373255,,JH-毅進-3-0625-2-1,,LB-TT,-3,130,9月28日,,2026-10-06 18:56:13,,,,2026-10-06 18:56:13,2026-10-06 18:56:13
3609,7655240193713733640,7655240193713733640,,JH-毅進-3-0625-1-5,,LB-TT,-3,130,9月28日,,2026-10-06 18:56:13,,,,2026-10-06 18:56:13,2026-10-06 18:56:13
3610,7655240315162558482,7655240315162558482,,JH-毅進-3-0625-1-4,,LB-TT,-3,130,9月28日,,2026-10-06 18:56:13,,,,2026-10-06 18:56:13,2026-10-06 18:56:13
3611,7655240379071119378,7655240379071119378,,JH-毅進-3-0625-1-3,,LB-TT,-3,130,9月28日,,2026-10-06 18:56:13,,,,2026-10-06 18:56:13,2026-10-06 18:56:13
3612,7655240361950183442,7655240361950183442,,JH-毅進-3-0625-1-2,,LB-TT,-3,130,9月28日,,2026-10-06 18:56:13,,,,2026-10-06 18:56:13,2026-10-06 18:56:13
3613,7655239628781584402,7655239628781584402,,JH-毅進-3-0625-1-1,,LB-TT,-3,130,9月28日,,2026-10-06 18:56:13,,,,2026-10-06 18:56:13,2026-10-06 18:56:13
3614,7655245165057097736,7655245165057097736,,JH-謙和-3-0625-4-5,,LB-TT,-3,130,9月28日,,2026-10-06 18:56:13,,,,2026-10-06 18:56:13,2026-10-06 18:56:13
3615,7655245285937004552,7655245285937004552,,JH-謙和-3-0625-4-4,,LB-TT,-3,130,9月28日,,2026-10-06 18:56:13,,,,2026-10-06 18:56:13,2026-10-06 18:56:13
3616,7655245133910278151,7655245133910278151,,JH-謙和-3-0625-4-3,,LB-TT,-3,130,9月28日,,2026-10-06 18:56:13,,,,2026-10-06 18:56:13,2026-10-06 18:56:13
3617,7655244843471896594,7655244843471896594,,JH-謙和-3-0625-4-2,,LB-TT,-3,130,9月28日,,2026-10-06 18:56:13,,,,2026-10-06 18:56:13,2026-10-06 18:56:13
3618,7655245131972870152,7655245131972870152,,JH-謙和-3-0625-4-1,,LB-TT,-3,127,9月28日,,2026-10-06 18:56:13,,,,2026-10-06 18:56:13,2026-10-06 18:56:13
3619,7655245135286304786,7655245135286304786,,JH-謙和-3-0625-3-5,,LB-TT,-3,127,9月28日,,2026-10-06 18:56:13,,,,2026-10-06 18:56:13,2026-10-06 18:56:13
3620,7655245041549180936,7655245041549180936,,JH-謙和-3-0625-3-4,,LB-TT,-3,127,9月28日,,2026-10-06 18:56:13,,,,2026-10-06 18:56:13,2026-10-06 18:56:13
3621,7655244925189177352,7655244925189177352,,JH-謙和-3-0625-3-3,,LB-TT,-3,127,9月28日,,2026-10-06 18:56:13,,,,2026-10-06 18:56:13,2026-10-06 18:56:13
3622,7655245406116265991,7655245406116265991,,JH-謙和-3-0625-3-2,,LB-TT,-3,127,9月28日,,2026-10-06 18:56:13,,,,2026-10-06 18:56:13,2026-10-06 18:56:13
3623,7655245135286206482,7655245135286206482,,JH-謙和-3-0625-3-1,,LB-TT,-3,127,9月28日,,2026-10-06 18:56:13,,,,2026-10-06 18:56:13,2026-10-06 18:56:13
3624,7655245934547779602,7655245934547779602,,JH-謙和-3-0625-2-5,,LB-TT,-3,127,9月28日,,2026-10-06 18:56:13,,,,2026-10-06 18:56:13,2026-10-06 18:56:13
3625,7655246232220499976,7655246232220499976,,JH-謙和-3-0625-2-4,,LB-TT,-3,127,9月28日,,2026-10-06 18:56:13,,,,2026-10-06 18:56:13,2026-10-06 18:56:13
3626,7655246232220434440,7655246232220434440,,JH-謙和-3-0625-2-3,,LB-TT,-3,127,9月28日,,2026-10-06 18:56:13,,,,2026-10-06 18:56:13,2026-10-06 18:56:13
3627,7655245975451336712,7655245975451336712,,JH-謙和-3-0625-2-2,,LB-TT,-3,127,9月28日,,2026-10-06 18:56:13,,,,2026-10-06 18:56:13,2026-10-06 18:56:13
3628,7655245937467719687,7655245937467719687,,JH-謙和-3-0625-2-1,,LB-TT,-3,127,9月28日,,2026-10-06 18:56:13,,,,2026-10-06 18:56:13,2026-10-06 18:56:13
3629,7655246437097766920,7655246437097766920,,JH-謙和-3-0625-1-5,,LB-TT,-3,127,9月28日,,2026-10-06 18:56:13,,,,2026-10-06 18:56:13,2026-10-06 18:56:13
3630,7655245962746855431,7655245962746855431,,JH-謙和-3-0625-1-4,,LB-TT,-3,127,9月28日,,2026-10-06 18:56:13,,,,2026-10-06 18:56:13,2026-10-06 18:56:13
3631,7655246121304080392,7655246121304080392,,JH-謙和-3-0625-1-3,,LB-TT,-3,127,9月28日,,2026-10-06 18:56:13,,,,2026-10-06 18:56:13,2026-10-06 18:56:13
3632,7655246087405731858,7655246087405731858,,JH-謙和-3-0625-1-2,,LB-TT,-3,127,9月28日,,2026-10-06 18:56:13,,,,2026-10-06 18:56:13,2026-10-06 18:56:13
3633,7655246302573281287,7655246302573281287,,JH-謙和-3-0625-1-1,,LB-TT,-3,127,9月28日,,2026-10-06 18:56:13,,,,2026-10-06 18:56:13,2026-10-06 18:56:13
3634,7655521688180015112,7655521688180015112,,JH-0625-海豪-04-5,,LB-TT,-3,127,9月28日,,2026-10-06 18:56:13,,,,2026-10-06 18:56:13,2026-10-06 18:56:13
3635,7655521746679300104,7655521746679300104,,JH-0625-海豪-04-4,,LB-TT,-3,127,9月28日,,2026-10-06 18:56:13,,,,2026-10-06 18:56:13,2026-10-06 18:56:13
3636,7655521846003122183,7655521846003122183,,JH-0625-海豪-04-3,,LB-TT,-3,127,9月28日,,2026-10-06 18:56:13,,,,2026-10-06 18:56:13,2026-10-06 18:56:13
3637,7655521938273533960,7655521938273533960,,JH-0625-海豪-04-2,,LB-TT,-3,127,9月28日,,2026-10-06 18:56:13,,,,2026-10-06 18:56:13,2026-10-06 18:56:13
3638,7655521636199776274,7655521636199776274,,JH-0625-海豪-04-1,,LB-TT,-3,127,9月28日,,2026-10-06 18:56:13,,,,2026-10-06 18:56:13,2026-10-06 18:56:13
3639,7655521180681617416,7655521180681617416,,JH-0625-海豪-03-5,,LB-TT,-3,127,9月28日,,2026-10-06 18:56:13,,,,2026-10-06 18:56:13,2026-10-06 18:56:13
3640,7655521235866042386,7655521235866042386,,JH-0625-海豪-03-4,,LB-TT,-3,127,9月28日,,2026-10-06 18:56:13,,,,2026-10-06 18:56:13,2026-10-06 18:56:13
3641,7655521858988589064,7655521858988589064,,JH-0625-海豪-03-3,,LB-TT,-3,127,9月28日,,2026-10-06 18:56:13,,,,2026-10-06 18:56:13,2026-10-06 18:56:13
3642,7655521914638876680,7655521914638876680,,JH-0625-海豪-03-2,,LB-TT,-3,127,9月28日,,2026-10-06 18:56:13,,,,2026-10-06 18:56:13,2026-10-06 18:56:13
3643,7655521955168223240,7655521955168223240,,JH-0625-海豪-03-1,,LB-TT,-3,127,9月28日,,2026-10-06 18:56:13,,,,2026-10-06 18:56:13,2026-10-06 18:56:13
3644,7655225626370162706,7655225626370162706,,JH-0625-海豪-02-5,,LB-TT,-3,127,9月28日,,2026-10-06 18:56:13,,,,2026-10-06 18:56:13,2026-10-06 18:56:13
3645,7655225151466029063,7655225151466029063,,JH-0625-海豪-02-4,,LB-TT,-3,127,9月28日,,2026-10-06 18:56:13,,,,2026-10-06 18:56:13,2026-10-06 18:56:13
3646,7655225318919553042,7655225318919553042,,JH-0625-海豪-02-3,,LB-TT,-3,127,9月28日,,2026-10-06 18:56:13,,,,2026-10-06 18:56:13,2026-10-06 18:56:13
3647,7655225507400089607,7655225507400089607,,JH-0625-海豪-02-2,,LB-TT,-3,127,9月28日,,2026-10-06 18:56:13,,,,2026-10-06 18:56:13,2026-10-06 18:56:13
3648,7655225502692802567,7655225502692802567,,JH-0625-海豪-02-1,,LB-TT,-3,127,9月28日,,2026-10-06 18:56:13,,,,2026-10-06 18:56:13,2026-10-06 18:56:13
3649,7655225540768940040,7655225540768940040,,JH-0625-海豪-01-5,,LB-TT,-3,127,9月28日,,2026-10-06 18:56:13,,,,2026-10-06 18:56:13,2026-10-06 18:56:13
3650,7655225540768874504,7655225540768874504,,JH-0625-海豪-01-4,,LB-TT,-3,127,9月28日,,2026-10-06 18:56:13,,,,2026-10-06 18:56:13,2026-10-06 18:56:13
3651,7655527484892577799,7655527484892577799,,JH-0625-海豪-01-3,,LB-TT,-3,127,9月28日,,2026-10-06 18:56:13,,,,2026-10-06 18:56:13,2026-10-06 18:56:13
3652,7655527442326978578,7655527442326978578,,JH-0625-海豪-01-2,,LB-TT,-3,127,9月28日,,2026-10-06 18:56:13,,,,2026-10-06 18:56:13,2026-10-06 18:56:13
3653,7655527119237529608,7655527119237529608,,JH-0625-海豪-01-1,,LB-TT,-3,127,9月28日,,2026-10-06 18:56:13,,,,2026-10-06 18:56:13,2026-10-06 18:56:13
3654,7655246444563038216,7655246444563038216,,JH-欣海-3-0625-4-5,,LB-TT,-3,127,9月28日,,2026-10-06 18:56:13,,,,2026-10-06 18:56:13,2026-10-06 18:56:13
3655,7655245930727456786,7655245930727456786,,JH-欣海-3-0625-4-4,,LB-TT,-3,127,9月28日,,2026-10-06 18:56:13,,,,2026-10-06 18:56:13,2026-10-06 18:56:13
3656,7655246527922307079,7655246527922307079,,JH-欣海-3-0625-4-3,,LB-TT,-3,127,9月28日,,2026-10-06 18:56:13,,,,2026-10-06 18:56:13,2026-10-06 18:56:13
3657,7655246447744073735,7655246447744073735,,JH-欣海-3-0625-4-2,,LB-TT,-3,127,9月28日,,2026-10-06 18:56:13,,,,2026-10-06 18:56:13,2026-10-06 18:56:13
3658,7655246087405600786,7655246087405600786,,JH-欣海-3-0625-4-1,,LB-TT,-3,127,9月28日,,2026-10-06 18:56:13,,,,2026-10-06 18:56:13,2026-10-06 18:56:13
3659,7655245885512892423,7655245885512892423,,JH-欣海-3-0625-3-5,,LB-TT,-3,127,9月28日,,2026-10-06 18:56:13,,,,2026-10-06 18:56:13,2026-10-06 18:56:13
3660,7655246288316858376,7655246288316858376,,JH-欣海-3-0625-3-4,,LB-TT,-3,125,9月28日,,2026-10-06 18:56:13,,,,2026-10-06 18:56:13,2026-10-06 18:56:13
3661,7655245885512794119,7655245885512794119,,JH-欣海-3-0625-3-3,,LB-TT,-3,125,9月28日,,2026-10-06 18:56:13,,,,2026-10-06 18:56:13,2026-10-06 18:56:13
3662,7655246002598445074,7655246002598445074,,JH-欣海-3-0625-3-2,,LB-TT,-3,125,9月28日,,2026-10-06 18:56:13,,,,2026-10-06 18:56:13,2026-10-06 18:56:13
3663,7655245831058178056,7655245831058178056,,JH-欣海-3-0625-3-1,,LB-TT,-3,125,9月28日,,2026-10-06 18:56:13,,,,2026-10-06 18:56:13,2026-10-06 18:56:13
3664,7655246076651372562,7655246076651372562,,JH-欣海-3-0625-2-5,,LB-TT,-3,125,9月28日,,2026-10-06 18:56:13,,,,2026-10-06 18:56:13,2026-10-06 18:56:13
3665,7655245915468480519,7655245915468480519,,JH-欣海-3-0625-2-4,,LB-TT,-3,125,9月28日,,2026-10-06 18:56:13,,,,2026-10-06 18:56:13,2026-10-06 18:56:13
3666,7655245934547550226,7655245934547550226,,JH-欣海-3-0625-2-3,,LB-TT,-3,125,9月28日,,2026-10-06 18:56:13,,,,2026-10-06 18:56:13,2026-10-06 18:56:13
3667,7655246301306716168,7655246301306716168,,JH-欣海-3-0625-2-2,,LB-TT,-3,125,9月28日,,2026-10-06 18:56:13,,,,2026-10-06 18:56:13,2026-10-06 18:56:13
3668,7655245888419512338,7655245888419512338,,JH-欣海-3-0625-2-1,,LB-TT,-3,125,9月28日,,2026-10-06 18:56:13,,,,2026-10-06 18:56:13,2026-10-06 18:56:13
3669,7655246076651536402,7655246076651536402,,JH-欣海-3-0625-1-5,,LB-TT,-3,125,9月28日,,2026-10-06 18:56:13,,,,2026-10-06 18:56:13,2026-10-06 18:56:13
3670,7655246321906417671,7655246321906417671,,JH-欣海-3-0625-1-4,,LB-TT,-3,125,9月28日,,2026-10-06 18:56:13,,,,2026-10-06 18:56:13,2026-10-06 18:56:13
3671,7655246054606110728,7655246054606110728,,JH-欣海-3-0625-1-3,,LB-TT,-3,125,9月28日,,2026-10-06 18:56:13,,,,2026-10-06 18:56:13,2026-10-06 18:56:13
3672,7655246268884926471,7655246268884926471,,JH-欣海-3-0625-1-2,,LB-TT,-3,125,9月28日,,2026-10-06 18:56:13,,,,2026-10-06 18:56:13,2026-10-06 18:56:13
3673,7655246267807055880,7655246267807055880,,JH-欣海-3-0625-1-1,,LB-TT,-3,125,9月28日,,2026-10-06 18:56:13,,,,2026-10-06 18:56:13,2026-10-06 18:56:13
3674,7655249461593063432,7655249461593063432,,JH-裕達-3-0625-4-5,,LB-TT,-3,125,9月28日,,2026-10-06 18:56:13,,,,2026-10-06 18:56:13,2026-10-06 18:56:13
3675,7655249480698167314,7655249480698167314,,JH-裕達-3-0625-4-4,,LB-TT,-3,125,9月28日,,2026-10-06 18:56:13,,,,2026-10-06 18:56:13,2026-10-06 18:56:13
3676,7655249278702354439,7655249278702354439,,JH-裕達-3-0625-4-3,,LB-TT,-3,125,9月28日,,2026-10-06 18:56:13,,,,2026-10-06 18:56:13,2026-10-06 18:56:13
3677,7655249626471235602,7655249626471235602,,JH-裕達-3-0625-4-2,,LB-TT,-3,125,9月28日,,2026-10-06 18:56:13,,,,2026-10-06 18:56:13,2026-10-06 18:56:13
3678,7655249191513473042,7655249191513473042,,JH-裕達-3-0625-4-1,,LB-TT,-3,125,9月28日,,2026-10-06 18:56:13,,,,2026-10-06 18:56:13,2026-10-06 18:56:13
3679,7655249331588448274,7655249331588448274,,JH-裕達-3-0625-3-5,,LB-TT,-3,125,9月28日,,2026-10-06 18:56:13,,,,2026-10-06 18:56:13,2026-10-06 18:56:13
3680,7655249191513407506,7655249191513407506,,JH-裕達-3-0625-3-4,,LB-TT,-3,125,9月28日,,2026-10-06 18:56:13,,,,2026-10-06 18:56:13,2026-10-06 18:56:13
3681,7655249074182160402,7655249074182160402,,JH-裕達-3-0625-3-3,,LB-TT,-3,125,9月28日,,2026-10-06 18:56:13,,,,2026-10-06 18:56:13,2026-10-06 18:56:13
3682,7655249331588349970,7655249331588349970,,JH-裕達-3-0625-3-2,,LB-TT,-3,125,9月28日,,2026-10-06 18:56:13,,,,2026-10-06 18:56:13,2026-10-06 18:56:13
3683,7655249452235767815,7655249452235767815,,JH-裕達-3-0625-3-1,,LB-TT,-3,125,9月28日,,2026-10-06 18:56:13,,,,2026-10-06 18:56:13,2026-10-06 18:56:13
3684,7655249008784572424,7655249008784572424,,JH-裕達-3-0625-2-5,,LB-TT,-3,125,9月28日,,2026-10-06 18:56:13,,,,2026-10-06 18:56:13,2026-10-06 18:56:13
3685,7655248935388364807,7655248935388364807,,JH-裕達-3-0625-2-4,,LB-TT,-3,125,9月28日,,2026-10-06 18:56:13,,,,2026-10-06 18:56:13,2026-10-06 18:56:13
3686,7655249638857244690,7655249638857244690,,JH-裕達-3-0625-2-3,,LB-TT,-3,,9月28日,,2026-10-06 18:56:13,,,,2026-10-06 18:56:13,2026-10-06 18:56:13
3687,7655249623226368008,7655249623226368008,,JH-裕達-3-0625-2-2,,LB-TT,-3,125,9月28日,,2026-10-06 18:56:13,,,,2026-10-06 18:56:13,2026-10-06 18:56:13
3688,7655249418253500434,7655249418253500434,,JH-裕達-3-0625-2-1,,LB-TT,-3,125,9月28日,,2026-10-06 18:56:13,,,,2026-10-06 18:56:13,2026-10-06 18:56:13
3689,7655249521319936008,7655249521319936008,,JH-裕達-3-0625-1-5,,LB-TT,-3,125,9月28日,,2026-10-06 18:56:13,,,,2026-10-06 18:56:13,2026-10-06 18:56:13
3690,7655249416504459272,7655249416504459272,,JH-裕達-3-0625-1-4,,LB-TT,-3,125,9月28日,,2026-10-06 18:56:13,,,,2026-10-06 18:56:13,2026-10-06 18:56:13
3691,7655249450453286920,7655249450453286920,,JH-裕達-3-0625-1-3,,LB-TT,-3,125,9月28日,,2026-10-06 18:56:13,,,,2026-10-06 18:56:13,2026-10-06 18:56:13
3692,7655249461593128968,7655249461593128968,,JH-裕達-3-0625-1-2,,LB-TT,-3,125,9月28日,,2026-10-06 18:56:13,,,,2026-10-06 18:56:13,2026-10-06 18:56:13
3693,7655249638857048082,7655249638857048082,,JH-裕達-3-0625-1-1,,LB-TT,-3,125,9月28日,,2026-10-06 18:56:13,,,,2026-10-06 18:56:13,2026-10-06 18:56:13
3694,7656706914005975048,7656706914005975048,,JH-0626-啟躍-03-1,,LB-TT,-3,125,9月28日,,2026-10-06 18:56:13,,,,2026-10-06 18:56:13,2026-10-06 18:56:13
3695,7656707241462071303,7656707241462071303,,JH-0626-啟躍-03-2,,LB-TT,-3,125,9月28日,,2026-10-06 18:56:13,,,,2026-10-06 18:56:13,2026-10-06 18:56:13
3696,7656706955138039826,7656706955138039826,,JH-0626-啟躍-03-3,,LB-TT,-3,125,9月28日,,2026-10-06 18:56:13,,,,2026-10-06 18:56:13,2026-10-06 18:56:13
3697,7656707241462202375,7656707241462202375,,JH-0626-啟躍-03-4,,LB-TT,-3,125,9月28日,,2026-10-06 18:56:13,,,,2026-10-06 18:56:13,2026-10-06 18:56:13
3698,7656706835391021074,7656706835391021074,,JH-0626-啟躍-03-5,,LB-TT,-3,125,9月28日,,2026-10-06 18:56:13,,,,2026-10-06 18:56:13,2026-10-06 18:56:13
3699,7656706950130073618,7656706950130073618,,JH-0626-啟躍-04-1,,LB-TT,-3,125,9月28日,,2026-10-06 18:56:13,,,,2026-10-06 18:56:13,2026-10-06 18:56:13
3700,7656707108909482002,7656707108909482002,,JH-0626-啟躍-04-2,,LB-TT,-3,125,9月28日,,2026-10-06 18:56:13,,,,2026-10-06 18:56:13,2026-10-06 18:56:13
3701,7656707132913418248,7656707132913418248,,JH-0626-啟躍-04-3,,LB-TT,-3,125,9月28日,,2026-10-06 18:56:13,,,,2026-10-06 18:56:13,2026-10-06 18:56:13
3702,7656706971885682696,7656706971885682696,,JH-0626-啟躍-04-4,,LB-TT,-3,124,9月28日,,2026-10-06 18:56:13,,,,2026-10-06 18:56:13,2026-10-06 18:56:13
3703,7656706982984679432,7656706982984679432,,JH-0626-啟躍-04-5,,LB-TT,-3,124,9月28日,,2026-10-06 18:56:13,,,,2026-10-06 18:56:13,2026-10-06 18:56:13
3704,7656707252690157576,7656707252690157576,,JH-0626-啟躍-01-1,,LB-TT,-3,124,9月28日,,2026-10-06 18:56:13,,,,2026-10-06 18:56:13,2026-10-06 18:56:13
3705,7656707252690288648,7656707252690288648,,JH-0626-啟躍-01-2,,LB-TT,-3,124,9月28日,,2026-10-06 18:56:13,,,,2026-10-06 18:56:13,2026-10-06 18:56:13
3706,7656707086849064978,7656707086849064978,,JH-0626-啟躍-01-3,,LB-TT,-3,124,9月28日,,2026-10-06 18:56:13,,,,2026-10-06 18:56:13,2026-10-06 18:56:13
3707,7656707101695213575,7656707101695213575,,JH-0626-啟躍-01-4,,LB-TT,-3,124,9月28日,,2026-10-06 18:56:13,,,,2026-10-06 18:56:13,2026-10-06 18:56:13
3708,7656707086849130514,7656707086849130514,,JH-0626-啟躍-01-5,,LB-TT,-3,124,9月28日,,2026-10-06 18:56:13,,,,2026-10-06 18:56:13,2026-10-06 18:56:13
3709,7656706988776259591,7656706988776259591,,JH-0626-啟躍-02-1,,LB-TT,-3,124,9月28日,,2026-10-06 18:56:13,,,,2026-10-06 18:56:13,2026-10-06 18:56:13
3710,7656707083626430472,7656707083626430472,,JH-0626-啟躍-02-2,,LB-TT,-3,124,9月28日,,2026-10-06 18:56:13,,,,2026-10-06 18:56:13,2026-10-06 18:56:13
3711,7656706793969696775,7656706793969696775,,JH-0626-啟躍-02-3,,LB-TT,-3,124,9月28日,,2026-10-06 18:56:13,,,,2026-10-06 18:56:13,2026-10-06 18:56:13
3712,7656707186982371346,7656707186982371346,,JH-0626-啟躍-02-4,,LB-TT,-3,124,9月28日,,2026-10-06 18:56:13,,,,2026-10-06 18:56:13,2026-10-06 18:56:13
3713,7656707112009334791,7656707112009334791,,JH-0626-啟躍-02-5,,LB-TT,-3,124,9月28日,,2026-10-06 18:56:13,,,,2026-10-06 18:56:13,2026-10-06 18:56:13
3714,7656706066124963848,7656706066124963848,,H-宇聯-3-0626-1-1,,LB-TT,-3,124,9月28日,,2026-10-06 18:56:13,,,,2026-10-06 18:56:13,2026-10-06 18:56:13
3715,7656706878432722962,7656706878432722962,,JH-宇聯-3-0626-1-3,,LB-TT,-3,124,9月28日,,2026-10-06 18:56:13,,,,2026-10-06 18:56:13,2026-10-06 18:56:13
3716,7656706503629684754,7656706503629684754,,JH-宇聯-3-0626-1-4,,LB-TT,-3,124,9月28日,,2026-10-06 18:56:13,,,,2026-10-06 18:56:13,2026-10-06 18:56:13
3717,7656706348587188242,7656706348587188242,,JH-宇聯-3-0626-12-2,,LB-TT,-3,124,9月28日,,2026-10-06 18:56:13,,,,2026-10-06 18:56:13,2026-10-06 18:56:13
3718,7656706706033983496,7656706706033983496,,JH-宇聯-3-0626-12-4,,LB-TT,-3,124,9月28日,,2026-10-06 18:56:13,,,,2026-10-06 18:56:13,2026-10-06 18:56:13
3719,7656706513406558226,7656706513406558226,,JH-宇聯-3-0626-12-5,,LB-TT,-3,124,9月28日,,2026-10-06 18:56:13,,,,2026-10-06 18:56:13,2026-10-06 18:56:13
3720,7656705670674137095,7656705670674137095,,JH-宇聯-3-0626-3-1,,LB-TT,-3,124,9月28日,,2026-10-06 18:56:13,,,,2026-10-06 18:56:13,2026-10-06 18:56:13
3721,7656705786910932999,7656705786910932999,,JH-宇聯-3-0626-3-2,,LB-TT,-3,124,9月28日,,2026-10-06 18:56:13,,,,2026-10-06 18:56:13,2026-10-06 18:56:13
3722,7656705736626094098,7656705736626094098,,JH-宇聯-3-0626-3-3,,LB-TT,-3,124,9月28日,,2026-10-06 18:56:13,,,,2026-10-06 18:56:13,2026-10-06 18:56:13
3723,7656705786910998535,7656705786910998535,,JH-宇聯-3-0626-3-4,,LB-TT,-3,124,9月28日,,2026-10-06 18:56:13,,,,2026-10-06 18:56:13,2026-10-06 18:56:13
3724,7656705712990748680,7656705712990748680,,JH-宇聯-3-0626-3-5,,LB-TT,-3,124,9月28日,,2026-10-06 18:56:13,,,,2026-10-06 18:56:13,2026-10-06 18:56:13
3725,7656705878237839378,7656705878237839378,,JH-宇聯-3-0626-4-1,,LB-TT,-3,124,9月28日,,2026-10-06 18:56:13,,,,2026-10-06 18:56:13,2026-10-06 18:56:13
3726,7656705512813412370,7656705512813412370,,JH-宇聯-3-0626-4-2,,LB-TT,-3,124,9月28日,,2026-10-06 18:56:13,,,,2026-10-06 18:56:13,2026-10-06 18:56:13
3727,7656706049671692306,7656706049671692306,,JH-宇聯-3-0626-4-3,,LB-TT,-3,124,9月28日,,2026-10-06 18:56:13,,,,2026-10-06 18:56:13,2026-10-06 18:56:13
3728,7656706014112530439,7656706014112530439,,JH-宇聯-3-0626-4-4,,LB-TT,-3,124,9月28日,,2026-10-06 18:56:13,,,,2026-10-06 18:56:13,2026-10-06 18:56:13
3729,7656706028813238280,7656706028813238280,,JH-宇聯-3-0626-4-5,,LB-TT,-3,124,9月28日,,2026-10-06 18:56:13,,,,2026-10-06 18:56:13,2026-10-06 18:56:13
3730,7656706505965830162,7656706505965830162,,JH-宇聯-3-0626-1-2,,LB-TT,-3,124,9月28日,,2026-10-06 18:56:13,,,,2026-10-06 18:56:13,2026-10-06 18:56:13
3731,7656706513406394386,7656706513406394386,,JH-宇聯-3-0626-1-5,,LB-TT,-3,124,9月28日,,2026-10-06 18:56:13,,,,2026-10-06 18:56:13,2026-10-06 18:56:13
3732,7656706590742724616,7656706590742724616,,JH-宇聯-3-0626-12-1,,LB-TT,-3,124,9月28日,,2026-10-06 18:56:13,,,,2026-10-06 18:56:13,2026-10-06 18:56:13
3733,7656706873684443144,7656706873684443144,,JH-宇聯-3-0626-12-3,,LB-TT,-3,124,9月28日,,2026-10-06 18:56:13,,,,2026-10-06 18:56:13,2026-10-06 18:56:13
3734,7656700099053158418,7656700099053158418,,JH-萬達-3-0626-2-1,,LB-TT,-3,124,9月28日,,2026-10-06 18:56:13,,,,2026-10-06 18:56:13,2026-10-06 18:56:13
3735,7656700573632036872,7656700573632036872,,JH-萬達-3-0626-2-2,,LB-TT,-3,124,9月28日,,2026-10-06 18:56:13,,,,2026-10-06 18:56:13,2026-10-06 18:56:13
3736,7656700477987635207,7656700477987635207,,JH-萬達-3-0626-2-3,,LB-TT,-3,124,9月28日,,2026-10-06 18:56:13,,,,2026-10-06 18:56:13,2026-10-06 18:56:13
3737,7656700286899830792,7656700286899830792,,JH-萬達-3-0626-2-4,,LB-TT,-3,124,9月28日,,2026-10-06 18:56:13,,,,2026-10-06 18:56:13,2026-10-06 18:56:13
3738,7656700645289771015,7656700645289771015,,JH-萬達-3-0626-2-5,,LB-TT,-3,124,9月28日,,2026-10-06 18:56:13,,,,2026-10-06 18:56:13,2026-10-06 18:56:13
3739,7655641880134598674,7655641880134598674,,JH-萬達-3-0626-3-1,,LB-TT,-3,124,9月28日,,2026-10-06 18:56:13,,,,2026-10-06 18:56:13,2026-10-06 18:56:13
3740,7655641521680597000,7655641521680597000,,JH-萬達-3-0626-4-1,,LB-TT,-3,124,9月28日,,2026-10-06 18:56:13,,,,2026-10-06 18:56:13,2026-10-06 18:56:13
3741,7655641997050380295,7655641997050380295,,JH-萬達-3-0626-4-2,,LB-TT,-3,124,9月28日,,2026-10-06 18:56:13,,,,2026-10-06 18:56:13,2026-10-06 18:56:13
3742,7655641396178812936,7655641396178812936,,JH-萬達-3-0626-4-3,,LB-TT,-3,124,9月28日,,2026-10-06 18:56:13,,,,2026-10-06 18:56:13,2026-10-06 18:56:13
3743,7655641567646171154,7655641567646171154,,JH-萬達-3-0626-4-4,,LB-TT,-3,124,9月28日,,2026-10-06 18:56:13,,,,2026-10-06 18:56:13,2026-10-06 18:56:13
3744,7654517485790625800,7654517485790625800,,JH-0623-萬濢-04-5,,LB-TT,7,122,9月28日,,2026-10-06 18:56:13,,,,2026-10-06 18:56:13,2026-10-06 18:56:13
3745,7654517741961166856,7654517741961166856,,JH-0623-萬濢-04-4,,LB-TT,7,122,9月28日,,2026-10-06 18:56:13,,,,2026-10-06 18:56:13,2026-10-06 18:56:13
3746,7654517668531421191,7654517668531421191,,JH-0623-萬濢-04-3,,LB-TT,7,122,9月28日,,2026-10-06 18:56:13,,,,2026-10-06 18:56:13,2026-10-06 18:56:13
3747,7654517551002845192,7654517551002845192,,JH-0623-萬濢-04-2,,LB-TT,7,122,9月28日,,2026-10-06 18:56:13,,,,2026-10-06 18:56:13,2026-10-06 18:56:13
3748,7654517611715362834,7654517611715362834,,JH-0623-萬濢-04-1,,LB-TT,7,122,9月28日,,2026-10-06 18:56:13,,,,2026-10-06 18:56:13,2026-10-06 18:56:13
3749,7654517697206681608,7654517697206681608,,JH-0623-萬濢-03-5,,LB-TT,7,122,9月28日,,2026-10-06 18:56:13,,,,2026-10-06 18:56:13,2026-10-06 18:56:13
3750,7654517445348196359,7654517445348196359,,JH-0623-萬濢-03-4,,LB-TT,7,122,9月28日,,2026-10-06 18:56:13,,,,2026-10-06 18:56:13,2026-10-06 18:56:13
3751,7654517270147891218,7654517270147891218,,JH-0623-萬濢-03-3,,LB-TT,7,122,9月28日,,2026-10-06 18:56:13,,,,2026-10-06 18:56:13,2026-10-06 18:56:13
3752,7654517157472174098,7654517157472174098,,JH-0623-萬濢-03-2,,LB-TT,7,122,9月28日,,2026-10-06 18:56:13,,,,2026-10-06 18:56:13,2026-10-06 18:56:13
3753,7654517356119015431,7654517356119015431,,JH-0623-萬濢-03-1,,LB-TT,7,122,9月28日,,2026-10-06 18:56:13,,,,2026-10-06 18:56:13,2026-10-06 18:56:13
3754,7654517935429091346,7654517935429091346,,JH-0623-萬濢-02-5,,LB-TT,7,122,9月28日,,2026-10-06 18:56:13,,,,2026-10-06 18:56:13,2026-10-06 18:56:13
3755,7654518019575250951,7654518019575250951,,JH-0623-萬濢-02-4,,LB-TT,7,122,9月28日,,2026-10-06 18:56:13,,,,2026-10-06 18:56:13,2026-10-06 18:56:13
3756,7654517814182805522,7654517814182805522,,JH-0623-萬濢-02-3,,LB-TT,7,122,9月28日,,2026-10-06 18:56:13,,,,2026-10-06 18:56:13,2026-10-06 18:56:13
3757,7654517660975415304,7654517660975415304,,JH-0623-萬濢-02-2,,LB-TT,7,122,9月28日,,2026-10-06 18:56:13,,,,2026-10-06 18:56:13,2026-10-06 18:56:13
3758,7654517904747642888,7654517904747642888,,JH-0623-萬濢-02-1,,LB-TT,7,122,9月28日,,2026-10-06 18:56:13,,,,2026-10-06 18:56:13,2026-10-06 18:56:13
3759,7654517214011490311,7654517214011490311,,JH-0623-萬濢-01-5,,LB-TT,7,122,9月28日,,2026-10-06 18:56:13,,,,2026-10-06 18:56:13,2026-10-06 18:56:13
3760,7654517843257753618,7654517843257753618,,JH-0623-萬濢-01-4,,LB-TT,7,122,9月28日,,2026-10-06 18:56:13,,,,2026-10-06 18:56:13,2026-10-06 18:56:13
3761,7654517345909751816,7654517345909751816,,JH-0623-萬濢-01-3,,LB-TT,7,122,9月28日,,2026-10-06 18:56:13,,,,2026-10-06 18:56:13,2026-10-06 18:56:13
3762,7654517558648946695,7654517558648946695,,JH-0623-萬濢-01-2,,LB-TT,7,122,9月28日,,2026-10-06 18:56:13,,,,2026-10-06 18:56:13,2026-10-06 18:56:13
3763,7654517729148043271,7654517729148043271,,JH-0623-萬濢-01-1,,LB-TT,7,122,9月28日,,2026-10-06 18:56:13,,,,2026-10-06 18:56:13,2026-10-06 18:56:13
3764,7654522832935878674,7654522832935878674,,JH-0623-宏川-04-5,,LB-TT,7,122,9月28日,,2026-10-06 18:56:13,,,,2026-10-06 18:56:13,2026-10-06 18:56:13
3765,7654522500684218376,7654522500684218376,,JH-0623-宏川-04-4,,LB-TT,7,122,9月28日,,2026-10-06 18:56:13,,,,2026-10-06 18:56:13,2026-10-06 18:56:13
3766,7654522746692943879,7654522746692943879,,JH-0623-宏川-04-3,,LB-TT,7,122,9月28日,,2026-10-06 18:56:13,,,,2026-10-06 18:56:13,2026-10-06 18:56:13
3767,7654523028725923848,7654523028725923848,,JH-0623-宏川-04-2,,LB-TT,7,122,9月28日,,2026-10-06 18:56:13,,,,2026-10-06 18:56:13,2026-10-06 18:56:13
3768,7654522890406117394,7654522890406117394,,JH-0623-宏川-04-1,,LB-TT,7,122,9月28日,,2026-10-06 18:56:13,,,,2026-10-06 18:56:13,2026-10-06 18:56:13
3769,7655165117173956615,7655165117173956615,,JH-0623-宏川-03-5,,LB-TT,7,122,9月28日,,2026-10-06 18:56:13,,,,2026-10-06 18:56:13,2026-10-06 18:56:13
3770,7655165662671241224,7655165662671241224,,JH-0623-宏川-03-4,,LB-TT,7,122,9月28日,,2026-10-06 18:56:13,,,,2026-10-06 18:56:13,2026-10-06 18:56:13
3771,7655165462288023560,7655165462288023560,,JH-0623-宏川-03-3,,LB-TT,7,122,9月28日,,2026-10-06 18:56:13,,,,2026-10-06 18:56:13,2026-10-06 18:56:13
3772,7655165764026417159,7655165764026417159,,JH-0623-宏川-03-2,,LB-TT,7,122,9月28日,,2026-10-06 18:56:13,,,,2026-10-06 18:56:13,2026-10-06 18:56:13
3773,7655165662671175688,7655165662671175688,,JH-0623-宏川-03-1,,LB-TT,7,122,9月28日,,2026-10-06 18:56:13,,,,2026-10-06 18:56:13,2026-10-06 18:56:13
3774,7655165836327878664,7655165836327878664,,JH-0623-宏川-02-5,,LB-TT,7,122,9月28日,,2026-10-06 18:56:13,,,,2026-10-06 18:56:13,2026-10-06 18:56:13
3775,7655530861525385223,7655530861525385223,,JH-0623-宏川-02-4,,LB-TT,7,122,9月28日,,2026-10-06 18:56:13,,,,2026-10-06 18:56:13,2026-10-06 18:56:13
3776,7655531761826086920,7655531761826086920,,JH-0623-宏川-02-3,,LB-TT,7,122,9月28日,,2026-10-06 18:56:13,,,,2026-10-06 18:56:13,2026-10-06 18:56:13
3777,7655531510398517256,7655531510398517256,,JH-0623-宏川-02-2,,LB-TT,7,122,9月28日,,2026-10-06 18:56:13,,,,2026-10-06 18:56:13,2026-10-06 18:56:13
3778,7655531560137129991,7655531560137129991,,JH-0623-宏川-02-1,,LB-TT,7,122,9月28日,,2026-10-06 18:56:13,,,,2026-10-06 18:56:13,2026-10-06 18:56:13
3779,7655531652726374407,7655531652726374407,,JH-0623-宏川-01-5,,LB-TT,7,122,9月28日,,2026-10-06 18:56:13,,,,2026-10-06 18:56:13,2026-10-06 18:56:13
3780,7655532178998263815,7655532178998263815,,JH-0623-宏川-01-4,,LB-TT,7,122,9月28日,,2026-10-06 18:56:13,,,,2026-10-06 18:56:13,2026-10-06 18:56:13
3781,7655532142309965831,7655532142309965831,,JH-0623-宏川-01-3,,LB-TT,7,122,9月28日,,2026-10-06 18:56:13,,,,2026-10-06 18:56:13,2026-10-06 18:56:13
3782,7655532123558150152,7655532123558150152,,JH-0623-宏川-01-2,,LB-TT,7,122,9月28日,,2026-10-06 18:56:13,,,,2026-10-06 18:56:13,2026-10-06 18:56:13
3783,7655532053269725192,7655532053269725192,,JH-0623-宏川-01-1,,LB-TT,7,122,9月28日,,2026-10-06 18:56:13,,,,2026-10-06 18:56:13,2026-10-06 18:56:13
3784,7654538470840729618,7654538470840729618,,JH-0623-寶麗-04-5,,LB-TT,7,122,9月28日,,2026-10-06 18:56:13,,,,2026-10-06 18:56:13,2026-10-06 18:56:13
3785,7654537352723070994,7654537352723070994,,JH-0623-寶麗-04-4,,LB-TT,7,122,9月28日,,2026-10-06 18:56:13,,,,2026-10-06 18:56:13,2026-10-06 18:56:13
3786,7654537352723005458,7654537352723005458,,JH-0623-寶麗-04-3,,LB-TT,7,122,9月28日,,2026-10-06 18:56:13,,,,2026-10-06 18:56:13,2026-10-06 18:56:13
3787,7654538385773674504,7654538385773674504,,JH-0623-寶麗-04-2,,LB-TT,7,122,9月28日,,2026-10-06 18:56:13,,,,2026-10-06 18:56:13,2026-10-06 18:56:13
3788,7654538750910791688,7654538750910791688,,JH-0623-寶麗-04-1,,LB-TT,7,122,9月28日,,2026-10-06 18:56:13,,,,2026-10-06 18:56:13,2026-10-06 18:56:13
3789,7654538738004230152,7654538738004230152,,JH-0623-寶麗-03-5,,LB-TT,7,122,9月28日,,2026-10-06 18:56:13,,,,2026-10-06 18:56:13,2026-10-06 18:56:13
3790,7654538801951309831,7654538801951309831,,JH-0623-寶麗-03-4,,LB-TT,7,122,9月28日,,2026-10-06 18:56:13,,,,2026-10-06 18:56:13,2026-10-06 18:56:13
3791,7654538832438804488,7654538832438804488,,JH-0623-寶麗-03-3,,LB-TT,7,122,9月28日,,2026-10-06 18:56:13,,,,2026-10-06 18:56:13,2026-10-06 18:56:13
3792,7654538179019390983,7654538179019390983,,JH-0623-寶麗-03-2,,LB-TT,7,122,9月28日,,2026-10-06 18:56:13,,,,2026-10-06 18:56:13,2026-10-06 18:56:13
3793,7654538693025677319,7654538693025677319,,JH-0623-寶麗-03-1,,LB-TT,7,122,9月28日,,2026-10-06 18:56:13,,,,2026-10-06 18:56:13,2026-10-06 18:56:13
3794,7654538934784917522,7654538934784917522,,JH-0623-寶麗-02-5,,LB-TT,7,127,9月28日,,2026-10-06 18:56:13,,,,2026-10-06 18:56:13,2026-10-06 18:56:13
3795,7654538106737623047,7654538106737623047,,JH-0623-寶麗-02-4,,LB-TT,7,127,9月28日,,2026-10-06 18:56:13,,,,2026-10-06 18:56:13,2026-10-06 18:56:13
3796,7654538149821186055,7654538149821186055,,JH-0623-寶麗-02-3,,LB-TT,7,127,9月28日,,2026-10-06 18:56:13,,,,2026-10-06 18:56:13,2026-10-06 18:56:13
3797,7654538281073410055,7654538281073410055,,JH-0623-寶麗-02-2,,LB-TT,7,127,9月28日,,2026-10-06 18:56:13,,,,2026-10-06 18:56:13,2026-10-06 18:56:13
3798,7654538290644713479,7654538290644713479,,JH-0623-寶麗-02-1,,LB-TT,7,127,9月28日,,2026-10-06 18:56:13,,,,2026-10-06 18:56:13,2026-10-06 18:56:13
3799,7655166178486517767,7655166178486517767,,JH-0623-寶麗-01-5,,LB-TT,7,127,9月28日,,2026-10-06 18:56:13,,,,2026-10-06 18:56:13,2026-10-06 18:56:13
3800,7655165986751938567,7655165986751938567,,JH-0623-寶麗-01-4,,LB-TT,7,127,9月28日,,2026-10-06 18:56:13,,,,2026-10-06 18:56:13,2026-10-06 18:56:13
3801,7655165783248699410,7655165783248699410,,JH-0623-寶麗-01-3,,LB-TT,7,127,9月28日,,2026-10-06 18:56:13,,,,2026-10-06 18:56:13,2026-10-06 18:56:13
3802,7655165783248633874,7655165783248633874,,JH-0623-寶麗-01-2,,LB-TT,7,127,9月28日,,2026-10-06 18:56:13,,,,2026-10-06 18:56:13,2026-10-06 18:56:13
3803,7655165803091787784,7655165803091787784,,JH-0623-寶麗-01-1,,LB-TT,7,127,9月28日,,2026-10-06 18:56:13,,,,2026-10-06 18:56:13,2026-10-06 18:56:13
3804,7654568206895595538,7654568206895595538,,JH-0623-方端-04-5,,LB-TT,7,127,9月28日,,2026-10-06 18:56:13,,,,2026-10-06 18:56:13,2026-10-06 18:56:13
3805,7654568912708812808,7654568912708812808,,JH-0623-方端-04-4,,LB-TT,7,127,9月28日,,2026-10-06 18:56:13,,,,2026-10-06 18:56:13,2026-10-06 18:56:13
3806,7654568640858193928,7654568640858193928,,JH-0623-方端-04-3,,LB-TT,7,127,9月28日,,2026-10-06 18:56:13,,,,2026-10-06 18:56:13,2026-10-06 18:56:13
3807,7654568189300539410,7654568189300539410,,JH-0623-方端-04-2,,LB-TT,7,127,9月28日,,2026-10-06 18:56:13,,,,2026-10-06 18:56:13,2026-10-06 18:56:13
3808,7654568927401426962,7654568927401426962,,JH-0623-方端-04-1,,LB-TT,7,127,9月28日,,2026-10-06 18:56:13,,,,2026-10-06 18:56:13,2026-10-06 18:56:13
3809,7654568830976360466,7654568830976360466,,JH-0623-方端-03-5,,LB-TT,7,127,9月28日,,2026-10-06 18:56:13,,,,2026-10-06 18:56:13,2026-10-06 18:56:13
3810,7654569025380450312,7654569025380450312,,JH-0623-方端-03-4,,LB-TT,7,127,9月28日,,2026-10-06 18:56:13,,,,2026-10-06 18:56:13,2026-10-06 18:56:13
3811,7654568559963865096,7654568559963865096,,JH-0623-方端-03-3,,LB-TT,7,127,9月28日,,2026-10-06 18:56:13,,,,2026-10-06 18:56:13,2026-10-06 18:56:13
3812,7654568545011154952,7654568545011154952,,JH-0623-方端-03-2,,LB-TT,7,127,9月28日,,2026-10-06 18:56:13,,,,2026-10-06 18:56:13,2026-10-06 18:56:13
3813,7654568626847776776,7654568626847776776,,JH-0623-方端-03-1,,LB-TT,7,127,9月28日,,2026-10-06 18:56:13,,,,2026-10-06 18:56:13,2026-10-06 18:56:13
3814,7655165803427479559,7655165803427479559,,JH-0623-方端-02-5,,LB-TT,7,127,9月28日,,2026-10-06 18:56:13,,,,2026-10-06 18:56:13,2026-10-06 18:56:13
3815,7655166083562586120,7655166083562586120,,JH-0623-方端-02-4,,LB-TT,7,127,9月28日,,2026-10-06 18:56:13,,,,2026-10-06 18:56:13,2026-10-06 18:56:13
3816,7655165782112010248,7655165782112010248,,JH-0623-方端-02-3,,LB-TT,7,127,9月28日,,2026-10-06 18:56:13,,,,2026-10-06 18:56:13,2026-10-06 18:56:13
3817,7655166105783255048,7655166105783255048,,JH-0623-方端-02-2,,LB-TT,7,127,9月28日,,2026-10-06 18:56:13,,,,2026-10-06 18:56:13,2026-10-06 18:56:13
3818,7655166437601837063,7655166437601837063,,JH-0623-方端-02-1,,LB-TT,7,127,9月28日,,2026-10-06 18:56:13,,,,2026-10-06 18:56:13,2026-10-06 18:56:13
3819,7655165813237825554,7655165813237825554,,JH-0623-方端-01-5,,LB-TT,7,127,9月28日,,2026-10-06 18:56:13,,,,2026-10-06 18:56:13,2026-10-06 18:56:13
3820,7655165832875769863,7655165832875769863,,JH-0623-方端-01-4,,LB-TT,7,127,9月28日,,2026-10-06 18:56:13,,,,2026-10-06 18:56:13,2026-10-06 18:56:13
3821,7655166122534240274,7655166122534240274,,JH-0623-方端-01-3,,LB-TT,7,127,9月28日,,2026-10-06 18:56:13,,,,2026-10-06 18:56:13,2026-10-06 18:56:13
3822,7655166133531738130,7655166133531738130,,JH-0623-方端-01-2,,LB-TT,7,127,9月28日,,2026-10-06 18:56:13,,,,2026-10-06 18:56:13,2026-10-06 18:56:13
3823,7655166046080483336,7655166046080483336,,JH-0623-方端-01-1,,LB-TT,7,127,9月28日,,2026-10-06 18:56:13,,,,2026-10-06 18:56:13,2026-10-06 18:56:13
3824,7654903209609134098,7654903209609134098,,JH-0624-晨茗-04-5,,LB-TT,7,127,9月28日,,2026-10-06 18:56:13,,,,2026-10-06 18:56:13,2026-10-06 18:56:13
3825,7654902945323548679,7654902945323548679,,JH-0624-晨茗-04-4,,LB-TT,7,127,9月28日,,2026-10-06 18:56:13,,,,2026-10-06 18:56:13,2026-10-06 18:56:13
3826,7654903185840029704,7654903185840029704,,JH-0624-晨茗-04-3,,LB-TT,7,127,9月28日,,2026-10-06 18:56:13,,,,2026-10-06 18:56:13,2026-10-06 18:56:13
3827,7654902854846627848,7654902854846627848,,JH-0624-晨茗-04-2,,LB-TT,7,127,9月28日,,2026-10-06 18:56:13,,,,2026-10-06 18:56:13,2026-10-06 18:56:13
3828,7654902865068081160,7654902865068081160,,JH-0624-晨茗-04-1,,LB-TT,7,127,9月28日,,2026-10-06 18:56:13,,,,2026-10-06 18:56:13,2026-10-06 18:56:13
3829,7654876415430574087,7654876415430574087,,JH-0624-晨茗-03-5,,LB-TT,7,127,9月28日,,2026-10-06 18:56:13,,,,2026-10-06 18:56:13,2026-10-06 18:56:13
3830,7654876135037304840,7654876135037304840,,JH-0624-晨茗-03-4,,LB-TT,7,127,9月28日,,2026-10-06 18:56:13,,,,2026-10-06 18:56:13,2026-10-06 18:56:13
3831,7654875320966463496,7654875320966463496,,JH-0624-晨茗-03-3,,LB-TT,7,127,9月28日,,2026-10-06 18:56:13,,,,2026-10-06 18:56:13,2026-10-06 18:56:13
3832,7654876084992458759,7654876084992458759,,JH-0624-晨茗-03-2,,LB-TT,7,127,9月28日,,2026-10-06 18:56:13,,,,2026-10-06 18:56:13,2026-10-06 18:56:13
3833,7654875917227589640,7654875917227589640,,JH-0624-晨茗-03-1,,LB-TT,7,127,9月28日,,2026-10-06 18:56:13,,,,2026-10-06 18:56:13,2026-10-06 18:56:13
3834,7654876011154292754,7654876011154292754,,JH-0624-晨茗-02-5,,LB-TT,7,127,9月28日,,2026-10-06 18:56:13,,,,2026-10-06 18:56:13,2026-10-06 18:56:13
3835,7654876011909316626,7654876011909316626,,JH-0624-晨茗-02-4,,LB-TT,7,127,9月28日,,2026-10-06 18:56:13,,,,2026-10-06 18:56:13,2026-10-06 18:56:13
3836,7654875793683890184,7654875793683890184,,JH-0624-晨茗-02-3,,LB-TT,7,127,9月28日,,2026-10-06 18:56:13,,,,2026-10-06 18:56:13,2026-10-06 18:56:13
3837,7654876135263649800,7654876135263649800,,JH-0624-晨茗-02-2,,LB-TT,7,127,9月28日,,2026-10-06 18:56:13,,,,2026-10-06 18:56:13,2026-10-06 18:56:13
3838,7654875944584216583,7654875944584216583,,JH-0624-晨茗-02-1,,LB-TT,7,127,9月28日,,2026-10-06 18:56:13,,,,2026-10-06 18:56:13,2026-10-06 18:56:13
3839,7654876012035194887,7654876012035194887,,JH-0624-晨茗-01-5,,LB-TT,7,132,9月28日,,2026-10-06 18:56:13,,,,2026-10-06 18:56:13,2026-10-06 18:56:13
3840,7654875793683824648,7654875793683824648,,JH-0624-晨茗-01-4,,LB-TT,7,132,9月28日,,2026-10-06 18:56:13,,,,2026-10-06 18:56:13,2026-10-06 18:56:13
3841,7654875961066504199,7654875961066504199,,JH-0624-晨茗-01-3,,LB-TT,7,132,9月28日,,2026-10-06 18:56:13,,,,2026-10-06 18:56:13,2026-10-06 18:56:13
3842,7654875814791528455,7654875814791528455,,JH-0624-晨茗-01-2,,LB-TT,7,132,9月28日,,2026-10-06 18:56:13,,,,2026-10-06 18:56:13,2026-10-06 18:56:13
3843,7654876012035031047,7654876012035031047,,JH-0624-晨茗-01-1,,LB-TT,7,132,9月28日,,2026-10-06 18:56:13,,,,2026-10-06 18:56:13,2026-10-06 18:56:13
3844,7654904355287973896,7654904355287973896,,JH-0624-豪勝-04-5,,LB-TT,7,132,9月28日,,2026-10-06 18:56:13,,,,2026-10-06 18:56:13,2026-10-06 18:56:13
3845,7654904504248303634,7654904504248303634,,JH-0624-豪勝-04-4,,LB-TT,7,132,9月28日,,2026-10-06 18:56:13,,,,2026-10-06 18:56:13,2026-10-06 18:56:13
3846,7654904117294530567,7654904117294530567,,JH-0624-豪勝-04-3,,LB-TT,7,132,9月28日,,2026-10-06 18:56:13,,,,2026-10-06 18:56:13,2026-10-06 18:56:13
3847,7654904261331107847,7654904261331107847,,JH-0624-豪勝-04-2,,LB-TT,7,132,9月28日,,2026-10-06 18:56:13,,,,2026-10-06 18:56:13,2026-10-06 18:56:13
3848,7654904228176674834,7654904228176674834,,JH-0624-豪勝-04-1,,LB-TT,7,132,9月28日,,2026-10-06 18:56:13,,,,2026-10-06 18:56:13,2026-10-06 18:56:13
3849,7654903145404710920,7654903145404710920,,JH-0624-豪勝-03-5,,LB-TT,7,132,9月28日,,2026-10-06 18:56:13,,,,2026-10-06 18:56:13,2026-10-06 18:56:13
3850,7654903602080399367,7654903602080399367,,JH-0624-豪勝-03-4,,LB-TT,7,132,9月28日,,2026-10-06 18:56:13,,,,2026-10-06 18:56:13,2026-10-06 18:56:13
3851,7654903724091047944,7654903724091047944,,JH-0624-豪勝-03-3,,LB-TT,7,132,9月28日,,2026-10-06 18:56:13,,,,2026-10-06 18:56:13,2026-10-06 18:56:13
3852,7654903679362875400,7654903679362875400,,JH-0624-豪勝-03-2,,LB-TT,7,132,9月28日,,2026-10-06 18:56:13,,,,2026-10-06 18:56:13,2026-10-06 18:56:13
3853,7654903706577584136,7654903706577584136,,JH-0624-豪勝-03-1,,LB-TT,7,132,9月28日,,2026-10-06 18:56:13,,,,2026-10-06 18:56:13,2026-10-06 18:56:13
3854,7654902425597509640,7654902425597509640,,JH-0624-豪勝-02-5,,LB-TT,7,132,9月28日,,2026-10-06 18:56:13,,,,2026-10-06 18:56:13,2026-10-06 18:56:13
3855,7654903074771140626,7654903074771140626,,JH-0624-豪勝-02-4,,LB-TT,7,132,9月28日,,2026-10-06 18:56:13,,,,2026-10-06 18:56:13,2026-10-06 18:56:13
3856,7654902308459233287,7654902308459233287,,JH-0624-豪勝-02-3,,LB-TT,7,132,9月28日,,2026-10-06 18:56:13,,,,2026-10-06 18:56:13,2026-10-06 18:56:13
3857,7654902675512459282,7654902675512459282,,JH-0624-豪勝-02-2,,LB-TT,7,132,9月28日,,2026-10-06 18:56:13,,,,2026-10-06 18:56:13,2026-10-06 18:56:13
3858,7654903386500005896,7654903386500005896,,JH-0624-豪勝-02-1,,LB-TT,7,132,9月28日,,2026-10-06 18:56:13,,,,2026-10-06 18:56:13,2026-10-06 18:56:13
3859,7654897286080069650,7654897286080069650,,JH-0624-豪勝-01-5,,LB-TT,7,132,9月28日,,2026-10-06 18:56:13,,,,2026-10-06 18:56:13,2026-10-06 18:56:13
3860,7654897286080004114,7654897286080004114,,JH-0624-豪勝-01-4,,LB-TT,7,132,9月28日,,2026-10-06 18:56:13,,,,2026-10-06 18:56:13,2026-10-06 18:56:13
3861,7654894504546877448,7654894504546877448,,JH-0624-豪勝-01-3,,LB-TT,7,132,9月28日,,2026-10-06 18:56:13,,,,2026-10-06 18:56:13,2026-10-06 18:56:13
3862,7654893896434466834,7654893896434466834,,JH-0624-豪勝-01-2,,LB-TT,7,132,9月28日,,2026-10-06 18:56:13,,,,2026-10-06 18:56:13,2026-10-06 18:56:13
3863,7654894132502233096,7654894132502233096,,JH-0624-豪勝-01-1,,LB-TT,7,132,9月28日,,2026-10-06 18:56:13,,,,2026-10-06 18:56:13,2026-10-06 18:56:13
3864,7655160190421254162,7655160190421254162,,JH-0624-鴻朗-04-5,,LB-TT,7,132,9月28日,,2026-10-06 18:56:13,,,,2026-10-06 18:56:13,2026-10-06 18:56:13
3865,7655157461659844616,7655157461659844616,,JH-0624-鴻朗-04-4,,LB-TT,7,132,9月28日,,2026-10-06 18:56:13,,,,2026-10-06 18:56:13,2026-10-06 18:56:13
3866,7655160024918458376,7655160024918458376,,JH-0624-鴻朗-04-3,,LB-TT,7,132,9月28日,,2026-10-06 18:56:13,,,,2026-10-06 18:56:13,2026-10-06 18:56:13
3867,7655159808051462151,7655159808051462151,,JH-0624-鴻朗-04-2,,LB-TT,7,132,9月28日,,2026-10-06 18:56:13,,,,2026-10-06 18:56:13,2026-10-06 18:56:13
3868,7655159915065344008,7655159915065344008,,JH-0624-鴻朗-04-1,,LB-TT,7,132,9月28日,,2026-10-06 18:56:13,,,,2026-10-06 18:56:13,2026-10-06 18:56:13
3869,7655159656800894994,7655159656800894994,,JH-0624-鴻朗-03-5,,LB-TT,7,132,9月28日,,2026-10-06 18:56:13,,,,2026-10-06 18:56:13,2026-10-06 18:56:13
3870,7655159993198297096,7655159993198297096,,JH-0624-鴻朗-03-4,,LB-TT,7,132,9月28日,,2026-10-06 18:56:13,,,,2026-10-06 18:56:13,2026-10-06 18:56:13
3871,7655159892329644050,7655159892329644050,,JH-0624-鴻朗-03-3,,LB-TT,7,132,9月28日,,2026-10-06 18:56:13,,,,2026-10-06 18:56:13,2026-10-06 18:56:13
3872,7655160073626599432,7655160073626599432,,JH-0624-鴻朗-03-2,,LB-TT,7,132,9月28日,,2026-10-06 18:56:13,,,,2026-10-06 18:56:13,2026-10-06 18:56:13
3873,7655160348730949639,7655160348730949639,,JH-0624-鴻朗-03-1,,LB-TT,7,132,9月28日,,2026-10-06 18:56:13,,,,2026-10-06 18:56:13,2026-10-06 18:56:13
3874,7654907169782956039,7654907169782956039,,JH-0624-鴻朗-02-5,,LB-TT,7,132,9月28日,,2026-10-06 18:56:13,,,,2026-10-06 18:56:13,2026-10-06 18:56:13
3875,7654906527552962578,7654906527552962578,,JH-0624-鴻朗-02-4,,LB-TT,7,132,9月28日,,2026-10-06 18:56:13,,,,2026-10-06 18:56:13,2026-10-06 18:56:13
3876,7654906524338520082,7654906524338520082,,JH-0624-鴻朗-02-3,,LB-TT,7,132,9月28日,,2026-10-06 18:56:13,,,,2026-10-06 18:56:13,2026-10-06 18:56:13
3877,7654907095025287175,7654907095025287175,,JH-0624-鴻朗-02-2,,LB-TT,7,132,9月28日,,2026-10-06 18:56:13,,,,2026-10-06 18:56:13,2026-10-06 18:56:13
3878,7654906762944053255,7654906762944053255,,JH-0624-鴻朗-02-1,,LB-TT,7,132,9月28日,,2026-10-06 18:56:13,,,,2026-10-06 18:56:13,2026-10-06 18:56:13
3879,7654906574747287560,7654906574747287560,,JH-0624-鴻朗-01-5,,LB-TT,7,132,9月28日,,2026-10-06 18:56:13,,,,2026-10-06 18:56:13,2026-10-06 18:56:13
3880,7654907135180062728,7654907135180062728,,JH-0624-鴻朗-01-4,,LB-TT,7,132,9月28日,,2026-10-06 18:56:13,,,,2026-10-06 18:56:13,2026-10-06 18:56:13
3881,7654906970859651080,7654906970859651080,,JH-0624-鴻朗-01-3,,LB-TT,7,132,9月28日,,2026-10-06 18:56:13,,,,2026-10-06 18:56:13,2026-10-06 18:56:13
3882,7654906995887128594,7654906995887128594,,JH-0624-鴻朗-01-2,,LB-TT,7,132,9月28日,,2026-10-06 18:56:13,,,,2026-10-06 18:56:13,2026-10-06 18:56:13
3883,7654906803123011602,7654906803123011602,,JH-0624-鴻朗-01-1,,LB-TT,7,132,9月28日,,2026-10-06 18:56:13,,,,2026-10-06 18:56:13,2026-10-06 18:56:13
3884,7655175488457064455,7655175488457064455,,JH-0625-瑞承-04-5,,LB-TT,7,130,9月28日,,2026-10-06 18:56:13,,,,2026-10-06 18:56:13,2026-10-06 18:56:13
3885,7655175675204173832,7655175675204173832,,JH-0625-瑞承-04-4,,LB-TT,7,130,9月28日,,2026-10-06 18:56:13,,,,2026-10-06 18:56:13,2026-10-06 18:56:13
3886,7655175614202380296,7655175614202380296,,JH-0625-瑞承-04-3,,LB-TT,7,130,9月28日,,2026-10-06 18:56:13,,,,2026-10-06 18:56:13,2026-10-06 18:56:13
3887,7655176336712990728,7655176336712990728,,JH-0625-瑞承-04-2,,LB-TT,7,130,9月28日,,2026-10-06 18:56:13,,,,2026-10-06 18:56:13,2026-10-06 18:56:13
3888,7655175675229405202,7655175675229405202,,JH-0625-瑞承-04-1,,LB-TT,7,130,9月28日,,2026-10-06 18:56:13,,,,2026-10-06 18:56:13,2026-10-06 18:56:13
3889,7655175553208664071,7655175553208664071,,JH-0625-瑞承-03-5,,LB-TT,7,130,9月28日,,2026-10-06 18:56:13,,,,2026-10-06 18:56:13,2026-10-06 18:56:13
3890,7655176467027460114,7655176467027460114,,JH-0625-瑞承-03-4,,LB-TT,7,130,9月28日,,2026-10-06 18:56:13,,,,2026-10-06 18:56:13,2026-10-06 18:56:13
3891,7655175655797620744,7655175655797620744,,JH-0625-瑞承-03-3,,LB-TT,7,130,9月28日,,2026-10-06 18:56:13,,,,2026-10-06 18:56:13,2026-10-06 18:56:13
3892,7655176090146783240,7655176090146783240,,JH-0625-瑞承-03-2,,LB-TT,7,130,9月28日,,2026-10-06 18:56:13,,,,2026-10-06 18:56:13,2026-10-06 18:56:13
3893,7655175895980015623,7655175895980015623,,JH-0625-瑞承-03-1,,LB-TT,7,130,9月28日,,2026-10-06 18:56:13,,,,2026-10-06 18:56:13,2026-10-06 18:56:13
3894,7655527561958572050,7655527561958572050,,JH-0625-瑞承-02-5,,LB-TT,7,130,9月28日,,2026-10-06 18:56:13,,,,2026-10-06 18:56:13,2026-10-06 18:56:13
3895,7655527459229630472,7655527459229630472,,JH-0625-瑞承-02-4,,LB-TT,7,130,9月28日,,2026-10-06 18:56:13,,,,2026-10-06 18:56:13,2026-10-06 18:56:13
3896,7655527435693309960,7655527435693309960,,JH-0625-瑞承-02-3,,LB-TT,7,130,9月28日,,2026-10-06 18:56:13,,,,2026-10-06 18:56:13,2026-10-06 18:56:13
3897,7655526937666060295,7655526937666060295,,JH-0625-瑞承-02-2,,LB-TT,7,130,9月28日,,2026-10-06 18:56:13,,,,2026-10-06 18:56:13,2026-10-06 18:56:13
3898,7655527340822429714,7655527340822429714,,JH-0625-瑞承-02-1,,LB-TT,7,130,9月28日,,2026-10-06 18:56:13,,,,2026-10-06 18:56:13,2026-10-06 18:56:13
3899,7655527254924787719,7655527254924787719,,JH-0625-瑞承-01-5,,LB-TT,7,130,9月28日,,2026-10-06 18:56:13,,,,2026-10-06 18:56:13,2026-10-06 18:56:13
3900,7655527579817902087,7655527579817902087,,JH-0625-瑞承-01-4,,LB-TT,7,130,9月28日,,2026-10-06 18:56:13,,,,2026-10-06 18:56:13,2026-10-06 18:56:13
3901,7655543575085596680,7655543575085596680,,JH-0625-瑞承-01-3,,LB-TT,7,130,9月28日,,2026-10-06 18:56:13,,,,2026-10-06 18:56:13,2026-10-06 18:56:13
3902,7655543199867486226,7655543199867486226,,JH-0625-瑞承-01-2,,LB-TT,7,130,9月28日,,2026-10-06 18:56:13,,,,2026-10-06 18:56:13,2026-10-06 18:56:13
3903,7655543638272950290,7655543638272950290,,JH-0625-瑞承-01-1,,LB-TT,7,130,9月28日,,2026-10-06 18:56:13,,,,2026-10-06 18:56:13,2026-10-06 18:56:13
3904,7655520421953159175,7655520421953159175,,JH-0625-皓軒-04-5,,LB-TT,7,130,9月28日,,2026-10-06 18:56:13,,,,2026-10-06 18:56:13,2026-10-06 18:56:13
3905,7655520378080690184,7655520378080690184,,JH-0625-皓軒-04-4,,LB-TT,7,130,9月28日,,2026-10-06 18:56:13,,,,2026-10-06 18:56:13,2026-10-06 18:56:13
3906,7655520778808475656,7655520778808475656,,JH-0625-皓軒-04-3,,LB-TT,7,130,9月28日,,2026-10-06 18:56:13,,,,2026-10-06 18:56:13,2026-10-06 18:56:13
3907,7655520580749475848,7655520580749475848,,JH-0625-皓軒-04-2,,LB-TT,7,130,9月28日,,2026-10-06 18:56:13,,,,2026-10-06 18:56:13,2026-10-06 18:56:13
3908,7655520407969562632,7655520407969562632,,JH-0625-皓軒-04-1,,LB-TT,7,130,9月28日,,2026-10-06 18:56:13,,,,2026-10-06 18:56:13,2026-10-06 18:56:13
3909,7655520713188622354,7655520713188622354,,JH-0625-皓軒-03-5,,LB-TT,7,130,9月28日,,2026-10-06 18:56:13,,,,2026-10-06 18:56:13,2026-10-06 18:56:13
3910,7655520344507170823,7655520344507170823,,JH-0625-皓軒-03-4,,LB-TT,7,130,9月28日,,2026-10-06 18:56:13,,,,2026-10-06 18:56:13,2026-10-06 18:56:13
3911,7655520518115934216,7655520518115934216,,JH-0625-皓軒-03-3,,LB-TT,7,130,9月28日,,2026-10-06 18:56:13,,,,2026-10-06 18:56:13,2026-10-06 18:56:13
3912,7655519918393196551,7655519918393196551,,JH-0625-皓軒-03-2,,LB-TT,7,130,9月28日,,2026-10-06 18:56:13,,,,2026-10-06 18:56:13,2026-10-06 18:56:13
3913,7655519837728407570,7655519837728407570,,JH-0625-皓軒-03-1,,LB-TT,7,130,9月28日,,2026-10-06 18:56:13,,,,2026-10-06 18:56:13,2026-10-06 18:56:13
3914,7655520861621043208,7655520861621043208,,JH-0625-皓軒-02-5,,LB-TT,7,130,9月28日,,2026-10-06 18:56:13,,,,2026-10-06 18:56:13,2026-10-06 18:56:13
3915,7655520358205718535,7655520358205718535,,JH-0625-皓軒-02-4,,LB-TT,7,130,9月28日,,2026-10-06 18:56:13,,,,2026-10-06 18:56:13,2026-10-06 18:56:13
3916,7655520966853689352,7655520966853689352,,JH-0625-皓軒-02-3,,LB-TT,7,130,9月28日,,2026-10-06 18:56:13,,,,2026-10-06 18:56:13,2026-10-06 18:56:13
3917,7655520904142667783,7655520904142667783,,JH-0625-皓軒-02-2,,LB-TT,7,130,9月28日,,2026-10-06 18:56:13,,,,2026-10-06 18:56:13,2026-10-06 18:56:13
3918,7655520539164508167,7655520539164508167,,JH-0625-皓軒-02-1,,LB-TT,7,130,9月28日,,2026-10-06 18:56:13,,,,2026-10-06 18:56:13,2026-10-06 18:56:13
3919,7655520388734107655,7655520388734107655,,JH-0625-皓軒-01-5,,LB-TT,7,130,9月28日,,2026-10-06 18:56:13,,,,2026-10-06 18:56:13,2026-10-06 18:56:13
3920,7655520744297775112,7655520744297775112,,JH-0625-皓軒-01-4,,LB-TT,7,130,9月28日,,2026-10-06 18:56:13,,,,2026-10-06 18:56:13,2026-10-06 18:56:13
3921,7655520839491715080,7655520839491715080,,JH-0625-皓軒-01-3,,LB-TT,7,130,9月28日,,2026-10-06 18:56:13,,,,2026-10-06 18:56:13,2026-10-06 18:56:13
3922,7655520735309856776,7655520735309856776,,JH-0625-皓軒-01-2,,LB-TT,7,130,9月28日,,2026-10-06 18:56:13,,,,2026-10-06 18:56:13,2026-10-06 18:56:13
3923,7655520839064109063,7655520839064109063,,JH-0625-皓軒-01-1,,LB-TT,7,130,9月28日,,2026-10-06 18:56:13,,,,2026-10-06 18:56:13,2026-10-06 18:56:13
3924,7655249664431636488,7655249664431636488,,JH-0625-惠騰-04-5,,LB-TT,7,,9月28日,,2026-10-06 18:56:13,,,,2026-10-06 18:56:13,2026-10-06 18:56:13
3925,7655249623226564616,7655249623226564616,,JH-0625-惠騰-04-4,,LB-TT,7,130,9月28日,,2026-10-06 18:56:13,,,,2026-10-06 18:56:13,2026-10-06 18:56:13
3926,7655249770319429650,7655249770319429650,,JH-0625-惠騰-04-3,,LB-TT,7,130,9月28日,,2026-10-06 18:56:13,,,,2026-10-06 18:56:13,2026-10-06 18:56:13
3927,7655249527414816776,7655249527414816776,,JH-0625-惠騰-04-2,,LB-TT,7,130,9月28日,,2026-10-06 18:56:13,,,,2026-10-06 18:56:13,2026-10-06 18:56:13
3928,7655249735172440082,7655249735172440082,,JH-0625-惠騰-04-1,,LB-TT,7,130,9月28日,,2026-10-06 18:56:13,,,,2026-10-06 18:56:13,2026-10-06 18:56:13
3929,7655249735172341778,7655249735172341778,,JH-0625-惠騰-03-5,,LB-TT,7,125,9月28日,,2026-10-06 18:56:13,,,,2026-10-06 18:56:13,2026-10-06 18:56:13
3930,7655249547588993031,7655249547588993031,,JH-0625-惠騰-03-4,,LB-TT,7,125,9月28日,,2026-10-06 18:56:13,,,,2026-10-06 18:56:13,2026-10-06 18:56:13
3931,7655249626471366674,7655249626471366674,,JH-0625-惠騰-03-3,,LB-TT,7,125,9月28日,,2026-10-06 18:56:13,,,,2026-10-06 18:56:13,2026-10-06 18:56:13
3932,7655249253623431175,7655249253623431175,,JH-0625-惠騰-03-2,,LB-TT,7,125,9月28日,,2026-10-06 18:56:13,,,,2026-10-06 18:56:13,2026-10-06 18:56:13
3933,7655249533517234194,7655249533517234194,,JH-0625-惠騰-03-1,,LB-TT,7,125,9月28日,,2026-10-06 18:56:13,,,,2026-10-06 18:56:13,2026-10-06 18:56:13
3934,7655250085806981128,7655250085806981128,,JH-0625-惠騰-02-5,,LB-TT,7,125,9月28日,,2026-10-06 18:56:13,,,,2026-10-06 18:56:13,2026-10-06 18:56:13
3935,7655250174268358674,7655250174268358674,,JH-0625-惠騰-02-4,,LB-TT,7,125,9月28日,,2026-10-06 18:56:13,,,,2026-10-06 18:56:13,2026-10-06 18:56:13
3936,7655249825652129810,7655249825652129810,,JH-0625-惠騰-02-3,,LB-TT,7,125,9月28日,,2026-10-06 18:56:13,,,,2026-10-06 18:56:13,2026-10-06 18:56:13
3937,7655250243237724167,7655250243237724167,,JH-0625-惠騰-02-2,,LB-TT,7,125,9月28日,,2026-10-06 18:56:13,,,,2026-10-06 18:56:13,2026-10-06 18:56:13
3938,7655250014183473170,7655250014183473170,,JH-0625-惠騰-02-1,,LB-TT,7,125,9月28日,,2026-10-06 18:56:13,,,,2026-10-06 18:56:13,2026-10-06 18:56:13
3939,7655249452009209863,7655249452009209863,,JH-0625-惠騰-01-5,,LB-TT,7,,9月28日,,2026-10-06 18:56:13,,,,2026-10-06 18:56:13,2026-10-06 18:56:13
3940,7655250085806850056,7655250085806850056,,JH-0625-惠騰-01-4,,LB-TT,7,125,9月28日,,2026-10-06 18:56:13,,,,2026-10-06 18:56:13,2026-10-06 18:56:13
3941,7655249825651867666,7655249825651867666,,JH-0625-惠騰-01-3,,LB-TT,7,125,9月28日,,2026-10-06 18:56:13,,,,2026-10-06 18:56:13,2026-10-06 18:56:13
3942,7655249738811424786,7655249738811424786,,JH-0625-惠騰-01-2,,LB-TT,7,125,9月28日,,2026-10-06 18:56:13,,,,2026-10-06 18:56:13,2026-10-06 18:56:13
3943,7655249770319560722,7655249770319560722,,JH-0625-惠騰-01-1,,LB-TT,7,125,9月28日,,2026-10-06 18:56:13,,,,2026-10-06 18:56:13,2026-10-06 18:56:13
3944,7657092996319690760,7657092996319690760,,JH-0626-合美-01-2,,LB-TT,7,125,9月28日,,2026-10-06 18:56:13,,,,2026-10-06 18:56:13,2026-10-06 18:56:13
3945,7657093078691610632,7657093078691610632,,JH-0626-合美-01-1,,LB-TT,7,125,9月28日,,2026-10-06 18:56:13,,,,2026-10-06 18:56:13,2026-10-06 18:56:13
3946,7657093431973380114,7657093431973380114,,JH-0626-合美-01-5,,LB-TT,7,125,9月28日,,2026-10-06 18:56:13,,,,2026-10-06 18:56:13,2026-10-06 18:56:13
3947,7655617839969124370,7655617839969124370,,JH-合美-0626-04-2,,LB-TT,7,125,9月28日,,2026-10-06 18:56:13,,,,2026-10-06 18:56:13,2026-10-06 18:56:13
3948,7655618063324413959,7655618063324413959,,JH-合美-0626-04-3,,LB-TT,7,125,9月28日,,2026-10-06 18:56:13,,,,2026-10-06 18:56:13,2026-10-06 18:56:13
3949,7655617869614514183,7655617869614514183,,JH-合美-0626-04-4,,LB-TT,7,125,9月28日,,2026-10-06 18:56:13,,,,2026-10-06 18:56:13,2026-10-06 18:56:13
3950,7655617901587709960,7655617901587709960,,JH-合美-0626-04-5,,LB-TT,7,125,9月28日,,2026-10-06 18:56:13,,,,2026-10-06 18:56:13,2026-10-06 18:56:13
3951,7655617877319876615,7655617877319876615,,JH-0626-合美-03-1,,LB-TT,7,125,9月28日,,2026-10-06 18:56:13,,,,2026-10-06 18:56:13,2026-10-06 18:56:13
3952,7655617993178759186,7655617993178759186,,JH-0626-合美-03-2,,LB-TT,7,125,9月28日,,2026-10-06 18:56:13,,,,2026-10-06 18:56:13,2026-10-06 18:56:13
3953,7655617299902431250,7655617299902431250,,JH-0626-合美-03-3,,LB-TT,7,125,9月28日,,2026-10-06 18:56:13,,,,2026-10-06 18:56:13,2026-10-06 18:56:13
3954,7655617164803833864,7655617164803833864,,JH-0626-合美-03-4,,LB-TT,7,125,9月28日,,2026-10-06 18:56:13,,,,2026-10-06 18:56:13,2026-10-06 18:56:13
3955,7655617458908381192,7655617458908381192,,JH-0626-合美-03-5,,LB-TT,7,125,9月28日,,2026-10-06 18:56:13,,,,2026-10-06 18:56:13,2026-10-06 18:56:13
3956,7655617904980869138,7655617904980869138,,JH-合美-0626-04-1,,LB-TT,7,125,9月28日,,2026-10-06 18:56:13,,,,2026-10-06 18:56:13,2026-10-06 18:56:13
3957,7657775335483949074,7657775335483949074,,JH-0626-合美-01-3,,LB-TT,7,125,9月28日,,2026-10-06 18:56:13,,,,2026-10-06 18:56:13,2026-10-06 18:56:13
3958,7657775738170392583,7657775738170392583,,JH-0626-合美-01-4,,LB-TT,7,125,9月28日,,2026-10-06 18:56:13,,,,2026-10-06 18:56:13,2026-10-06 18:56:13
3959,7657775670708486162,7657775670708486162,,JH-0626-合美-02-1,,LB-TT,7,125,9月28日,,2026-10-06 18:56:13,,,,2026-10-06 18:56:13,2026-10-06 18:56:13
3960,7657775624815345672,7657775624815345672,,JH-0626-合美-02-2,,LB-TT,7,125,9月28日,,2026-10-06 18:56:13,,,,2026-10-06 18:56:13,2026-10-06 18:56:13
3961,7657775765731508231,7657775765731508231,,JH-0626-合美-02-3,,LB-TT,7,125,9月28日,,2026-10-06 18:56:13,,,,2026-10-06 18:56:13,2026-10-06 18:56:13
3962,7657775033921126407,7657775033921126407,,JH-0626-合美-02-4,,LB-TT,7,125,9月28日,,2026-10-06 18:56:13,,,,2026-10-06 18:56:13,2026-10-06 18:56:13
3963,7657775571871645714,7657775571871645714,,JH-0626-合美-02-5,,LB-TT,7,125,9月28日,,2026-10-06 18:56:13,,,,2026-10-06 18:56:13,2026-10-06 18:56:13
3964,7655624294613057543,7655624294613057543,,JH-0626-華石-04-5,,LB-TT,7,125,9月28日,,2026-10-06 18:56:13,,,,2026-10-06 18:56:13,2026-10-06 18:56:13
3965,7655624677407883282,7655624677407883282,,JH-0626-華石-04-4,,LB-TT,7,125,9月28日,,2026-10-06 18:56:13,,,,2026-10-06 18:56:13,2026-10-06 18:56:13
3966,7655624618656989191,7655624618656989191,,JH-0626-華石-04-3,,LB-TT,7,125,9月28日,,2026-10-06 18:56:13,,,,2026-10-06 18:56:13,2026-10-06 18:56:13
3967,7655624535223582728,7655624535223582728,,JH-0626-華石-04-2,,LB-TT,7,125,9月28日,,2026-10-06 18:56:13,,,,2026-10-06 18:56:13,2026-10-06 18:56:13
3968,7655624199880605703,7655624199880605703,,JH-0626-華石-04-1,,LB-TT,7,125,9月28日,,2026-10-06 18:56:13,,,,2026-10-06 18:56:13,2026-10-06 18:56:13
3969,7655624512796409863,7655624512796409863,,JH-0626-華石-03-5,,LB-TT,7,125,9月28日,,2026-10-06 18:56:13,,,,2026-10-06 18:56:13,2026-10-06 18:56:13
3970,7655624390335447048,7655624390335447048,,JH-0626-華石-03-4,,LB-TT,7,125,9月28日,,2026-10-06 18:56:13,,,,2026-10-06 18:56:13,2026-10-06 18:56:13
3971,7655624414343774226,7655624414343774226,,JH-0626-華石-03-3,,LB-TT,7,125,9月28日,,2026-10-06 18:56:13,,,,2026-10-06 18:56:13,2026-10-06 18:56:13
3972,7655624199880540167,7655624199880540167,,JH-0626-華石-03-2,,LB-TT,7,125,9月28日,,2026-10-06 18:56:13,,,,2026-10-06 18:56:13,2026-10-06 18:56:13
3973,7655624088509251591,7655624088509251591,,JH-0626-華石-03-1,,LB-TT,7,125,9月28日,,2026-10-06 18:56:13,,,,2026-10-06 18:56:13,2026-10-06 18:56:13
3974,7655625549926350855,7655625549926350855,,JH-0626-華石-02-5,,LB-TT,7,124,9月28日,,2026-10-06 18:56:13,,,,2026-10-06 18:56:13,2026-10-06 18:56:13
3975,7655625713319100424,7655625713319100424,,JH-0626-華石-02-4,,LB-TT,7,124,9月28日,,2026-10-06 18:56:13,,,,2026-10-06 18:56:13,2026-10-06 18:56:13
3976,7655625820053995538,7655625820053995538,,JH-0626-華石-02-3,,LB-TT,7,124,9月28日,,2026-10-06 18:56:13,,,,2026-10-06 18:56:13,2026-10-06 18:56:13
3977,7655625836791382034,7655625836791382034,,JH-0626-華石-02-2,,LB-TT,7,124,9月28日,,2026-10-06 18:56:13,,,,2026-10-06 18:56:13,2026-10-06 18:56:13
3978,7655625618403098642,7655625618403098642,,JH-0626-華石-02-1,,LB-TT,7,124,9月28日,,2026-10-06 18:56:13,,,,2026-10-06 18:56:13,2026-10-06 18:56:13
3979,7655625713319034888,7655625713319034888,,JH-0626-華石-01-5,,LB-TT,7,124,9月28日,,2026-10-06 18:56:13,,,,2026-10-06 18:56:13,2026-10-06 18:56:13
3980,7655625240751702023,7655625240751702023,,JH-0626-華石-01-4,,LB-TT,7,124,9月28日,,2026-10-06 18:56:13,,,,2026-10-06 18:56:13,2026-10-06 18:56:13
3981,7655625611235885064,7655625611235885064,,JH-0626-華石-01-3,,LB-TT,7,124,9月28日,,2026-10-06 18:56:13,,,,2026-10-06 18:56:13,2026-10-06 18:56:13
3982,7655625519437889544,7655625519437889544,,JH-0626-華石-01-2,,LB-TT,7,124,9月28日,,2026-10-06 18:56:13,,,,2026-10-06 18:56:13,2026-10-06 18:56:13
3983,7655625343073091592,7655625343073091592,,JH-0626-華石-01-1,,LB-TT,7,124,9月28日,,2026-10-06 18:56:13,,,,2026-10-06 18:56:13,2026-10-06 18:56:13
3984,7655632012065570824,7655632012065570824,,JH-0626-瑾瑜-04-5,,LB-TT,7,124,9月28日,,2026-10-06 18:56:13,,,,2026-10-06 18:56:13,2026-10-06 18:56:13
3985,7655632125646127112,7655632125646127112,,JH-0626-瑾瑜-04-4,,LB-TT,7,124,9月28日,,2026-10-06 18:56:13,,,,2026-10-06 18:56:13,2026-10-06 18:56:13
3986,7655632142375632903,7655632142375632903,,JH-0626-瑾瑜-04-3,,LB-TT,7,124,9月28日,,2026-10-06 18:56:13,,,,2026-10-06 18:56:13,2026-10-06 18:56:13
3987,7655632134606585863,7655632134606585863,,JH-0626-瑾瑜-04-2,,LB-TT,7,124,9月28日,,2026-10-06 18:56:13,,,,2026-10-06 18:56:13,2026-10-06 18:56:13
3988,7655632142375534599,7655632142375534599,,JH-0626-瑾瑜-04-1,,LB-TT,7,124,9月28日,,2026-10-06 18:56:13,,,,2026-10-06 18:56:13,2026-10-06 18:56:13
3989,7655631889530208263,7655631889530208263,,JH-0626-瑾瑜-03-5,,LB-TT,7,124,9月28日,,2026-10-06 18:56:13,,,,2026-10-06 18:56:13,2026-10-06 18:56:13
3990,7655631985507106834,7655631985507106834,,JH-0626-瑾瑜-03-4,,LB-TT,7,124,9月28日,,2026-10-06 18:56:13,,,,2026-10-06 18:56:13,2026-10-06 18:56:13
3991,7655631985947279378,7655631985947279378,,JH-0626-瑾瑜-03-3,,LB-TT,7,124,9月28日,,2026-10-06 18:56:13,,,,2026-10-06 18:56:13,2026-10-06 18:56:13
3992,7655631667503235080,7655631667503235080,,JH-0626-瑾瑜-03-2,,LB-TT,7,124,9月28日,,2026-10-06 18:56:13,,,,2026-10-06 18:56:13,2026-10-06 18:56:13
3993,7655632125646061576,7655632125646061576,,JH-0626-瑾瑜-03-1,,LB-TT,7,124,9月28日,,2026-10-06 18:56:13,,,,2026-10-06 18:56:13,2026-10-06 18:56:13
3994,7655632516276649991,7655632516276649991,,JH-0626-瑾瑜-02-5,,LB-TT,7,124,9月28日,,2026-10-06 18:56:13,,,,2026-10-06 18:56:13,2026-10-06 18:56:13
3995,7655632204302909458,7655632204302909458,,JH-0626-瑾瑜-02-4,,LB-TT,7,124,9月28日,,2026-10-06 18:56:13,,,,2026-10-06 18:56:13,2026-10-06 18:56:13
3996,7655632284189114376,7655632284189114376,,JH-0626-瑾瑜-02-3,,LB-TT,7,124,9月28日,,2026-10-06 18:56:13,,,,2026-10-06 18:56:13,2026-10-06 18:56:13
3997,7655632308871217170,7655632308871217170,,JH-0626-瑾瑜-02-2,,LB-TT,7,124,9月28日,,2026-10-06 18:56:13,,,,2026-10-06 18:56:13,2026-10-06 18:56:13
3998,7655632267380916242,7655632267380916242,,JH-0626-瑾瑜-02-1,,LB-TT,7,124,9月28日,,2026-10-06 18:56:13,,,,2026-10-06 18:56:13,2026-10-06 18:56:13
3999,7655632366448214024,7655632366448214024,,JH-0626-瑾瑜-01-5,,LB-TT,7,124,9月28日,,2026-10-06 18:56:13,,,,2026-10-06 18:56:13,2026-10-06 18:56:13
4000,7655632401959354375,7655632401959354375,,JH-0626-瑾瑜-01-4,,LB-TT,7,124,9月28日,,2026-10-06 18:56:13,,,,2026-10-06 18:56:13,2026-10-06 18:56:13
4001,7655632118422224903,7655632118422224903,,JH-0626-瑾瑜-01-3,,LB-TT,7,124,9月28日,,2026-10-06 18:56:13,,,,2026-10-06 18:56:13,2026-10-06 18:56:13
4002,7655632345374195719,7655632345374195719,,JH-0626-瑾瑜-01-2,,LB-TT,7,124,9月28日,,2026-10-06 18:56:13,,,,2026-10-06 18:56:13,2026-10-06 18:56:13
4003,7655632359789953032,7655632359789953032,,JH-0626-瑾瑜-01-1,,LB-TT,7,124,9月28日,,2026-10-06 18:56:13,,,,2026-10-06 18:56:13,2026-10-06 18:56:13
4004,7655633574292406279,7655633574292406279,,JH-0626-匡正-04-5,,LB-TT,7,124,9月28日,,2026-10-06 18:56:13,,,,2026-10-06 18:56:13,2026-10-06 18:56:13
4005,7655633024666861586,7655633024666861586,,JH-0626-匡正-04-4,,LB-TT,7,124,9月28日,,2026-10-06 18:56:13,,,,2026-10-06 18:56:13,2026-10-06 18:56:13
4006,7655633559905943560,7655633559905943560,,JH-0626-匡正-04-3,,LB-TT,7,124,9月28日,,2026-10-06 18:56:13,,,,2026-10-06 18:56:13,2026-10-06 18:56:13
4007,7655633334799450119,7655633334799450119,,JH-0626-匡正-04-2,,LB-TT,7,124,9月28日,,2026-10-06 18:56:13,,,,2026-10-06 18:56:13,2026-10-06 18:56:13
4008,7655633222713491464,7655633222713491464,,JH-0626-匡正-04-1,,LB-TT,7,124,9月28日,,2026-10-06 18:56:13,,,,2026-10-06 18:56:13,2026-10-06 18:56:13
4009,7655633376589873159,7655633376589873159,,JH-0626-匡正-03-5,,LB-TT,7,124,9月28日,,2026-10-06 18:56:13,,,,2026-10-06 18:56:13,2026-10-06 18:56:13
4010,7655633153188593682,7655633153188593682,,JH-0626-匡正-03-4,,LB-TT,7,,9月28日,,2026-10-06 18:56:13,,,,2026-10-06 18:56:13,2026-10-06 18:56:13
4011,7655633024666796050,7655633024666796050,,JH-0626-匡正-03-3,,LB-TT,7,124,9月28日,,2026-10-06 18:56:13,,,,2026-10-06 18:56:13,2026-10-06 18:56:13
4012,7655633301302820882,7655633301302820882,,JH-0626-匡正-03-2,,LB-TT,7,124,9月28日,,2026-10-06 18:56:13,,,,2026-10-06 18:56:13,2026-10-06 18:56:13
4013,7655697586816483336,7655697586816483336,,JH-0626-匡正-03-1-1,,LB-TT,7,124,9月28日,,2026-10-06 18:56:13,,,,2026-10-06 18:56:13,2026-10-06 18:56:13
4014,7655633875138330631,7655633875138330631,,JH-0626-匡正-02-5,,LB-TT,7,124,9月28日,,2026-10-06 18:56:13,,,,2026-10-06 18:56:13,2026-10-06 18:56:13
4015,7655633600542326802,7655633600542326802,,JH-0626-匡正-02-4,,LB-TT,7,124,9月28日,,2026-10-06 18:56:13,,,,2026-10-06 18:56:13,2026-10-06 18:56:13
4016,7655633648470491144,7655633648470491144,,JH-0626-匡正-02-3,,LB-TT,7,124,9月28日,,2026-10-06 18:56:13,,,,2026-10-06 18:56:13,2026-10-06 18:56:13
4017,7655633820909240328,7655633820909240328,,JH-0626-匡正-02-2,,LB-TT,7,124,9月28日,,2026-10-06 18:56:13,,,,2026-10-06 18:56:13,2026-10-06 18:56:13
4018,7655633628252143634,7655633628252143634,,JH-0626-匡正-02-1,,LB-TT,7,124,9月28日,,2026-10-06 18:56:13,,,,2026-10-06 18:56:13,2026-10-06 18:56:13
4019,7654803919817850898,7654803919817850898,,JH-富能+8-0624-3-5,,LB-TT,8,122,9月28日,,2026-10-06 18:56:13,,,,2026-10-06 18:56:13,2026-10-06 18:56:13
4020,7654804035337404434,7654804035337404434,,JH-富能+8-0624-3-4,,LB-TT,8,122,9月28日,,2026-10-06 18:56:13,,,,2026-10-06 18:56:13,2026-10-06 18:56:13
4021,7654804017763434514,7654804017763434514,,JH-富能+8-0624-3-3,,LB-TT,8,122,9月28日,,2026-10-06 18:56:13,,,,2026-10-06 18:56:13,2026-10-06 18:56:13
4022,7654803630235140103,7654803630235140103,,JH-富能+8-0624-3-2,,LB-TT,8,122,9月28日,,2026-10-06 18:56:13,,,,2026-10-06 18:56:13,2026-10-06 18:56:13
4023,7654803930530267154,7654803930530267154,,JH-富能+8-0624-3-1,,LB-TT,8,122,9月28日,,2026-10-06 18:56:13,,,,2026-10-06 18:56:13,2026-10-06 18:56:13
4024,7654803889241276434,7654803889241276434,,JH-富能+8-0624-2-5,,LB-TT,8,122,9月28日,,2026-10-06 18:56:13,,,,2026-10-06 18:56:13,2026-10-06 18:56:13
4025,7654803951723888658,7654803951723888658,,JH-富能+8-0624-2-4,,LB-TT,8,122,9月28日,,2026-10-06 18:56:13,,,,2026-10-06 18:56:13,2026-10-06 18:56:13
4026,7654803833729843207,7654803833729843207,,JH-富能+8-0624-2-3,,LB-TT,8,122,9月28日,,2026-10-06 18:56:13,,,,2026-10-06 18:56:13,2026-10-06 18:56:13
4027,7654803564263604231,7654803564263604231,,JH-富能+8-0624-2-2,,LB-TT,8,122,9月28日,,2026-10-06 18:56:13,,,,2026-10-06 18:56:13,2026-10-06 18:56:13
4028,7654804017763237906,7654804017763237906,,JH-富能+8-0624-2-1,,LB-TT,8,122,9月28日,,2026-10-06 18:56:13,,,,2026-10-06 18:56:13,2026-10-06 18:56:13
4029,7654804275469893639,7654804275469893639,,JH-富能+8-0624-1-5,,LB-TT,8,122,9月28日,,2026-10-06 18:56:13,,,,2026-10-06 18:56:13,2026-10-06 18:56:13
4030,7654803669866823687,7654803669866823687,,JH-富能+8-0624-1-4,,LB-TT,8,122,9月28日,,2026-10-06 18:56:13,,,,2026-10-06 18:56:13,2026-10-06 18:56:13
4031,7654804005578604551,7654804005578604551,,JH-富能+8-0624-1-3,,LB-TT,8,122,9月28日,,2026-10-06 18:56:13,,,,2026-10-06 18:56:13,2026-10-06 18:56:13
4032,7654803889241538578,7654803889241538578,,JH-富能+8-0624-1-2,,LB-TT,8,122,9月28日,,2026-10-06 18:56:13,,,,2026-10-06 18:56:13,2026-10-06 18:56:13
4033,7654803861378547719,7654803861378547719,,JH-富能+8-0624-1-1,,LB-TT,8,122,9月28日,,2026-10-06 18:56:13,,,,2026-10-06 18:56:13,2026-10-06 18:56:13
4034,7654841699768074247,7654841699768074247,,JH-晉源+8-0624-4-5,,LB-TT,8,122,9月28日,,2026-10-06 18:56:13,,,,2026-10-06 18:56:13,2026-10-06 18:56:13
4035,7654841917670588423,7654841917670588423,,JH-晉源+8-0624-4-4,,LB-TT,8,122,9月28日,,2026-10-06 18:56:13,,,,2026-10-06 18:56:13,2026-10-06 18:56:13
4036,7654841393214734343,7654841393214734343,,JH-晉源+8-0624-4-3,,LB-TT,8,122,9月28日,,2026-10-06 18:56:13,,,,2026-10-06 18:56:13,2026-10-06 18:56:13
4037,7654841939304611847,7654841939304611847,,JH-晉源+8-0624-4-2,,LB-TT,8,122,9月28日,,2026-10-06 18:56:13,,,,2026-10-06 18:56:13,2026-10-06 18:56:13
4038,7654841770597138440,7654841770597138440,,JH-晉源+8-0624-4-1,,LB-TT,8,122,9月28日,,2026-10-06 18:56:13,,,,2026-10-06 18:56:13,2026-10-06 18:56:13
4039,7654841894660472850,7654841894660472850,,JH-晉源+8-0624-3-5,,LB-TT,8,122,9月28日,,2026-10-06 18:56:13,,,,2026-10-06 18:56:13,2026-10-06 18:56:13
4040,7654841908812169223,7654841908812169223,,JH-晉源+8-0624-3-4,,LB-TT,8,122,9月28日,,2026-10-06 18:56:13,,,,2026-10-06 18:56:13,2026-10-06 18:56:13
4041,7654841999348105223,7654841999348105223,,JH-晉源+8-0624-3-3,,LB-TT,8,122,9月28日,,2026-10-06 18:56:13,,,,2026-10-06 18:56:13,2026-10-06 18:56:13
4042,7654841789018325000,7654841789018325000,,JH-晉源+8-0624-3-2,,LB-TT,8,122,9月28日,,2026-10-06 18:56:13,,,,2026-10-06 18:56:13,2026-10-06 18:56:13
4043,7654841487691415560,7654841487691415560,,JH-晉源+8-0624-3-1,,LB-TT,8,122,9月28日,,2026-10-06 18:56:13,,,,2026-10-06 18:56:13,2026-10-06 18:56:13
4044,7655166523465334802,7655166523465334802,,JH-晉源+8-0624-2-5,,LB-TT,8,122,9月28日,,2026-10-06 18:56:13,,,,2026-10-06 18:56:13,2026-10-06 18:56:13
4045,7655166608454303762,7655166608454303762,,JH-晉源+8-0624-2-4,,LB-TT,8,122,9月28日,,2026-10-06 18:56:13,,,,2026-10-06 18:56:13,2026-10-06 18:56:13
4046,7655166413258522632,7655166413258522632,,JH-晉源+8-0624-2-3,,LB-TT,8,122,9月28日,,2026-10-06 18:56:13,,,,2026-10-06 18:56:13,2026-10-06 18:56:13
4047,7655166201091391495,7655166201091391495,,JH-晉源+8-0624-2-2,,LB-TT,8,122,9月28日,,2026-10-06 18:56:13,,,,2026-10-06 18:56:13,2026-10-06 18:56:13
4048,7655166664314077191,7655166664314077191,,JH-晉源+8-0624-2-1,,LB-TT,8,122,9月28日,,2026-10-06 18:56:13,,,,2026-10-06 18:56:13,2026-10-06 18:56:13
4049,7655166483403751442,7655166483403751442,,JH-晉源+8-0624-1-5,,LB-TT,8,122,9月28日,,2026-10-06 18:56:13,,,,2026-10-06 18:56:13,2026-10-06 18:56:13
4050,7655166498314764296,7655166498314764296,,JH-晉源+8-0624-1-4,,LB-TT,8,122,9月28日,,2026-10-06 18:56:13,,,,2026-10-06 18:56:13,2026-10-06 18:56:13
4051,7655166483403685906,7655166483403685906,,JH-晉源+8-0624-1-3,,LB-TT,8,122,9月28日,,2026-10-06 18:56:13,,,,2026-10-06 18:56:13,2026-10-06 18:56:13
4052,7655166158253457426,7655166158253457426,,JH-晉源+8-0624-1-2,,LB-TT,8,122,9月28日,,2026-10-06 18:56:13,,,,2026-10-06 18:56:13,2026-10-06 18:56:13
4053,7655165840590045191,7655165840590045191,,JH-晉源+8-0624-1-1,,LB-TT,8,122,9月28日,,2026-10-06 18:56:13,,,,2026-10-06 18:56:13,2026-10-06 18:56:13
4054,7654845625288261639,7654845625288261639,,JH-景昇+8-0624-4-5,,LB-TT,8,122,9月28日,,2026-10-06 18:56:13,,,,2026-10-06 18:56:13,2026-10-06 18:56:13
4055,7654845631416057863,7654845631416057863,,JH-景昇+8-0624-4-4,,LB-TT,8,122,9月28日,,2026-10-06 18:56:13,,,,2026-10-06 18:56:13,2026-10-06 18:56:13
4056,7654845804473155592,7654845804473155592,,JH-景昇+8-0624-4-3,,LB-TT,8,122,9月28日,,2026-10-06 18:56:13,,,,2026-10-06 18:56:13,2026-10-06 18:56:13
4057,7654845441712046098,7654845441712046098,,JH-景昇+8-0624-4-2,,LB-TT,8,122,9月28日,,2026-10-06 18:56:13,,,,2026-10-06 18:56:13,2026-10-06 18:56:13
4058,7654845279457394695,7654845279457394695,,JH-景昇+8-0624-4-1,,LB-TT,8,122,9月28日,,2026-10-06 18:56:13,,,,2026-10-06 18:56:13,2026-10-06 18:56:13
4059,7654845317401034760,7654845317401034760,,JH-景昇+8-0624-3-5,,LB-TT,8,122,9月28日,,2026-10-06 18:56:13,,,,2026-10-06 18:56:13,2026-10-06 18:56:13
4060,7654845306107723783,7654845306107723783,,JH-景昇+8-0624-3-4,,LB-TT,8,122,9月28日,,2026-10-06 18:56:13,,,,2026-10-06 18:56:13,2026-10-06 18:56:13
4061,7654845090250670087,7654845090250670087,,JH-景昇+8-0624-3-3,,LB-TT,8,122,9月28日,,2026-10-06 18:56:13,,,,2026-10-06 18:56:13,2026-10-06 18:56:13
4062,7654845271075110919,7654845271075110919,,JH-景昇+8-0624-3-2,,LB-TT,8,122,9月28日,,2026-10-06 18:56:13,,,,2026-10-06 18:56:13,2026-10-06 18:56:13
4063,7654845625288097799,7654845625288097799,,JH-景昇+8-0624-3-1,,LB-TT,8,122,9月28日,,2026-10-06 18:56:13,,,,2026-10-06 18:56:13,2026-10-06 18:56:13
4064,7655162159895904274,7655162159895904274,,JH-景昇+8-0624-2-5,,LB-TT,8,127,9月28日,,2026-10-06 18:56:13,,,,2026-10-06 18:56:13,2026-10-06 18:56:13
4065,7655162467747774471,7655162467747774471,,JH-景昇+8-0624-2-4,,LB-TT,8,127,9月28日,,2026-10-06 18:56:13,,,,2026-10-06 18:56:13,2026-10-06 18:56:13
4066,7655162267884978194,7655162267884978194,,JH-景昇+8-0624-2-3,,LB-TT,8,127,9月28日,,2026-10-06 18:56:13,,,,2026-10-06 18:56:13,2026-10-06 18:56:13
4067,7655166036509163528,7655166036509163528,,JH-景昇+8-0624-2-2,,LB-TT,8,127,9月28日,,2026-10-06 18:56:13,,,,2026-10-06 18:56:13,2026-10-06 18:56:13
4068,7655166778129039368,7655166778129039368,,JH-景昇+8-0624-2-1,,LB-TT,8,127,9月28日,,2026-10-06 18:56:13,,,,2026-10-06 18:56:13,2026-10-06 18:56:13
4069,7655166388625489938,7655166388625489938,,JH-景昇+8-0624-1-5,,LB-TT,8,127,9月28日,,2026-10-06 18:56:13,,,,2026-10-06 18:56:13,2026-10-06 18:56:13
4070,7655166215947321352,7655166215947321352,,JH-景昇+8-0624-1-4,,LB-TT,8,127,9月28日,,2026-10-06 18:56:13,,,,2026-10-06 18:56:13,2026-10-06 18:56:13
4071,7655166570167205896,7655166570167205896,,JH-景昇+8-0624-1-3,,LB-TT,8,127,9月28日,,2026-10-06 18:56:13,,,,2026-10-06 18:56:13,2026-10-06 18:56:13
4072,7655166634134339592,7655166634134339592,,JH-景昇+8-0624-1-2,,LB-TT,8,127,9月28日,,2026-10-06 18:56:13,,,,2026-10-06 18:56:13,2026-10-06 18:56:13
4073,7655166701756547080,7655166701756547080,,JH-景昇+8-0624-1-1,,LB-TT,8,127,9月28日,,2026-10-06 18:56:13,,,,2026-10-06 18:56:13,2026-10-06 18:56:13
4074,7654873532888809479,7654873532888809479,,JH-凌安+8-0624-4-5,,LB-TT,8,127,9月28日,,2026-10-06 18:56:13,,,,2026-10-06 18:56:13,2026-10-06 18:56:13
4075,7654873870730002440,7654873870730002440,,JH-凌安+8-0624-4-4,,LB-TT,8,127,9月28日,,2026-10-06 18:56:13,,,,2026-10-06 18:56:13,2026-10-06 18:56:13
4076,7654873720621416455,7654873720621416455,,JH-凌安+8-0624-4-3,,LB-TT,8,127,9月28日,,2026-10-06 18:56:13,,,,2026-10-06 18:56:13,2026-10-06 18:56:13
4077,7654873820230156295,7654873820230156295,,JH-凌安+8-0624-4-2,,LB-TT,8,127,9月28日,,2026-10-06 18:56:13,,,,2026-10-06 18:56:13,2026-10-06 18:56:13
4078,7654873138567888903,7654873138567888903,,JH-凌安+8-0624-4-1,,LB-TT,8,127,9月28日,,2026-10-06 18:56:13,,,,2026-10-06 18:56:13,2026-10-06 18:56:13
4079,7654873327101968392,7654873327101968392,,JH-凌安+8-0624-3-5,,LB-TT,8,127,9月28日,,2026-10-06 18:56:13,,,,2026-10-06 18:56:13,2026-10-06 18:56:13
4080,7654873136501620744,7654873136501620744,,JH-凌安+8-0624-3-4,,LB-TT,8,127,9月28日,,2026-10-06 18:56:13,,,,2026-10-06 18:56:13,2026-10-06 18:56:13
4081,7654873584604315656,7654873584604315656,,JH-凌安+8-0624-3-3,,LB-TT,8,127,9月28日,,2026-10-06 18:56:13,,,,2026-10-06 18:56:13,2026-10-06 18:56:13
4082,7654873232679583752,7654873232679583752,,JH-凌安+8-0624-3-2,,LB-TT,8,127,9月28日,,2026-10-06 18:56:13,,,,2026-10-06 18:56:13,2026-10-06 18:56:13
4083,7654873235925090312,7654873235925090312,,JH-凌安+8-0624-3-1,,LB-TT,8,127,9月28日,,2026-10-06 18:56:13,,,,2026-10-06 18:56:13,2026-10-06 18:56:13
4084,7655161745803313159,7655161745803313159,,JH-凌安+8-0624-2-5,,LB-TT,8,127,9月28日,,2026-10-06 18:56:13,,,,2026-10-06 18:56:13,2026-10-06 18:56:13
4085,7655162254626684936,7655162254626684936,,JH-凌安+8-0624-2-4,,LB-TT,8,127,9月28日,,2026-10-06 18:56:13,,,,2026-10-06 18:56:13,2026-10-06 18:56:13
4086,7655161816825495570,7655161816825495570,,JH-凌安+8-0624-2-3,,LB-TT,8,127,9月28日,,2026-10-06 18:56:13,,,,2026-10-06 18:56:13,2026-10-06 18:56:13
4087,7655162180186357767,7655162180186357767,,JH-凌安+8-0624-2-2,,LB-TT,8,127,9月28日,,2026-10-06 18:56:13,,,,2026-10-06 18:56:13,2026-10-06 18:56:13
4088,7655161745803247623,7655161745803247623,,JH-凌安+8-0624-2-1,,LB-TT,8,127,9月28日,,2026-10-06 18:56:13,,,,2026-10-06 18:56:13,2026-10-06 18:56:13
4089,7654848604112928776,7654848604112928776,,JH-凌安+8-0624-1-5,,LB-TT,8,127,9月28日,,2026-10-06 18:56:13,,,,2026-10-06 18:56:13,2026-10-06 18:56:13
4090,7654848531270991879,7654848531270991879,,JH-凌安+8-0624-1-4,,LB-TT,8,127,9月28日,,2026-10-06 18:56:13,,,,2026-10-06 18:56:13,2026-10-06 18:56:13
4091,7654848459115282439,7654848459115282439,,JH-凌安+8-0624-1-3,,LB-TT,8,127,9月28日,,2026-10-06 18:56:13,,,,2026-10-06 18:56:13,2026-10-06 18:56:13
4092,7654847941081071624,7654847941081071624,,JH-凌安+8-0624-1-2,,LB-TT,8,127,9月28日,,2026-10-06 18:56:13,,,,2026-10-06 18:56:13,2026-10-06 18:56:13
4093,7654848741148508167,7654848741148508167,,JH-凌安+8-0624-1-1,,LB-TT,8,127,9月28日,,2026-10-06 18:56:13,,,,2026-10-06 18:56:13,2026-10-06 18:56:13
4094,7655181841816977416,7655181841816977416,,JH-0625-銳意-04-5,,LB-TT,8,127,9月28日,,2026-10-06 18:56:13,,,,2026-10-06 18:56:13,2026-10-06 18:56:13
4095,7655182465240530952,7655182465240530952,,JH-0625-銳意-04-4,,LB-TT,8,127,9月28日,,2026-10-06 18:56:13,,,,2026-10-06 18:56:13,2026-10-06 18:56:13
4096,7655182677162803208,7655182677162803208,,JH-0625-銳意-04-3,,LB-TT,8,127,9月28日,,2026-10-06 18:56:13,,,,2026-10-06 18:56:13,2026-10-06 18:56:13
4097,7655182425659686920,7655182425659686920,,JH-0625-銳意-04-2,,LB-TT,8,127,9月28日,,2026-10-06 18:56:13,,,,2026-10-06 18:56:13,2026-10-06 18:56:13
4098,7655182493276160018,7655182493276160018,,JH-0625-銳意-04-1,,LB-TT,8,127,9月28日,,2026-10-06 18:56:13,,,,2026-10-06 18:56:13,2026-10-06 18:56:13
4099,7655181935186165767,7655181935186165767,,JH-0625-銳意-03-5,,LB-TT,8,127,9月28日,,2026-10-06 18:56:13,,,,2026-10-06 18:56:13,2026-10-06 18:56:13
4100,7655182130124849160,7655182130124849160,,JH-0625-銳意-03-4,,LB-TT,8,127,9月28日,,2026-10-06 18:56:13,,,,2026-10-06 18:56:13,2026-10-06 18:56:13
4101,7655181935186100231,7655181935186100231,,JH-0625-銳意-03-3,,LB-TT,8,127,9月28日,,2026-10-06 18:56:13,,,,2026-10-06 18:56:13,2026-10-06 18:56:13
4102,7655181840696934407,7655181840696934407,,JH-0625-銳意-03-2,,LB-TT,8,127,9月28日,,2026-10-06 18:56:13,,,,2026-10-06 18:56:13,2026-10-06 18:56:13
4103,7655182423051223048,7655182423051223048,,JH-0625-銳意-03-1,,LB-TT,8,127,9月28日,,2026-10-06 18:56:13,,,,2026-10-06 18:56:13,2026-10-06 18:56:13
4104,7655182395171635208,7655182395171635208,,JH-0625-銳意-02-5,,LB-TT,8,127,9月28日,,2026-10-06 18:56:13,,,,2026-10-06 18:56:13,2026-10-06 18:56:13
4105,7655181520998776840,7655181520998776840,,JH-0625-銳意-02-4,,LB-TT,8,127,9月28日,,2026-10-06 18:56:13,,,,2026-10-06 18:56:13,2026-10-06 18:56:13
4106,7655181664560480264,7655181664560480264,,JH-0625-銳意-02-3,,LB-TT,8,127,9月28日,,2026-10-06 18:56:13,,,,2026-10-06 18:56:13,2026-10-06 18:56:13
4107,7655182130124718088,7655182130124718088,,JH-0625-銳意-02-2,,LB-TT,8,127,9月28日,,2026-10-06 18:56:13,,,,2026-10-06 18:56:13,2026-10-06 18:56:13
4108,7655181724955230226,7655181724955230226,,JH-0625-銳意-02-1,,LB-TT,8,127,9月28日,,2026-10-06 18:56:13,,,,2026-10-06 18:56:13,2026-10-06 18:56:13
4109,7655181585926619143,7655181585926619143,,JH-0625-銳意-01-5,,LB-TT,8,132,9月28日,,2026-10-06 18:56:13,,,,2026-10-06 18:56:13,2026-10-06 18:56:13
4110,7655181707951472648,7655181707951472648,,JH-0625-銳意-01-4,,LB-TT,8,132,9月28日,,2026-10-06 18:56:13,,,,2026-10-06 18:56:13,2026-10-06 18:56:13
4111,7655182023917518855,7655182023917518855,,JH-0625-銳意-01-3,,LB-TT,8,132,9月28日,,2026-10-06 18:56:13,,,,2026-10-06 18:56:13,2026-10-06 18:56:13
4112,7655181721327091719,7655181721327091719,,JH-0625-銳意-01-2,,LB-TT,8,132,9月28日,,2026-10-06 18:56:13,,,,2026-10-06 18:56:13,2026-10-06 18:56:13
4113,7655181954752577544,7655181954752577544,,JH-0625-銳意-01-1,,LB-TT,8,132,9月28日,,2026-10-06 18:56:13,,,,2026-10-06 18:56:13,2026-10-06 18:56:13
4114,7655181707951276040,7655181707951276040,,JH-偉祥+8-0625-4-5,,LB-TT,8,132,9月28日,,2026-10-06 18:56:13,,,,2026-10-06 18:56:13,2026-10-06 18:56:13
4115,7655181664560316424,7655181664560316424,,JH-偉祥+8-0625-4-4,,LB-TT,8,132,9月28日,,2026-10-06 18:56:13,,,,2026-10-06 18:56:13,2026-10-06 18:56:13
4116,7655181557556117511,7655181557556117511,,JH-偉祥+8-0625-4-3,,LB-TT,8,132,9月28日,,2026-10-06 18:56:13,,,,2026-10-06 18:56:13,2026-10-06 18:56:13
4117,7655181530747256839,7655181530747256839,,JH-偉祥+8-0625-4-2,,LB-TT,8,132,9月28日,,2026-10-06 18:56:13,,,,2026-10-06 18:56:13,2026-10-06 18:56:13
4118,7655181450156965895,7655181450156965895,,JH-偉祥+8-0625-4-1,,LB-TT,8,132,9月28日,,2026-10-06 18:56:13,,,,2026-10-06 18:56:13,2026-10-06 18:56:13
4119,7655181869046120455,7655181869046120455,,JH-偉祥+8-0625-3-5,,LB-TT,8,132,9月28日,,2026-10-06 18:56:13,,,,2026-10-06 18:56:13,2026-10-06 18:56:13
4120,7655181976479105042,7655181976479105042,,JH-偉祥+8-0625-3-4,,LB-TT,8,132,9月28日,,2026-10-06 18:56:13,,,,2026-10-06 18:56:13,2026-10-06 18:56:13
4121,7655181542355927058,7655181542355927058,,JH-偉祥+8-0625-3-3,,LB-TT,8,132,9月28日,,2026-10-06 18:56:13,,,,2026-10-06 18:56:13,2026-10-06 18:56:13
4122,7655181707951210504,7655181707951210504,,JH-偉祥+8-0625-3-2,,LB-TT,8,132,9月28日,,2026-10-06 18:56:13,,,,2026-10-06 18:56:13,2026-10-06 18:56:13
4123,7655181585926389767,7655181585926389767,,JH-偉祥+8-0625-3-1,,LB-TT,8,132,9月28日,,2026-10-06 18:56:13,,,,2026-10-06 18:56:13,2026-10-06 18:56:13
4124,7655181365549481992,7655181365549481992,,JH-偉祥+8-0625-2-5,,LB-TT,8,132,9月28日,,2026-10-06 18:56:13,,,,2026-10-06 18:56:13,2026-10-06 18:56:13
4125,7655181520998547464,7655181520998547464,,JH-偉祥+8-0625-2-4,,LB-TT,8,132,9月28日,,2026-10-06 18:56:13,,,,2026-10-06 18:56:13,2026-10-06 18:56:13
4126,7655181958422462482,7655181958422462482,,JH-偉祥+8-0625-2-3,,LB-TT,8,132,9月28日,,2026-10-06 18:56:13,,,,2026-10-06 18:56:13,2026-10-06 18:56:13
4127,7655181195457822728,7655181195457822728,,JH-偉祥+8-0625-2-2,,LB-TT,8,132,9月28日,,2026-10-06 18:56:13,,,,2026-10-06 18:56:13,2026-10-06 18:56:13
4128,7655181550501511175,7655181550501511175,,JH-偉祥+8-0625-2-1,,LB-TT,8,132,9月28日,,2026-10-06 18:56:13,,,,2026-10-06 18:56:13,2026-10-06 18:56:13
4129,7655181848246599687,7655181848246599687,,JH-偉祥+8-0625-1-5,,LB-TT,8,132,9月28日,,2026-10-06 18:56:13,,,,2026-10-06 18:56:13,2026-10-06 18:56:13
4130,7655181232019603464,7655181232019603464,,JH-偉祥+8-0625-1-4,,LB-TT,8,132,9月28日,,2026-10-06 18:56:13,,,,2026-10-06 18:56:13,2026-10-06 18:56:13
4131,7655180980090404882,7655180980090404882,,JH-偉祥+8-0625-1-3,,LB-TT,8,132,9月28日,,2026-10-06 18:56:13,,,,2026-10-06 18:56:13,2026-10-06 18:56:13
4132,7655180669991321608,7655180669991321608,,JH-偉祥+8-0625-1-2,,LB-TT,8,132,9月28日,,2026-10-06 18:56:13,,,,2026-10-06 18:56:13,2026-10-06 18:56:13
4133,7655181230866710536,7655181230866710536,,JH-偉祥+8-0625-1-1,,LB-TT,8,132,9月28日,,2026-10-06 18:56:13,,,,2026-10-06 18:56:13,2026-10-06 18:56:13
4134,7655205590060007431,7655205590060007431,,JH-鑫平+8-0625-2-5,,LB-TT,8,132,9月28日,,2026-10-06 18:56:13,,,,2026-10-06 18:56:13,2026-10-06 18:56:13
4135,7655205730693333010,7655205730693333010,,JH-鑫平+8-0625-2-4,,LB-TT,8,132,9月28日,,2026-10-06 18:56:13,,,,2026-10-06 18:56:13,2026-10-06 18:56:13
4136,7655205590059941895,7655205590059941895,,JH-鑫平+8-0625-2-3,,LB-TT,8,132,9月28日,,2026-10-06 18:56:13,,,,2026-10-06 18:56:13,2026-10-06 18:56:13
4137,7655205406999789576,7655205406999789576,,JH-鑫平+8-0625-2-2,,LB-TT,8,132,9月28日,,2026-10-06 18:56:13,,,,2026-10-06 18:56:13,2026-10-06 18:56:13
4138,7655205372489138183,7655205372489138183,,JH-鑫平+8-0625-2-1,,LB-TT,8,132,9月28日,,2026-10-06 18:56:13,,,,2026-10-06 18:56:13,2026-10-06 18:56:13
4139,7655205378163392520,7655205378163392520,,JH-鑫平+8-0625-4-5,,LB-TT,8,132,9月28日,,2026-10-06 18:56:13,,,,2026-10-06 18:56:13,2026-10-06 18:56:13
4140,7655205320599879687,7655205320599879687,,JH-鑫平+8-0625-4-4,,LB-TT,8,132,9月28日,,2026-10-06 18:56:13,,,,2026-10-06 18:56:13,2026-10-06 18:56:13
4141,7655205320423358471,7655205320423358471,,JH-鑫平+8-0625-4-3,,LB-TT,8,132,9月28日,,2026-10-06 18:56:13,,,,2026-10-06 18:56:13,2026-10-06 18:56:13
4142,7655205316975722514,7655205316975722514,,JH-鑫平+8-0625-4-2,,LB-TT,8,132,9月28日,,2026-10-06 18:56:13,,,,2026-10-06 18:56:13,2026-10-06 18:56:13
4143,7655206077331587090,7655206077331587090,,JH-鑫平+8-0625-4-1,,LB-TT,8,132,9月28日,,2026-10-06 18:56:13,,,,2026-10-06 18:56:13,2026-10-06 18:56:13
4144,7655205320599748615,7655205320599748615,,JH-鑫平+8-0625-3-5,,LB-TT,8,132,9月28日,,2026-10-06 18:56:13,,,,2026-10-06 18:56:13,2026-10-06 18:56:13
4145,7655205320599683079,7655205320599683079,,JH-鑫平+8-0625-3-4,,LB-TT,8,132,9月28日,,2026-10-06 18:56:13,,,,2026-10-06 18:56:13,2026-10-06 18:56:13
4146,7655205712876142600,7655205712876142600,,JH-鑫平+8-0625-3-3,,LB-TT,8,132,9月28日,,2026-10-06 18:56:13,,,,2026-10-06 18:56:13,2026-10-06 18:56:13
4147,7655205320599617543,7655205320599617543,,JH-鑫平+8-0625-3-2,,LB-TT,8,132,9月28日,,2026-10-06 18:56:13,,,,2026-10-06 18:56:13,2026-10-06 18:56:13
4148,7655205650275762184,7655205650275762184,,JH-鑫平+8-0625-3-1,,LB-TT,8,132,9月28日,,2026-10-06 18:56:13,,,,2026-10-06 18:56:13,2026-10-06 18:56:13
4149,7655205712876044296,7655205712876044296,,JH-鑫平+8-0625-1-5,,LB-TT,8,132,9月28日,,2026-10-06 18:56:13,,,,2026-10-06 18:56:13,2026-10-06 18:56:13
4150,7655205646308376594,7655205646308376594,,JH-鑫平+8-0625-1-4,,LB-TT,8,132,9月28日,,2026-10-06 18:56:13,,,,2026-10-06 18:56:13,2026-10-06 18:56:13
4151,7655205480608464903,7655205480608464903,,JH-鑫平+8-0625-1-3,,LB-TT,8,132,9月28日,,2026-10-06 18:56:13,,,,2026-10-06 18:56:13,2026-10-06 18:56:13
4152,7655205465552027656,7655205465552027656,,JH-鑫平+8-0625-1-2,,LB-TT,8,132,9月28日,,2026-10-06 18:56:13,,,,2026-10-06 18:56:13,2026-10-06 18:56:13
4153,7655205266031607826,7655205266031607826,,JH-鑫平+8-0625-1-1,,LB-TT,8,132,9月28日,,2026-10-06 18:56:13,,,,2026-10-06 18:56:13,2026-10-06 18:56:13
4154,7655220539967111186,7655220539967111186,,JH-0625-德奇-04-5,,LB-TT,8,130,9月28日,,2026-10-06 18:56:13,,,,2026-10-06 18:56:13,2026-10-06 18:56:13
4155,7655220902346424328,7655220902346424328,,JH-0625-德奇-04-4,,LB-TT,8,130,9月28日,,2026-10-06 18:56:13,,,,2026-10-06 18:56:13,2026-10-06 18:56:13
4156,7655220972920406034,7655220972920406034,,JH-0625-德奇-04-3,,LB-TT,8,130,9月28日,,2026-10-06 18:56:13,,,,2026-10-06 18:56:13,2026-10-06 18:56:13
4157,7655220946766102535,7655220946766102535,,JH-0625-德奇-04-2,,LB-TT,8,130,9月28日,,2026-10-06 18:56:13,,,,2026-10-06 18:56:13,2026-10-06 18:56:13
4158,7655220655361048594,7655220655361048594,,JH-0625-德奇-04-1,,LB-TT,8,130,9月28日,,2026-10-06 18:56:13,,,,2026-10-06 18:56:13,2026-10-06 18:56:13
4159,7655220564211859464,7655220564211859464,,JH-0625-德奇-03-5,,LB-TT,8,130,9月28日,,2026-10-06 18:56:13,,,,2026-10-06 18:56:13,2026-10-06 18:56:13
4160,7655220233619357714,7655220233619357714,,JH-0625-德奇-03-4,,LB-TT,8,130,9月28日,,2026-10-06 18:56:13,,,,2026-10-06 18:56:13,2026-10-06 18:56:13
4161,7655220586238984199,7655220586238984199,,JH-0625-德奇-03-3,,LB-TT,8,130,9月28日,,2026-10-06 18:56:13,,,,2026-10-06 18:56:13,2026-10-06 18:56:13
4162,7655220233619226642,7655220233619226642,,JH-0625-德奇-03-2,,LB-TT,8,130,9月28日,,2026-10-06 18:56:13,,,,2026-10-06 18:56:13,2026-10-06 18:56:13
4163,7655220631562584082,7655220631562584082,,JH-0625-德奇-03-1,,LB-TT,8,130,9月28日,,2026-10-06 18:56:13,,,,2026-10-06 18:56:13,2026-10-06 18:56:13
4164,7655223326044356616,7655223326044356616,,JH-0625-德奇-02-5,,LB-TT,8,130,9月28日,,2026-10-06 18:56:13,,,,2026-10-06 18:56:13,2026-10-06 18:56:13
4165,7655223764577419272,7655223764577419272,,JH-0625-德奇-02-4,,LB-TT,8,130,9月28日,,2026-10-06 18:56:13,,,,2026-10-06 18:56:13,2026-10-06 18:56:13
4166,7655223763755335687,7655223763755335687,,JH-0625-德奇-02-3,,LB-TT,8,130,9月28日,,2026-10-06 18:56:13,,,,2026-10-06 18:56:13,2026-10-06 18:56:13
4167,7655223637380759560,7655223637380759560,,JH-0625-德奇-02-2,,LB-TT,8,130,9月28日,,2026-10-06 18:56:13,,,,2026-10-06 18:56:13,2026-10-06 18:56:13
4168,7655223368065286151,7655223368065286151,,JH-0625-德奇-02-1,,LB-TT,8,130,9月28日,,2026-10-06 18:56:13,,,,2026-10-06 18:56:13,2026-10-06 18:56:13
4169,7655223824438329362,7655223824438329362,,JH-0625-德奇-01-5,,LB-TT,8,130,9月28日,,2026-10-06 18:56:13,,,,2026-10-06 18:56:13,2026-10-06 18:56:13
4170,7655223557148131335,7655223557148131335,,JH-0625-德奇-01-4,,LB-TT,8,130,9月28日,,2026-10-06 18:56:13,,,,2026-10-06 18:56:13,2026-10-06 18:56:13
4171,7655223626039525383,7655223626039525383,,JH-0625-德奇-01-3,,LB-TT,8,130,9月28日,,2026-10-06 18:56:13,,,,2026-10-06 18:56:13,2026-10-06 18:56:13
4172,7655223516075032584,7655223516075032584,,JH-0625-德奇-01-2,,LB-TT,8,130,9月28日,,2026-10-06 18:56:13,,,,2026-10-06 18:56:13,2026-10-06 18:56:13
4173,7655223452070559751,7655223452070559751,,JH-0625-德奇-01-1,,LB-TT,8,130,9月28日,,2026-10-06 18:56:13,,,,2026-10-06 18:56:13,2026-10-06 18:56:13
4174,7655264870060818439,7655264870060818439,,JH-振宏+8-0625-4-5,,LB-TT,8,130,9月28日,,2026-10-06 18:56:13,,,,2026-10-06 18:56:13,2026-10-06 18:56:13
4175,7655264651789762578,7655264651789762578,,JH-振宏+8-0625-4-4,,LB-TT,8,130,9月28日,,2026-10-06 18:56:13,,,,2026-10-06 18:56:13,2026-10-06 18:56:13
4176,7655264282938179591,7655264282938179591,,JH-振宏+8-0625-4-3,,LB-TT,8,130,9月28日,,2026-10-06 18:56:13,,,,2026-10-06 18:56:13,2026-10-06 18:56:13
4177,7655264504699453447,7655264504699453447,,JH-振宏+8-0625-4-2,,LB-TT,8,130,9月28日,,2026-10-06 18:56:13,,,,2026-10-06 18:56:13,2026-10-06 18:56:13
4178,7655264246405808146,7655264246405808146,,JH-振宏+8-0625-4-1,,LB-TT,8,130,9月28日,,2026-10-06 18:56:13,,,,2026-10-06 18:56:13,2026-10-06 18:56:13
4179,7655264387464462343,7655264387464462343,,JH-振宏+8-0625-3-5,,LB-TT,8,130,9月28日,,2026-10-06 18:56:13,,,,2026-10-06 18:56:13,2026-10-06 18:56:13
4180,7655264504699387911,7655264504699387911,,JH-振宏+8-0625-3-4,,LB-TT,8,130,9月28日,,2026-10-06 18:56:13,,,,2026-10-06 18:56:13,2026-10-06 18:56:13
4181,7655264504699289607,7655264504699289607,,JH-振宏+8-0625-3-3,,LB-TT,8,130,9月28日,,2026-10-06 18:56:13,,,,2026-10-06 18:56:13,2026-10-06 18:56:13
4182,7655264433949851656,7655264433949851656,,JH-振宏+8-0625-3-2,,LB-TT,8,130,9月28日,,2026-10-06 18:56:13,,,,2026-10-06 18:56:13,2026-10-06 18:56:13
4183,7655264373287452679,7655264373287452679,,JH-振宏+8-0625-3-1,,LB-TT,8,130,9月28日,,2026-10-06 18:56:13,,,,2026-10-06 18:56:13,2026-10-06 18:56:13
4184,7655518792239874066,7655518792239874066,,JH-振宏+8-0625-2-5,,LB-TT,8,130,9月28日,,2026-10-06 18:56:13,,,,2026-10-06 18:56:13,2026-10-06 18:56:13
4185,7655518763558797319,7655518763558797319,,JH-振宏+8-0625-2-4,,LB-TT,8,130,9月28日,,2026-10-06 18:56:13,,,,2026-10-06 18:56:13,2026-10-06 18:56:13
4186,7655518997059125256,7655518997059125256,,JH-振宏+8-0625-2-3,,LB-TT,8,130,9月28日,,2026-10-06 18:56:13,,,,2026-10-06 18:56:13,2026-10-06 18:56:13
4187,7655518994010669074,7655518994010669074,,JH-振宏+8-0625-2-2,,LB-TT,8,130,9月28日,,2026-10-06 18:56:13,,,,2026-10-06 18:56:13,2026-10-06 18:56:13
4188,7655518929551933448,7655518929551933448,,JH-振宏+8-0625-2-1,,LB-TT,8,130,9月28日,,2026-10-06 18:56:13,,,,2026-10-06 18:56:13,2026-10-06 18:56:13
4189,7655519006056546322,7655519006056546322,,JH-振宏+8-0625-1-5,,LB-TT,8,130,9月28日,,2026-10-06 18:56:13,,,,2026-10-06 18:56:13,2026-10-06 18:56:13
4190,7655519130616791048,7655519130616791048,,JH-振宏+8-0625-1-4,,LB-TT,8,130,9月28日,,2026-10-06 18:56:13,,,,2026-10-06 18:56:13,2026-10-06 18:56:13
4191,7655519065704431624,7655519065704431624,,JH-振宏+8-0625-1-3,,LB-TT,8,130,9月28日,,2026-10-06 18:56:13,,,,2026-10-06 18:56:13,2026-10-06 18:56:13
4192,7655518763369234440,7655518763369234440,,JH-振宏+8-0625-1-2,,LB-TT,8,130,9月28日,,2026-10-06 18:56:13,,,,2026-10-06 18:56:13,2026-10-06 18:56:13
4193,7655519256359108626,7655519256359108626,,JH-振宏+8-0625-1-1,,LB-TT,8,130,9月28日,,2026-10-06 18:56:13,,,,2026-10-06 18:56:13,2026-10-06 18:56:13
4194,7655579519970639890,7655579519970639890,,JH-格雅+8-0626-4-5,,LB-TT,8,130,9月28日,,2026-10-06 18:56:13,,,,2026-10-06 18:56:13,2026-10-06 18:56:13
4195,7655579137873870856,7655579137873870856,,JH-格雅+8-0626-4-4,,LB-TT,8,130,9月28日,,2026-10-06 18:56:13,,,,2026-10-06 18:56:13,2026-10-06 18:56:13
4196,7655579564684378130,7655579564684378130,,JH-格雅+8-0626-4-3,,LB-TT,8,130,9月28日,,2026-10-06 18:56:13,,,,2026-10-06 18:56:13,2026-10-06 18:56:13
4197,7655579463211696135,7655579463211696135,,JH-格雅+8-0626-4-2,,LB-TT,8,130,9月28日,,2026-10-06 18:56:13,,,,2026-10-06 18:56:13,2026-10-06 18:56:13
4198,7655579672834506760,7655579672834506760,,JH-格雅+8-0626-4-1,,LB-TT,8,130,9月28日,,2026-10-06 18:56:13,,,,2026-10-06 18:56:13,2026-10-06 18:56:13
4199,7655579585274445842,7655579585274445842,,JH-格雅+8-0626-3-5,,LB-TT,8,125,9月28日,,2026-10-06 18:56:13,,,,2026-10-06 18:56:13,2026-10-06 18:56:13
4200,7655578981246287879,7655578981246287879,,JH-格雅+8-0626-3-4,,LB-TT,8,125,9月28日,,2026-10-06 18:56:13,,,,2026-10-06 18:56:13,2026-10-06 18:56:13
4201,7655578981246222343,7655578981246222343,,JH-格雅+8-0626-3-3,,LB-TT,8,125,9月28日,,2026-10-06 18:56:13,,,,2026-10-06 18:56:13,2026-10-06 18:56:13
4202,7655578915154739207,7655578915154739207,,JH-格雅+8-0626-3-2,,LB-TT,8,125,9月28日,,2026-10-06 18:56:13,,,,2026-10-06 18:56:13,2026-10-06 18:56:13
4203,7655579463211630599,7655579463211630599,,JH-格雅+8-0626-3-1,,LB-TT,8,125,9月28日,,2026-10-06 18:56:13,,,,2026-10-06 18:56:13,2026-10-06 18:56:13
4204,7655581003204886535,7655581003204886535,,JH-格雅+8-0626-2-5,,LB-TT,8,125,9月28日,,2026-10-06 18:56:13,,,,2026-10-06 18:56:13,2026-10-06 18:56:13
4205,7655581076785692690,7655581076785692690,,JH-格雅+8-0626-2-4,,LB-TT,8,125,9月28日,,2026-10-06 18:56:13,,,,2026-10-06 18:56:13,2026-10-06 18:56:13
4206,7655580966056099858,7655580966056099858,,JH-格雅+8-0626-2-3,,LB-TT,8,125,9月28日,,2026-10-06 18:56:13,,,,2026-10-06 18:56:13,2026-10-06 18:56:13
4207,7655580582302384136,7655580582302384136,,JH-格雅+8-0626-2-2,,LB-TT,8,125,9月28日,,2026-10-06 18:56:13,,,,2026-10-06 18:56:13,2026-10-06 18:56:13
4208,7655580757917958151,7655580757917958151,,JH-格雅+8-0626-2-1,,LB-TT,8,125,9月28日,,2026-10-06 18:56:13,,,,2026-10-06 18:56:13,2026-10-06 18:56:13
4209,7655580752353689607,7655580752353689607,,JH-格雅+8-0626-1-5,,LB-TT,8,125,9月28日,,2026-10-06 18:56:13,,,,2026-10-06 18:56:13,2026-10-06 18:56:13
4210,7655580647918157842,7655580647918157842,,JH-格雅+8-0626-1-4,,LB-TT,8,125,9月28日,,2026-10-06 18:56:13,,,,2026-10-06 18:56:13,2026-10-06 18:56:13
4211,7655580942108770312,7655580942108770312,,JH-格雅+8-0626-1-3,,LB-TT,8,125,9月28日,,2026-10-06 18:56:13,,,,2026-10-06 18:56:13,2026-10-06 18:56:13
4212,7655581049239289863,7655581049239289863,,JH-格雅+8-0626-1-2,,LB-TT,8,125,9月28日,,2026-10-06 18:56:13,,,,2026-10-06 18:56:13,2026-10-06 18:56:13
4213,7655580622811447304,7655580622811447304,,JH-格雅+8-0626-1-1,,LB-TT,8,125,9月28日,,2026-10-06 18:56:13,,,,2026-10-06 18:56:13,2026-10-06 18:56:13
4214,7655602903398416402,7655602903398416402,,JH-宇杭+8-0626-4-5,,LB-TT,8,125,9月28日,,2026-10-06 18:56:13,,,,2026-10-06 18:56:13,2026-10-06 18:56:13
4215,7655603203639377928,7655603203639377928,,JH-宇杭+8-0626-4-4,,LB-TT,8,125,9月28日,,2026-10-06 18:56:13,,,,2026-10-06 18:56:13,2026-10-06 18:56:13
4216,7655602764245549064,7655602764245549064,,JH-宇杭+8-0626-4-3,,LB-TT,8,125,9月28日,,2026-10-06 18:56:13,,,,2026-10-06 18:56:13,2026-10-06 18:56:13
4217,7655603203639246856,7655603203639246856,,JH-宇杭+8-0626-4-2,,LB-TT,8,125,9月28日,,2026-10-06 18:56:13,,,,2026-10-06 18:56:13,2026-10-06 18:56:13
4218,7655602678965469191,7655602678965469191,,JH-宇杭+8-0626-4-1,,LB-TT,8,125,9月28日,,2026-10-06 18:56:13,,,,2026-10-06 18:56:13,2026-10-06 18:56:13
4219,7655603107904192520,7655603107904192520,,JH-宇杭+8-0626-3-5,,LB-TT,8,125,9月28日,,2026-10-06 18:56:13,,,,2026-10-06 18:56:13,2026-10-06 18:56:13
4220,7655602752384122898,7655602752384122898,,JH-宇杭+8-0626-3-4,,LB-TT,8,125,9月28日,,2026-10-06 18:56:13,,,,2026-10-06 18:56:13,2026-10-06 18:56:13
4221,7655602768920854535,7655602768920854535,,JH-宇杭+8-0626-3-3,,LB-TT,8,125,9月28日,,2026-10-06 18:56:13,,,,2026-10-06 18:56:13,2026-10-06 18:56:13
4222,7655602752384057362,7655602752384057362,,JH-宇杭+8-0626-3-2,,LB-TT,8,125,9月28日,,2026-10-06 18:56:13,,,,2026-10-06 18:56:13,2026-10-06 18:56:13
4223,7655602681838616584,7655602681838616584,,JH-宇杭+8-0626-3-1,,LB-TT,8,125,9月28日,,2026-10-06 18:56:13,,,,2026-10-06 18:56:13,2026-10-06 18:56:13
4224,7655602768921051143,7655602768921051143,,JH-宇杭+8-0626-2-5,,LB-TT,8,125,9月28日,,2026-10-06 18:56:13,,,,2026-10-06 18:56:13,2026-10-06 18:56:13
4225,7655603203433824263,7655603203433824263,,JH-宇杭+8-0626-2-4,,LB-TT,8,125,9月28日,,2026-10-06 18:56:13,,,,2026-10-06 18:56:13,2026-10-06 18:56:13
4226,7655602831227142152,7655602831227142152,,JH-宇杭+8-0626-2-3,,LB-TT,8,125,9月28日,,2026-10-06 18:56:13,,,,2026-10-06 18:56:13,2026-10-06 18:56:13
4227,7655603257683312647,7655603257683312647,,JH-宇杭+8-0626-2-2,,LB-TT,8,125,9月28日,,2026-10-06 18:56:13,,,,2026-10-06 18:56:13,2026-10-06 18:56:13
4228,7655603092528070664,7655603092528070664,,JH-宇杭+8-0626-2-1,,LB-TT,8,125,9月28日,,2026-10-06 18:56:13,,,,2026-10-06 18:56:13,2026-10-06 18:56:13
4229,7655601946904215560,7655601946904215560,,JH-宇杭+8-0626-1-5,,LB-TT,8,125,9月28日,,2026-10-06 18:56:13,,,,2026-10-06 18:56:13,2026-10-06 18:56:13
4230,7655601998770864136,7655601998770864136,,JH-宇杭+8-0626-1-4,,LB-TT,8,125,9月28日,,2026-10-06 18:56:13,,,,2026-10-06 18:56:13,2026-10-06 18:56:13
4231,7655601935999074311,7655601935999074311,,JH-宇杭+8-0626-1-3,,LB-TT,8,125,9月28日,,2026-10-06 18:56:13,,,,2026-10-06 18:56:13,2026-10-06 18:56:13
4232,7655602184914239495,7655602184914239495,,JH-宇杭+8-0626-1-2,,LB-TT,8,125,9月28日,,2026-10-06 18:56:13,,,,2026-10-06 18:56:13,2026-10-06 18:56:13
4233,7655601594951778322,7655601594951778322,,JH-宇杭+8-0626-1-1,,LB-TT,8,125,9月28日,,2026-10-06 18:56:13,,,,2026-10-06 18:56:13,2026-10-06 18:56:13
4234,7655614035408404488,7655614035408404488,,JH-卓凌+8-0626-4-5,,LB-TT,8,125,9月28日,,2026-10-06 18:56:13,,,,2026-10-06 18:56:13,2026-10-06 18:56:13
4235,7655614364971581448,7655614364971581448,,JH-卓凌+8-0626-4-4,,LB-TT,8,125,9月28日,,2026-10-06 18:56:13,,,,2026-10-06 18:56:13,2026-10-06 18:56:13
4236,7655614260340523026,7655614260340523026,,JH-卓凌+8-0626-4-3,,LB-TT,8,125,9月28日,,2026-10-06 18:56:13,,,,2026-10-06 18:56:13,2026-10-06 18:56:13
4237,7655613800221212679,7655613800221212679,,JH-卓凌+8-0626-4-2,,LB-TT,8,125,9月28日,,2026-10-06 18:56:13,,,,2026-10-06 18:56:13,2026-10-06 18:56:13
4238,7655614112961970183,7655614112961970183,,JH-卓凌+8-0626-4-1,,LB-TT,8,125,9月28日,,2026-10-06 18:56:13,,,,2026-10-06 18:56:13,2026-10-06 18:56:13
4239,7655613810897272840,7655613810897272840,,JH-卓凌+8-0626-3-5,,LB-TT,8,125,9月28日,,2026-10-06 18:56:13,,,,2026-10-06 18:56:13,2026-10-06 18:56:13
4240,7655613481600794632,7655613481600794632,,JH-卓凌+8-0626-3-4,,LB-TT,8,125,9月28日,,2026-10-06 18:56:13,,,,2026-10-06 18:56:13,2026-10-06 18:56:13
4241,7655613389973766162,7655613389973766162,,JH-卓凌+8-0626-3-3,,LB-TT,8,125,9月28日,,2026-10-06 18:56:13,,,,2026-10-06 18:56:13,2026-10-06 18:56:13
4242,7655613472834961415,7655613472834961415,,JH-卓凌+8-0626-3-2,,LB-TT,8,125,9月28日,,2026-10-06 18:56:13,,,,2026-10-06 18:56:13,2026-10-06 18:56:13
4243,7655613303967727634,7655613303967727634,,JH-卓凌+8-0626-3-1,,LB-TT,8,125,9月28日,,2026-10-06 18:56:13,,,,2026-10-06 18:56:13,2026-10-06 18:56:13
4244,7655613358108180487,7655613358108180487,,JH-卓凌+8-0626-2-5,,LB-TT,8,124,9月28日,,2026-10-06 18:56:13,,,,2026-10-06 18:56:13,2026-10-06 18:56:13
4245,7655613362616909842,7655613362616909842,,JH-卓凌+8-0626-2-4,,LB-TT,8,124,9月28日,,2026-10-06 18:56:13,,,,2026-10-06 18:56:13,2026-10-06 18:56:13
4246,7655614021063884808,7655614021063884808,,JH-卓凌+8-0626-2-3,,LB-TT,8,124,9月28日,,2026-10-06 18:56:13,,,,2026-10-06 18:56:13,2026-10-06 18:56:13
4247,7655613885629874184,7655613885629874184,,JH-卓凌+8-0626-2-2,,LB-TT,8,124,9月28日,,2026-10-06 18:56:13,,,,2026-10-06 18:56:13,2026-10-06 18:56:13
4248,7655613420506562567,7655613420506562567,,JH-卓凌+8-0626-2-1,,LB-TT,8,124,9月28日,,2026-10-06 18:56:13,,,,2026-10-06 18:56:13,2026-10-06 18:56:13
4249,7655612965256904712,7655612965256904712,,JH-卓凌+8-0626-1-5,,LB-TT,8,124,9月28日,,2026-10-06 18:56:13,,,,2026-10-06 18:56:13,2026-10-06 18:56:13
4250,7655612522619699208,7655612522619699208,,JH-卓凌+8-0626-1-4,,LB-TT,8,124,9月28日,,2026-10-06 18:56:13,,,,2026-10-06 18:56:13,2026-10-06 18:56:13
4251,7655612775360004103,7655612775360004103,,JH-卓凌+8-0626-1-3,,LB-TT,8,124,9月28日,,2026-10-06 18:56:13,,,,2026-10-06 18:56:13,2026-10-06 18:56:13
4252,7655612748886802450,7655612748886802450,,JH-卓凌+8-0626-1-2,,LB-TT,8,124,9月28日,,2026-10-06 18:56:13,,,,2026-10-06 18:56:13,2026-10-06 18:56:13
4253,7655612965256740872,7655612965256740872,,JH-卓凌+8-0626-1-1,,LB-TT,8,124,9月28日,,2026-10-06 18:56:13,,,,2026-10-06 18:56:13,2026-10-06 18:56:13
4254,7655622748646047751,7655622748646047751,,JH-志恆+8-0626-4-5,,LB-TT,8,124,9月28日,,2026-10-06 18:56:13,,,,2026-10-06 18:56:13,2026-10-06 18:56:13
4255,7655622310660292626,7655622310660292626,,JH-志恆+8-0626-4-4,,LB-TT,8,124,9月28日,,2026-10-06 18:56:13,,,,2026-10-06 18:56:13,2026-10-06 18:56:13
4256,7655622421952659463,7655622421952659463,,JH-志恆+8-0626-4-3,,LB-TT,8,124,9月28日,,2026-10-06 18:56:13,,,,2026-10-06 18:56:13,2026-10-06 18:56:13
4257,7655622662714130440,7655622662714130440,,JH-志恆+8-0626-4-2,,LB-TT,8,124,9月28日,,2026-10-06 18:56:13,,,,2026-10-06 18:56:13,2026-10-06 18:56:13
4258,7655622661673910280,7655622661673910280,,JH-志恆+8-0626-4-1,,LB-TT,8,124,9月28日,,2026-10-06 18:56:13,,,,2026-10-06 18:56:13,2026-10-06 18:56:13
4259,7655622564005445650,7655622564005445650,,JH-志恆+8-0626-3-5,,LB-TT,8,124,9月28日,,2026-10-06 18:56:13,,,,2026-10-06 18:56:13,2026-10-06 18:56:13
4260,7655622447669592082,7655622447669592082,,JH-志恆+8-0626-3-4,,LB-TT,8,124,9月28日,,2026-10-06 18:56:13,,,,2026-10-06 18:56:13,2026-10-06 18:56:13
4261,7655622570482319368,7655622570482319368,,JH-志恆+8-0626-3-3,,LB-TT,8,124,9月28日,,2026-10-06 18:56:13,,,,2026-10-06 18:56:13,2026-10-06 18:56:13
4262,7655622621867360274,7655622621867360274,,JH-志恆+8-0626-3-2,,LB-TT,8,124,9月28日,,2026-10-06 18:56:13,,,,2026-10-06 18:56:13,2026-10-06 18:56:13
4263,7655622045912907783,7655622045912907783,,JH-志恆+8-0626-3-1,,LB-TT,8,124,9月28日,,2026-10-06 18:56:13,,,,2026-10-06 18:56:13,2026-10-06 18:56:13
4264,7655622526583963655,7655622526583963655,,JH-志恆+8-0626-2-5,,LB-TT,8,124,9月28日,,2026-10-06 18:56:13,,,,2026-10-06 18:56:13,2026-10-06 18:56:13
4265,7655622526583898119,7655622526583898119,,JH-志恆+8-0626-2-4,,LB-TT,8,124,9月28日,,2026-10-06 18:56:13,,,,2026-10-06 18:56:13,2026-10-06 18:56:13
4266,7655622748646211591,7655622748646211591,,JH-志恆+8-0626-2-3,,LB-TT,8,124,9月28日,,2026-10-06 18:56:13,,,,2026-10-06 18:56:13,2026-10-06 18:56:13
4267,7655622526583832583,7655622526583832583,,JH-志恆+8-0626-2-2,,LB-TT,8,124,9月28日,,2026-10-06 18:56:13,,,,2026-10-06 18:56:13,2026-10-06 18:56:13
4268,7655622990222098439,7655622990222098439,,JH-志恆+8-0626-2-1,,LB-TT,8,124,9月28日,,2026-10-06 18:56:13,,,,2026-10-06 18:56:13,2026-10-06 18:56:13
4269,7655622319645573128,7655622319645573128,,JH-志恆+8-0626-1-5,,LB-TT,8,124,9月28日,,2026-10-06 18:56:13,,,,2026-10-06 18:56:13,2026-10-06 18:56:13
4270,7655623158163079176,7655623158163079176,,JH-志恆+8-0626-1-4,,LB-TT,8,124,9月28日,,2026-10-06 18:56:13,,,,2026-10-06 18:56:13,2026-10-06 18:56:13
4271,7655622761993469970,7655622761993469970,,JH-志恆+8-0626-1-3,,LB-TT,8,124,9月28日,,2026-10-06 18:56:13,,,,2026-10-06 18:56:13,2026-10-06 18:56:13
4272,7655622728204124167,7655622728204124167,,JH-志恆+8-0626-1-2,,LB-TT,8,124,9月28日,,2026-10-06 18:56:13,,,,2026-10-06 18:56:13,2026-10-06 18:56:13
4273,7655622761993371666,7655622761993371666,,JH-志恆+8-0626-1-1,,LB-TT,8,124,9月28日,,2026-10-06 18:56:13,,,,2026-10-06 18:56:13,2026-10-06 18:56:13
4274,7655633056020824082,7655633056020824082,,JH-粵能+8-0626-4-5,,LB-TT,8,124,9月28日,,2026-10-06 18:56:13,,,,2026-10-06 18:56:13,2026-10-06 18:56:13
4275,7655633332604059655,7655633332604059655,,JH-粵能+8-0626-4-4,,LB-TT,8,124,9月28日,,2026-10-06 18:56:13,,,,2026-10-06 18:56:13,2026-10-06 18:56:13
4276,7655633085251371026,7655633085251371026,,JH-粵能+8-0626-4-3,,LB-TT,8,124,9月28日,,2026-10-06 18:56:13,,,,2026-10-06 18:56:13,2026-10-06 18:56:13
4277,7655632906127474706,7655632906127474706,,JH-粵能+8-0626-4-2,,LB-TT,8,124,9月28日,,2026-10-06 18:56:13,,,,2026-10-06 18:56:13,2026-10-06 18:56:13
4278,7655633329480957959,7655633329480957959,,JH-粵能+8-0626-4-1,,LB-TT,8,124,9月28日,,2026-10-06 18:56:13,,,,2026-10-06 18:56:13,2026-10-06 18:56:13
4279,7655633067956109319,7655633067956109319,,JH-粵能+8-0626-3-5,,LB-TT,8,124,9月28日,,2026-10-06 18:56:13,,,,2026-10-06 18:56:13,2026-10-06 18:56:13
4280,7655632685424836615,7655632685424836615,,JH-粵能+8-0626-3-4,,LB-TT,8,124,9月28日,,2026-10-06 18:56:13,,,,2026-10-06 18:56:13,2026-10-06 18:56:13
4281,7655632836084318215,7655632836084318215,,JH-粵能+8-0626-3-3,,LB-TT,8,124,9月28日,,2026-10-06 18:56:13,,,,2026-10-06 18:56:13,2026-10-06 18:56:13
4282,7655632929872871432,7655632929872871432,,JH-粵能+8-0626-3-2,,LB-TT,8,124,9月28日,,2026-10-06 18:56:13,,,,2026-10-06 18:56:13,2026-10-06 18:56:13
4283,7655632630461005842,7655632630461005842,,JH-粵能+8-0626-3-1,,LB-TT,8,124,9月28日,,2026-10-06 18:56:13,,,,2026-10-06 18:56:13,2026-10-06 18:56:13
4284,7655633932806438919,7655633932806438919,,JH-粵能+8-0626-2-5,,LB-TT,8,124,9月28日,,2026-10-06 18:56:13,,,,2026-10-06 18:56:13,2026-10-06 18:56:13
4285,7655633947876687880,7655633947876687880,,JH-粵能+8-0626-2-4,,LB-TT,8,124,9月28日,,2026-10-06 18:56:13,,,,2026-10-06 18:56:13,2026-10-06 18:56:13
4286,7655634073564725256,7655634073564725256,,JH-粵能+8-0626-2-3,,LB-TT,8,124,9月28日,,2026-10-06 18:56:13,,,,2026-10-06 18:56:13,2026-10-06 18:56:13
4287,7655634232861229074,7655634232861229074,,JH-粵能+8-0626-2-2,,LB-TT,8,124,9月28日,,2026-10-06 18:56:13,,,,2026-10-06 18:56:13,2026-10-06 18:56:13
4288,7655634039377805319,7655634039377805319,,JH-粵能+8-0626-2-1,,LB-TT,8,124,9月28日,,2026-10-06 18:56:13,,,,2026-10-06 18:56:13,2026-10-06 18:56:13
4289,7690504582480527381,7690504582480527381,,XBalanceORVEXSTPTE.LTD.America/Sao_Paulo005,,LB-养,-3,122,9月30日,,2026-10-06 18:56:13,,,,2026-10-06 18:56:13,2026-10-06 18:56:13
4290,7690504502009315348,7690504502009315348,,XBalanceORVEXSTPTE.LTD.America/Sao_Paulo004,,LB-养,-3,122,9月30日,,2026-10-06 18:56:13,,,,2026-10-06 18:56:13,2026-10-06 18:56:13
4291,7690504646107906069,7690504646107906069,,XBalanceORVEXSTPTE.LTD.America/Sao_Paulo003,,LB-养,-3,122,9月30日,,2026-10-06 18:56:13,,,,2026-10-06 18:56:13,2026-10-06 18:56:13
4292,7690504566990782484,7690504566990782484,,XBalanceORVEXSTPTE.LTD.America/Sao_Paulo002,,LB-养,-3,122,9月30日,,2026-10-06 18:56:13,,,,2026-10-06 18:56:13,2026-10-06 18:56:13
4293,7690504586955882517,7690504586955882517,,XBalanceORVEXSTPTE.LTD.America/Sao_Paulo001,,LB-养,-3,122,9月30日,,2026-10-06 18:56:13,,,,2026-10-06 18:56:13,2026-10-06 18:56:13
4294,7690504658225758229,7690504658225758229,,XBalanceNOVELINKPTE.LTD.America/Sao_Paulo005,,LB-养,-3,122,9月30日,,2026-10-06 18:56:13,,,,2026-10-06 18:56:13,2026-10-06 18:56:13
4295,7690504666119061524,7690504666119061524,,XBalanceNOVELINKPTE.LTD.America/Sao_Paulo004,,LB-养,-3,122,9月30日,,2026-10-06 18:56:13,,,,2026-10-06 18:56:13,2026-10-06 18:56:13
4296,7690504742501515285,7690504742501515285,,XBalanceNOVELINKPTE.LTD.America/Sao_Paulo003,,LB-养,-3,122,9月30日,,2026-10-06 18:56:13,,,,2026-10-06 18:56:13,2026-10-06 18:56:13
4297,7690504639930433556,7690504639930433556,,XBalanceNOVELINKPTE.LTD.America/Sao_Paulo002,,LB-养,-3,122,9月30日,,2026-10-06 18:56:13,,,,2026-10-06 18:56:13,2026-10-06 18:56:13
4298,7690504784037806100,7690504784037806100,,XBalanceNOVELINKPTE.LTD.America/Sao_Paulo001,,LB-养,-3,122,9月30日,,2026-10-06 18:56:13,,,,2026-10-06 18:56:13,2026-10-06 18:56:13
4299,7690504792799559701,7690504792799559701,,XBalanceNOVELINKPTE.LTD.America/Sao_Paulo010,,LB-养,-3,122,9月30日,,2026-10-06 18:56:13,,,,2026-10-06 18:56:13,2026-10-06 18:56:13
4300,7690504843852972052,7690504843852972052,,XBalanceNOVELINKPTE.LTD.America/Sao_Paulo009,,LB-养,-3,122,9月30日,,2026-10-06 18:56:13,,,,2026-10-06 18:56:13,2026-10-06 18:56:13
4301,7690504808448720917,7690504808448720917,,XBalanceNOVELINKPTE.LTD.America/Sao_Paulo008,,LB-养,-3,122,9月30日,,2026-10-06 18:56:13,,,,2026-10-06 18:56:13,2026-10-06 18:56:13
4302,7690504840742109205,7690504840742109205,,XBalanceNOVELINKPTE.LTD.America/Sao_Paulo007,,LB-养,-3,122,9月30日,,2026-10-06 18:56:13,,,,2026-10-06 18:56:13,2026-10-06 18:56:13
4303,7690504798722064405,7690504798722064405,,XBalanceNOVELINKPTE.LTD.America/Sao_Paulo006,,LB-养,-3,122,9月30日,,2026-10-06 18:56:13,,,,2026-10-06 18:56:13,2026-10-06 18:56:13
4304,7690504910273609748,7690504910273609748,,XBalanceMORVEXPTE.LTD.America/Sao_Paulo005,,LB-养,-3,122,9月30日,,2026-10-06 18:56:13,,,,2026-10-06 18:56:13,2026-10-06 18:56:13
4305,7690504913822171157,7690504913822171157,,XBalanceMORVEXPTE.LTD.America/Sao_Paulo004,,LB-养,-3,122,9月30日,,2026-10-06 18:56:13,,,,2026-10-06 18:56:13,2026-10-06 18:56:13
4306,7690504963482599444,7690504963482599444,,XBalanceMORVEXPTE.LTD.America/Sao_Paulo003,,LB-养,-3,122,9月30日,,2026-10-06 18:56:13,,,,2026-10-06 18:56:13,2026-10-06 18:56:13
4307,7690504904240775189,7690504904240775189,,XBalanceMORVEXPTE.LTD.America/Sao_Paulo002,,LB-养,-3,122,9月30日,,2026-10-06 18:56:13,,,,2026-10-06 18:56:13,2026-10-06 18:56:13
4308,7690504886106193940,7690504886106193940,,XBalanceMORVEXPTE.LTD.America/Sao_Paulo001,,LB-养,-3,122,9月30日,,2026-10-06 18:56:13,,,,2026-10-06 18:56:13,2026-10-06 18:56:13
4309,7690504980299317268,7690504980299317268,,XBalanceLYNEXPTE.LTD.America/Sao_Paulo005,,LB-养,-3,122,9月30日,,2026-10-06 18:56:13,,,,2026-10-06 18:56:13,2026-10-06 18:56:13
4310,7690504973087686677,7690504973087686677,,XBalanceLYNEXPTE.LTD.America/Sao_Paulo004,,LB-养,-3,122,9月30日,,2026-10-06 18:56:13,,,,2026-10-06 18:56:13,2026-10-06 18:56:13
4311,7690504963201728533,7690504963201728533,,XBalanceLYNEXPTE.LTD.America/Sao_Paulo003,,LB-养,-3,122,9月30日,,2026-10-06 18:56:13,,,,2026-10-06 18:56:13,2026-10-06 18:56:13
4312,7690505023000002581,7690505023000002581,,XBalanceLYNEXPTE.LTD.America/Sao_Paulo002,,LB-养,-3,122,9月30日,,2026-10-06 18:56:13,,,,2026-10-06 18:56:13,2026-10-06 18:56:13
4313,7690504998895157269,7690504998895157269,,XBalanceLYNEXPTE.LTD.America/Sao_Paulo001,,LB-养,-3,122,9月30日,,2026-10-06 18:56:13,,,,2026-10-06 18:56:13,2026-10-06 18:56:13
4314,7690504193185972230,7690504193185972230,,XBalanceKETOSPTE.LTD.America/Sao_Paulo005,,LB-养,-3,122,9月30日,,2026-10-06 18:56:13,,,,2026-10-06 18:56:13,2026-10-06 18:56:13
4315,7690504200083177478,7690504200083177478,,XBalanceKETOSPTE.LTD.America/Sao_Paulo004,,LB-养,-3,122,9月30日,,2026-10-06 18:56:13,,,,2026-10-06 18:56:13,2026-10-06 18:56:13
4316,7690504200083341318,7690504200083341318,,XBalanceKETOSPTE.LTD.America/Sao_Paulo003,,LB-养,-3,122,9月30日,,2026-10-06 18:56:13,,,,2026-10-06 18:56:13,2026-10-06 18:56:13
4317,7690504193186201606,7690504193186201606,,XBalanceKETOSPTE.LTD.America/Sao_Paulo002,,LB-养,-3,122,9月30日,,2026-10-06 18:56:13,,,,2026-10-06 18:56:13,2026-10-06 18:56:13
4318,7690504257782611988,7690504257782611988,,XBalanceKETOSPTE.LTD.America/Sao_Paulo001,,LB-养,-3,122,9月30日,,2026-10-06 18:56:13,,,,2026-10-06 18:56:13,2026-10-06 18:56:13
4319,7690504296904474644,7690504296904474644,,XBalanceOUTERPORTPTE.LTD.America/Sao_Paulo005,,LB-养,-3,122,9月30日,,2026-10-06 18:56:13,,,,2026-10-06 18:56:13,2026-10-06 18:56:13
4320,7690504331254153237,7690504331254153237,,XBalanceOUTERPORTPTE.LTD.America/Sao_Paulo004,,LB-养,-3,122,9月30日,,2026-10-06 18:56:13,,,,2026-10-06 18:56:13,2026-10-06 18:56:13
4321,7690504287709020212,7690504287709020212,,XBalanceOUTERPORTPTE.LTD.America/Sao_Paulo003,,LB-养,-3,122,9月30日,,2026-10-06 18:56:13,,,,2026-10-06 18:56:13,2026-10-06 18:56:13
4322,7690504283300708373,7690504283300708373,,XBalanceOUTERPORTPTE.LTD.America/Sao_Paulo002,,LB-养,-3,122,9月30日,,2026-10-06 18:56:13,,,,2026-10-06 18:56:13,2026-10-06 18:56:13
4323,7690504402385289237,7690504402385289237,,XBalanceOUTERPORTPTE.LTD.America/Sao_Paulo001,,LB-养,-3,130,9月30日,,2026-10-06 18:56:13,,,,2026-10-06 18:56:13,2026-10-06 18:56:13
4324,7690504362669572116,7690504362669572116,,XBalancePEAZAYPTE.LTD.America/Sao_Paulo005,,LB-养,-3,130,9月30日,,2026-10-06 18:56:13,,,,2026-10-06 18:56:13,2026-10-06 18:56:13
4325,7690504409008095252,7690504409008095252,,XBalancePEAZAYPTE.LTD.America/Sao_Paulo004,,LB-养,-3,130,9月30日,,2026-10-06 18:56:13,,,,2026-10-06 18:56:13,2026-10-06 18:56:13
4326,7690504439160995860,7690504439160995860,,XBalancePEAZAYPTE.LTD.America/Sao_Paulo003,,LB-养,-3,130,9月30日,,2026-10-06 18:56:13,,,,2026-10-06 18:56:13,2026-10-06 18:56:13
4327,7690504409008324628,7690504409008324628,,XBalancePEAZAYPTE.LTD.America/Sao_Paulo002,,LB-养,-3,130,9月30日,,2026-10-06 18:56:13,,,,2026-10-06 18:56:13,2026-10-06 18:56:13
4328,7690504426372726805,7690504426372726805,,XBalancePEAZAYPTE.LTD.America/Sao_Paulo001,,LB-养,-3,130,9月30日,,2026-10-06 18:56:13,,,,2026-10-06 18:56:13,2026-10-06 18:56:13
4329,7690504498938183700,7690504498938183700,,XBalanceSEPTIMUSPTE.LTD.America/Sao_Paulo005,,LB-养,-3,130,9月30日,,2026-10-06 18:56:13,,,,2026-10-06 18:56:13,2026-10-06 18:56:13
4330,7690504480814956564,7690504480814956564,,XBalanceSEPTIMUSPTE.LTD.America/Sao_Paulo004,,LB-养,-3,130,9月30日,,2026-10-06 18:56:13,,,,2026-10-06 18:56:13,2026-10-06 18:56:13
4331,7690504555332223028,7690504555332223028,,XBalanceSEPTIMUSPTE.LTD.America/Sao_Paulo003,,LB-养,-3,130,9月30日,,2026-10-06 18:56:13,,,,2026-10-06 18:56:13,2026-10-06 18:56:13
4332,7690504555332452404,7690504555332452404,,XBalanceSEPTIMUSPTE.LTD.America/Sao_Paulo002,,LB-养,-3,130,9月30日,,2026-10-06 18:56:13,,,,2026-10-06 18:56:13,2026-10-06 18:56:13
4333,7690504463307800597,7690504463307800597,,XBalanceSEPTIMUSPTE.LTD.America/Sao_Paulo001,,LB-养,-3,130,9月30日,,2026-10-06 18:56:13,,,,2026-10-06 18:56:13,2026-10-06 18:56:13
4334,7690503779904667668,7690503779904667668,,XBalanceSILVANORPTE.LTD.America/Sao_Paulo005,,LB-养,-3,130,9月30日,,2026-10-06 18:56:13,,,,2026-10-06 18:56:13,2026-10-06 18:56:13
4335,7690503864025759765,7690503864025759765,,XBalanceSILVANORPTE.LTD.America/Sao_Paulo004,,LB-养,-3,130,9月30日,,2026-10-06 18:56:13,,,,2026-10-06 18:56:13,2026-10-06 18:56:13
4336,7690503858367479828,7690503858367479828,,XBalanceSILVANORPTE.LTD.America/Sao_Paulo003,,LB-养,-3,130,9月30日,,2026-10-06 18:56:13,,,,2026-10-06 18:56:13,2026-10-06 18:56:13
4337,7690503844337778709,7690503844337778709,,XBalanceSILVANORPTE.LTD.America/Sao_Paulo002,,LB-养,-3,130,9月30日,,2026-10-06 18:56:13,,,,2026-10-06 18:56:13,2026-10-06 18:56:13
4338,7690503858623201300,7690503858623201300,,XBalanceSILVANORPTE.LTD.America/Sao_Paulo001,,LB-养,-3,130,9月30日,,2026-10-06 18:56:13,,,,2026-10-06 18:56:13,2026-10-06 18:56:13
4339,7690503836441264149,7690503836441264149,,XBalanceSGCARCAREPTE.LTD.America/Sao_Paulo005,,LB-养,-3,130,9月30日,,2026-10-06 18:56:13,,,,2026-10-06 18:56:13,2026-10-06 18:56:13
4340,7690503836441329685,7690503836441329685,,XBalanceSGCARCAREPTE.LTD.America/Sao_Paulo004,,LB-养,-3,130,9月30日,,2026-10-06 18:56:13,,,,2026-10-06 18:56:13,2026-10-06 18:56:13
4341,7690503822162329620,7690503822162329620,,XBalanceSGCARCAREPTE.LTD.America/Sao_Paulo003,,LB-养,-3,130,9月30日,,2026-10-06 18:56:13,,,,2026-10-06 18:56:13,2026-10-06 18:56:13
4342,7690503912966209588,7690503912966209588,,XBalanceSGCARCAREPTE.LTD.America/Sao_Paulo002,,LB-养,-3,130,9月30日,,2026-10-06 18:56:13,,,,2026-10-06 18:56:13,2026-10-06 18:56:13
4343,7690503954027200533,7690503954027200533,,XBalanceSGCARCAREPTE.LTD.America/Sao_Paulo001,,LB-养,-3,130,9月30日,,2026-10-06 18:56:13,,,,2026-10-06 18:56:13,2026-10-06 18:56:13
4344,7690504048104980501,7690504048104980501,,XBalanceSOLACENPTE.LTD.America/Sao_Paulo005,,LB-养,-3,130,9月30日,,2026-10-06 18:56:13,,,,2026-10-06 18:56:13,2026-10-06 18:56:13
4345,7690503974331547668,7690503974331547668,,XBalanceSOLACENPTE.LTD.America/Sao_Paulo004,,LB-养,-3,130,9月30日,,2026-10-06 18:56:13,,,,2026-10-06 18:56:13,2026-10-06 18:56:13
4346,7690504049224941589,7690504049224941589,,XBalanceSOLACENPTE.LTD.America/Sao_Paulo003,,LB-养,-3,130,9月30日,,2026-10-06 18:56:13,,,,2026-10-06 18:56:13,2026-10-06 18:56:13
4347,7690503996058091521,7690503996058091521,,XBalanceSOLACENPTE.LTD.America/Sao_Paulo002,,LB-养,-3,130,9月30日,,2026-10-06 18:56:13,,,,2026-10-06 18:56:13,2026-10-06 18:56:13
4348,7690504036818337813,7690504036818337813,,XBalanceSOLACENPTE.LTD.America/Sao_Paulo001,,LB-养,-3,130,9月30日,,2026-10-06 18:56:13,,,,2026-10-06 18:56:13,2026-10-06 18:56:13
4349,7690504060738650132,7690504060738650132,,XBalanceSKORRPTE.LTD.America/Sao_Paulo005,,LB-养,-3,130,9月30日,,2026-10-06 18:56:13,,,,2026-10-06 18:56:13,2026-10-06 18:56:13
4350,7690504098445049876,7690504098445049876,,XBalanceSKORRPTE.LTD.America/Sao_Paulo004,,LB-养,-3,130,9月30日,,2026-10-06 18:56:13,,,,2026-10-06 18:56:13,2026-10-06 18:56:13
4351,7690504030095228948,7690504030095228948,,XBalanceSKORRPTE.LTD.America/Sao_Paulo003,,LB-养,-3,130,9月30日,,2026-10-06 18:56:13,,,,2026-10-06 18:56:13,2026-10-06 18:56:13
4352,7690504026022182933,7690504026022182933,,XBalanceSKORRPTE.LTD.America/Sao_Paulo002,,LB-养,-3,130,9月30日,,2026-10-06 18:56:13,,,,2026-10-06 18:56:13,2026-10-06 18:56:13
4353,7690504110562459668,7690504110562459668,,XBalanceSKORRPTE.LTD.America/Sao_Paulo001,,LB-养,-3,130,9月30日,,2026-10-06 18:56:13,,,,2026-10-06 18:56:13,2026-10-06 18:56:13
4354,7690503474789842964,7690503474789842964,,XBalanceSOLDIOPTE.LTD.America/Sao_Paulo005,,LB-养,-3,130,9月30日,,2026-10-06 18:56:13,,,,2026-10-06 18:56:13,2026-10-06 18:56:13
4355,7690503518965874708,7690503518965874708,,XBalanceSOLDIOPTE.LTD.America/Sao_Paulo004,,LB-养,-3,130,9月30日,,2026-10-06 18:56:13,,,,2026-10-06 18:56:13,2026-10-06 18:56:13
4356,7690503518966104084,7690503518966104084,,XBalanceSOLDIOPTE.LTD.America/Sao_Paulo003,,LB-养,-3,125,9月30日,,2026-10-06 18:56:13,,,,2026-10-06 18:56:13,2026-10-06 18:56:13
4357,7690503565371637780,7690503565371637780,,XBalanceSOLDIOPTE.LTD.America/Sao_Paulo002,,LB-养,-3,125,9月30日,,2026-10-06 18:56:13,,,,2026-10-06 18:56:13,2026-10-06 18:56:13
4358,7690503603215286292,7690503603215286292,,XBalanceSOLDIOPTE.LTD.America/Sao_Paulo001,,LB-养,-3,125,9月30日,,2026-10-06 18:56:13,,,,2026-10-06 18:56:13,2026-10-06 18:56:13
4359,7690503549310222357,7690503549310222357,,XBalanceSOURCEFORCEPTE.LTD.America/Sao_Paulo005,,LB-养,-3,125,9月30日,,2026-10-06 18:56:13,,,,2026-10-06 18:56:13,2026-10-06 18:56:13
4360,7690503617215741972,7690503617215741972,,XBalanceSOURCEFORCEPTE.LTD.America/Sao_Paulo004,,LB-养,-3,125,9月30日,,2026-10-06 18:56:13,,,,2026-10-06 18:56:13,2026-10-06 18:56:13
4361,7690503653179867157,7690503653179867157,,XBalanceSOURCEFORCEPTE.LTD.America/Sao_Paulo003,,LB-养,-3,125,9月30日,,2026-10-06 18:56:13,,,,2026-10-06 18:56:13,2026-10-06 18:56:13
4362,7690503653179932693,7690503653179932693,,XBalanceSOURCEFORCEPTE.LTD.America/Sao_Paulo002,,LB-养,-3,125,9月30日,,2026-10-06 18:56:13,,,,2026-10-06 18:56:13,2026-10-06 18:56:13
4363,7690503677685202965,7690503677685202965,,XBalanceSOURCEFORCEPTE.LTD.America/Sao_Paulo001,,LB-养,-3,125,9月30日,,2026-10-06 18:56:13,,,,2026-10-06 18:56:13,2026-10-06 18:56:13
4364,7690503730318589958,7690503730318589958,,XBalanceTANDEMCOPTE.LTDAmerica/Sao_Paulo005,,LB-养,-3,125,9月30日,,2026-10-06 18:56:13,,,,2026-10-06 18:56:13,2026-10-06 18:56:13
4365,7690503737118834709,7690503737118834709,,XBalanceTANDEMCOPTE.LTDAmerica/Sao_Paulo004,,LB-养,-3,125,9月30日,,2026-10-06 18:56:13,,,,2026-10-06 18:56:13,2026-10-06 18:56:13
4366,7690503756135776276,7690503756135776276,,XBalanceTANDEMCOPTE.LTDAmerica/Sao_Paulo003,,LB-养,-3,125,9月30日,,2026-10-06 18:56:13,,,,2026-10-06 18:56:13,2026-10-06 18:56:13
4367,7690503730318786566,7690503730318786566,,XBalanceTANDEMCOPTE.LTDAmerica/Sao_Paulo002,,LB-养,-3,125,9月30日,,2026-10-06 18:56:13,,,,2026-10-06 18:56:13,2026-10-06 18:56:13
4368,7690503711801720852,7690503711801720852,,XBalanceTANDEMCOPTE.LTDAmerica/Sao_Paulo001,,LB-养,-3,125,9月30日,,2026-10-06 18:56:13,,,,2026-10-06 18:56:13,2026-10-06 18:56:13
4369,7690503199983992853,7690503199983992853,,XBalanceSUBOTIZPTE.LTD.America/Sao_Paulo005,,LB-养,-3,125,9月30日,,2026-10-06 18:56:13,,,,2026-10-06 18:56:13,2026-10-06 18:56:13
4370,7690503118731231252,7690503118731231252,,XBalanceSUBOTIZPTE.LTD.America/Sao_Paulo004,,LB-养,-3,125,9月30日,,2026-10-06 18:56:13,,,,2026-10-06 18:56:13,2026-10-06 18:56:13
4371,7690503133390503957,7690503133390503957,,XBalanceSUBOTIZPTE.LTD.America/Sao_Paulo003,,LB-养,-3,125,9月30日,,2026-10-06 18:56:13,,,,2026-10-06 18:56:13,2026-10-06 18:56:13
4372,7690503306120560660,7690503306120560660,,XBalanceSUBOTIZPTE.LTD.America/Sao_Paulo002,,LB-养,-3,125,9月30日,,2026-10-06 18:56:13,,,,2026-10-06 18:56:13,2026-10-06 18:56:13
4373,7690503320867422209,7690503320867422209,,XBalanceSUBOTIZPTE.LTD.America/Sao_Paulo001,,LB-养,-3,125,9月30日,,2026-10-06 18:56:13,,,,2026-10-06 18:56:13,2026-10-06 18:56:13
4374,7690503479520985109,7690503479520985109,,XBalanceUPSPRINGPTE.LTD.America/Sao_Paulo005,,LB-养,-3,125,9月30日,,2026-10-06 18:56:13,,,,2026-10-06 18:56:13,2026-10-06 18:56:13
4375,7690503482561839125,7690503482561839125,,XBalanceUPSPRINGPTE.LTD.America/Sao_Paulo004,,LB-养,-3,125,9月30日,,2026-10-06 18:56:13,,,,2026-10-06 18:56:13,2026-10-06 18:56:13
4376,7690503480296947733,7690503480296947733,,XBalanceUPSPRINGPTE.LTD.America/Sao_Paulo003,,LB-养,-3,125,9月30日,,2026-10-06 18:56:13,,,,2026-10-06 18:56:13,2026-10-06 18:56:13
4377,7690503488094093332,7690503488094093332,,XBalanceUPSPRINGPTE.LTD.America/Sao_Paulo002,,LB-养,-3,125,9月30日,,2026-10-06 18:56:13,,,,2026-10-06 18:56:13,2026-10-06 18:56:13
4378,7690503497142452245,7690503497142452245,,XBalanceUPSPRINGPTE.LTD.America/Sao_Paulo001,,LB-养,-3,125,9月30日,,2026-10-06 18:56:13,,,,2026-10-06 18:56:13,2026-10-06 18:56:13
4379,7690502998577365012,7690502998577365012,,XBalanceWHOSEHOUZEPTE.LTD.America/Sao_Paulo005,,LB-养,-3,125,9月30日,,2026-10-06 18:56:13,,,,2026-10-06 18:56:13,2026-10-06 18:56:13
4380,7690502998577496084,7690502998577496084,,XBalanceWHOSEHOUZEPTE.LTD.America/Sao_Paulo004,,LB-养,-3,125,9月30日,,2026-10-06 18:56:13,,,,2026-10-06 18:56:13,2026-10-06 18:56:13
4381,7690503044437655573,7690503044437655573,,XBalanceWHOSEHOUZEPTE.LTD.America/Sao_Paulo003,,LB-养,-3,125,9月30日,,2026-10-06 18:56:13,,,,2026-10-06 18:56:13,2026-10-06 18:56:13
4382,7690503167314018325,7690503167314018325,,XBalanceWHOSEHOUZEPTE.LTD.America/Sao_Paulo002,,LB-养,-3,125,9月30日,,2026-10-06 18:56:13,,,,2026-10-06 18:56:13,2026-10-06 18:56:13
4383,7690503161500467220,7690503161500467220,,XBalanceWHOSEHOUZEPTE.LTD.America/Sao_Paulo001,,LB-养,-3,125,9月30日,,2026-10-06 18:56:13,,,,2026-10-06 18:56:13,2026-10-06 18:56:13
4384,7690502968671469588,7690502968671469588,,XBalanceWUXIANSHIYEPTE.LTD.America/Sao_Paulo005,,LB-养,-3,125,9月30日,,2026-10-06 18:56:13,,,,2026-10-06 18:56:13,2026-10-06 18:56:13
4385,7690503020521472020,7690503020521472020,,XBalanceWUXIANSHIYEPTE.LTD.America/Sao_Paulo004,,LB-养,-3,125,9月30日,,2026-10-06 18:56:13,,,,2026-10-06 18:56:13,2026-10-06 18:56:13
4386,7690502986434887700,7690502986434887700,,XBalanceWUXIANSHIYEPTE.LTD.America/Sao_Paulo003,,LB-养,-3,125,9月30日,,2026-10-06 18:56:13,,,,2026-10-06 18:56:13,2026-10-06 18:56:13
4387,7690502905157386260,7690502905157386260,,XBalanceWUXIANSHIYEPTE.LTD.America/Sao_Paulo002,,LB-养,-3,125,9月30日,,2026-10-06 18:56:13,,,,2026-10-06 18:56:13,2026-10-06 18:56:13
4388,7690503023667347476,7690503023667347476,,XBalanceWUXIANSHIYEPTE.LTD.America/Sao_Paulo001,,LB-养,-3,125,9月30日,,2026-10-06 18:56:13,,,,2026-10-06 18:56:13,2026-10-06 18:56:13
4389,7690780962896232466,7690780962896232466,,JH-WOOOHOOOPTE.LTD.-泰国-1,,LB-养,7,130,9月30日,,2026-10-06 18:56:13,,,,2026-10-06 18:56:13,2026-10-06 18:56:13
4390,7690780665515933714,7690780665515933714,,JH-WOOOHOOOPTE.LTD.-泰国-2,,LB-养,7,130,9月30日,,2026-10-06 18:56:13,,,,2026-10-06 18:56:13,2026-10-06 18:56:13
4391,7690780441376325639,7690780441376325639,,JH-WOOOHOOOPTE.LTD.-泰国-3,,LB-养,7,130,9月30日,,2026-10-06 18:56:13,,,,2026-10-06 18:56:13,2026-10-06 18:56:13
4392,7690781177258803206,7690781177258803206,,JH-WOOOHOOOPTE.LTD.-泰国-4,,LB-养,7,130,9月30日,,2026-10-06 18:56:13,,,,2026-10-06 18:56:13,2026-10-06 18:56:13
4393,7690781090178531335,7690781090178531335,,JH-WOOOHOOOPTE.LTD.-泰国-5,,LB-养,7,130,9月30日,,2026-10-06 18:56:13,,,,2026-10-06 18:56:13,2026-10-06 18:56:13
4394,7690781310071209991,7690781310071209991,,JH-UGLYSIGNALSPTE.LTD.-泰国-1,,LB-养,7,130,9月30日,,2026-10-06 18:56:13,,,,2026-10-06 18:56:13,2026-10-06 18:56:13
4395,7690781630046371861,7690781630046371861,,JH-UGLYSIGNALSPTE.LTD.-泰国-2,,LB-养,7,130,9月30日,,2026-10-06 18:56:13,,,,2026-10-06 18:56:13,2026-10-06 18:56:13
4396,7690781563692433429,7690781563692433429,,JH-UGLYSIGNALSPTE.LTD.-泰国-3,,LB-养,7,130,9月30日,,2026-10-06 18:56:13,,,,2026-10-06 18:56:13,2026-10-06 18:56:13
4397,7690781136972251154,7690781136972251154,,JH-UGLYSIGNALSPTE.LTD.-泰国-4,,LB-养,7,130,9月30日,,2026-10-06 18:56:13,,,,2026-10-06 18:56:13,2026-10-06 18:56:13
4398,7690780962476965896,7690780962476965896,,JH-UGLYSIGNALSPTE.LTD.-泰国-5,,LB-养,7,130,9月30日,,2026-10-06 18:56:13,,,,2026-10-06 18:56:13,2026-10-06 18:56:13
4399,7690781237948104712,7690781237948104712,,JH-TSTAPPRHPTE.LTD.-泰国-1,,LB-养,7,130,9月30日,,2026-10-06 18:56:13,,,,2026-10-06 18:56:13,2026-10-06 18:56:13
4400,7690781512191098887,7690781512191098887,,JH-TSTAPPRHPTE.LTD.-泰国-2,,LB-养,7,130,9月30日,,2026-10-06 18:56:13,,,,2026-10-06 18:56:13,2026-10-06 18:56:13
4401,7690781286496862215,7690781286496862215,,JH-TSTAPPRHPTE.LTD.-泰国-3,,LB-养,7,130,9月30日,,2026-10-06 18:56:13,,,,2026-10-06 18:56:13,2026-10-06 18:56:13
4402,7690781748499513362,7690781748499513362,,JH-TSTAPPRHPTE.LTD.-泰国-4,,LB-养,7,130,9月30日,,2026-10-06 18:56:13,,,,2026-10-06 18:56:13,2026-10-06 18:56:13
4403,7690781690381746194,7690781690381746194,,JH-TSTAPPRHPTE.LTD.-泰国-5,,LB-养,7,130,9月30日,,2026-10-06 18:56:13,,,,2026-10-06 18:56:13,2026-10-06 18:56:13
4404,7690781529626443794,7690781529626443794,,JH-TMCDPTE.LTD.-泰国-1,,LB-养,7,130,9月30日,,2026-10-06 18:56:13,,,,2026-10-06 18:56:13,2026-10-06 18:56:13
4405,7690781483885314056,7690781483885314056,,JH-TMCDPTE.LTD.-泰国-2,,LB-养,7,130,9月30日,,2026-10-06 18:56:13,,,,2026-10-06 18:56:13,2026-10-06 18:56:13
4406,7690781540798873608,7690781540798873608,,JH-TMCDPTE.LTD.-泰国-3,,LB-养,7,130,9月30日,,2026-10-06 18:56:13,,,,2026-10-06 18:56:13,2026-10-06 18:56:13
4407,7690781310071308295,7690781310071308295,,JH-TMCDPTE.LTD.-泰国-4,,LB-养,7,130,9月30日,,2026-10-06 18:56:13,,,,2026-10-06 18:56:13,2026-10-06 18:56:13
4408,7690781621118697479,7690781621118697479,,JH-TMCDPTE.LTD.-泰国-5,,LB-养,7,130,9月30日,,2026-10-06 18:56:13,,,,2026-10-06 18:56:13,2026-10-06 18:56:13
4409,7690781814016720903,7690781814016720903,,JH-SYMBIOSAGEPTE.LTD.-泰国-1,,LB-养,7,130,9月30日,,2026-10-06 18:56:13,,,,2026-10-06 18:56:13,2026-10-06 18:56:13
4410,7690782007799447570,7690782007799447570,,JH-SYMBIOSAGEPTE.LTD.-泰国-2,,LB-养,7,130,9月30日,,2026-10-06 18:56:13,,,,2026-10-06 18:56:13,2026-10-06 18:56:13
4411,7690781889512128520,7690781889512128520,,JH-SYMBIOSAGEPTE.LTD.-泰国-3,,LB-养,7,130,9月30日,,2026-10-06 18:56:13,,,,2026-10-06 18:56:13,2026-10-06 18:56:13
4412,7690781556110868487,7690781556110868487,,JH-SYMBIOSAGEPTE.LTD.-泰国-4,,LB-养,7,130,9月30日,,2026-10-06 18:56:13,,,,2026-10-06 18:56:13,2026-10-06 18:56:13
4413,7690781685045428231,7690781685045428231,,JH-SYMBIOSAGEPTE.LTD.-泰国-5,,LB-养,7,130,9月30日,,2026-10-06 18:56:13,,,,2026-10-06 18:56:13,2026-10-06 18:56:13
4414,7690781585227563015,7690781585227563015,,JH-SUNTOXPTE.LTD.-泰国-1,,LB-养,7,130,9月30日,,2026-10-06 18:56:13,,,,2026-10-06 18:56:13,2026-10-06 18:56:13
4415,7690781529626525714,7690781529626525714,,JH-SUNTOXPTE.LTD.-泰国-2,,LB-养,7,130,9月30日,,2026-10-06 18:56:13,,,,2026-10-06 18:56:13,2026-10-06 18:56:13
4416,7690781985167130632,7690781985167130632,,JH-SUNTOXPTE.LTD.-泰国-3,,LB-养,7,130,9月30日,,2026-10-06 18:56:13,,,,2026-10-06 18:56:13,2026-10-06 18:56:13
4417,7690781814016786439,7690781814016786439,,JH-SUNTOXPTE.LTD.-泰国-4,,LB-养,7,130,9月30日,,2026-10-06 18:56:13,,,,2026-10-06 18:56:13,2026-10-06 18:56:13
4418,7690782016350060562,7690782016350060562,,JH-SUNTOXPTE.LTD.-泰国-5,,LB-养,7,130,9月30日,,2026-10-06 18:56:13,,,,2026-10-06 18:56:13,2026-10-06 18:56:13
4419,7690782006053109768,7690782006053109768,,JH-SOLREACHPTE.LTD.-泰国-1,,LB-养,7,130,9月30日,,2026-10-06 18:56:13,,,,2026-10-06 18:56:13,2026-10-06 18:56:13
4420,7690781272783831048,7690781272783831048,,JH-SOLREACHPTE.LTD.-泰国-2,,LB-养,7,130,9月30日,,2026-10-06 18:56:13,,,,2026-10-06 18:56:13,2026-10-06 18:56:13
4421,7690781505993408530,7690781505993408530,,JH-SOLREACHPTE.LTD.-泰国-3,,LB-养,7,130,9月30日,,2026-10-06 18:56:13,,,,2026-10-06 18:56:13,2026-10-06 18:56:13
4422,7690782138538704917,7690782138538704917,,JH-SOLREACHPTE.LTD.-泰国-4,,LB-养,7,130,9月30日,,2026-10-06 18:56:13,,,,2026-10-06 18:56:13,2026-10-06 18:56:13
4423,7690781898909433864,7690781898909433864,,JH-SOLREACHPTE.LTD.-泰国-5,,LB-养,7,130,9月30日,,2026-10-06 18:56:13,,,,2026-10-06 18:56:13,2026-10-06 18:56:13
4424,7690781592822267922,7690781592822267922,,JH-SHANLIANGPTE.LTD.-泰国-1,,LB-养,7,132,9月30日,,2026-10-06 18:56:13,,,,2026-10-06 18:56:13,2026-10-06 18:56:13
4425,7690781793428881426,7690781793428881426,,JH-SHANLIANGPTE.LTD.-泰国-2,,LB-养,7,132,9月30日,,2026-10-06 18:56:13,,,,2026-10-06 18:56:13,2026-10-06 18:56:13
4426,7690781998729822226,7690781998729822226,,JH-SHANLIANGPTE.LTD.-泰国-3,,LB-养,7,132,9月30日,,2026-10-06 18:56:13,,,,2026-10-06 18:56:13,2026-10-06 18:56:13
4427,7690781898909499400,7690781898909499400,,JH-SHANLIANGPTE.LTD.-泰国-4,,LB-养,7,132,9月30日,,2026-10-06 18:56:13,,,,2026-10-06 18:56:13,2026-10-06 18:56:13
4428,7690782006053208072,7690782006053208072,,JH-SHANLIANGPTE.LTD.-泰国-5,,LB-养,7,132,9月30日,,2026-10-06 18:56:13,,,,2026-10-06 18:56:13,2026-10-06 18:56:13
4429,7690782210592522241,7690782210592522241,,JH-RESETWORKSPTE.LTD.-泰国-1,,LB-养,7,132,9月30日,,2026-10-06 18:56:13,,,,2026-10-06 18:56:13,2026-10-06 18:56:13
4430,7690782375617396743,7690782375617396743,,JH-RESETWORKSPTE.LTD.-泰国-2,,LB-养,7,132,9月30日,,2026-10-06 18:56:13,,,,2026-10-06 18:56:13,2026-10-06 18:56:13
4431,7690782424917147656,7690782424917147656,,JH-RESETWORKSPTE.LTD.-泰国-3,,LB-养,7,132,9月30日,,2026-10-06 18:56:13,,,,2026-10-06 18:56:13,2026-10-06 18:56:13
4432,7690782262442508289,7690782262442508289,,JH-RESETWORKSPTE.LTD.-泰国-4,,LB-养,7,132,9月30日,,2026-10-06 18:56:13,,,,2026-10-06 18:56:13,2026-10-06 18:56:13
4433,7690782375617331207,7690782375617331207,,JH-RESETWORKSPTE.LTD.-泰国-5,,LB-养,7,132,9月30日,,2026-10-06 18:56:13,,,,2026-10-06 18:56:13,2026-10-06 18:56:13
4434,7690782397314793480,7690782397314793480,,JH-QLEANLABPTE.LTD.-泰国-1,,LB-养,7,132,9月30日,,2026-10-06 18:56:13,,,,2026-10-06 18:56:13,2026-10-06 18:56:13
4435,7690782504797650952,7690782504797650952,,JH-QLEANLABPTE.LTD.-泰国-2,,LB-养,7,132,9月30日,,2026-10-06 18:56:13,,,,2026-10-06 18:56:13,2026-10-06 18:56:13
4436,7690782393409634312,7690782393409634312,,JH-QLEANLABPTE.LTD.-泰国-3,,LB-养,7,132,9月30日,,2026-10-06 18:56:13,,,,2026-10-06 18:56:13,2026-10-06 18:56:13
4437,7690781785568919560,7690781785568919560,,JH-QLEANLABPTE.LTD.-泰国-4,,LB-养,7,132,9月30日,,2026-10-06 18:56:13,,,,2026-10-06 18:56:13,2026-10-06 18:56:13
4438,7690782262442639361,7690782262442639361,,JH-QLEANLABPTE.LTD.-泰国-5,,LB-养,7,132,9月30日,,2026-10-06 18:56:13,,,,2026-10-06 18:56:13,2026-10-06 18:56:13
4439,7690782473857974290,7690782473857974290,,JH-NUTRIQUENCHPTE.LTD.-印尼-1,,LB-养,7,132,9月30日,,2026-10-06 18:56:13,,,,2026-10-06 18:56:13,2026-10-06 18:56:13
4440,7690782620199829512,7690782620199829512,,JH-NUTRIQUENCHPTE.LTD.-印尼-2,,LB-养,7,132,9月30日,,2026-10-06 18:56:13,,,,2026-10-06 18:56:13,2026-10-06 18:56:13
4441,7690782320424402952,7690782320424402952,,JH-NUTRIQUENCHPTE.LTD.-印尼-3,,LB-养,7,132,9月30日,,2026-10-06 18:56:13,,,,2026-10-06 18:56:13,2026-10-06 18:56:13
4442,7690782753343848455,7690782753343848455,,JH-NUTRIQUENCHPTE.LTD.-印尼-4,,LB-养,7,132,9月30日,,2026-10-06 18:56:13,,,,2026-10-06 18:56:13,2026-10-06 18:56:13
4443,7690782504797716488,7690782504797716488,,JH-NUTRIQUENCHPTE.LTD.-印尼-5,,LB-养,7,132,9月30日,,2026-10-06 18:56:13,,,,2026-10-06 18:56:13,2026-10-06 18:56:13
4444,7690782690461892616,7690782690461892616,,JH-MUSEONPTE.LTD.-印尼-1,,LB-养,7,132,9月30日,,2026-10-06 18:56:13,,,,2026-10-06 18:56:13,2026-10-06 18:56:13
4445,7690782585929089032,7690782585929089032,,JH-MUSEONPTE.LTD.-印尼-2,,LB-养,7,132,9月30日,,2026-10-06 18:56:13,,,,2026-10-06 18:56:13,2026-10-06 18:56:13
4446,7690782473858039826,7690782473858039826,,JH-MUSEONPTE.LTD.-印尼-3,,LB-养,7,132,9月30日,,2026-10-06 18:56:13,,,,2026-10-06 18:56:13,2026-10-06 18:56:13
4447,7690782727841562631,7690782727841562631,,JH-MUSEONPTE.LTD.-印尼-4,,LB-养,7,132,9月30日,,2026-10-06 18:56:13,,,,2026-10-06 18:56:13,2026-10-06 18:56:13
4448,7690782306266415124,7690782306266415124,,JH-MUSEONPTE.LTD.-印尼-5,,LB-养,7,132,9月30日,,2026-10-06 18:56:13,,,,2026-10-06 18:56:13,2026-10-06 18:56:13
4449,7690782585929187336,7690782585929187336,,JH-MINIMALTECHPTE.LTD.-印尼-1,,LB-养,7,132,9月30日,,2026-10-06 18:56:13,,,,2026-10-06 18:56:13,2026-10-06 18:56:13
4450,7690782874179223572,7690782874179223572,,JH-MINIMALTECHPTE.LTD.-印尼-2,,LB-养,7,132,9月30日,,2026-10-06 18:56:13,,,,2026-10-06 18:56:13,2026-10-06 18:56:13
4451,7690782678622208007,7690782678622208007,,JH-MINIMALTECHPTE.LTD.-印尼-3,,LB-养,7,132,9月30日,,2026-10-06 18:56:13,,,,2026-10-06 18:56:13,2026-10-06 18:56:13
4452,7690782473858105362,7690782473858105362,,JH-MINIMALTECHPTE.LTD.-印尼-4,,LB-养,7,132,9月30日,,2026-10-06 18:56:13,,,,2026-10-06 18:56:13,2026-10-06 18:56:13
4453,7690782697744203783,7690782697744203783,,JH-MINIMALTECHPTE.LTD.-印尼-5,,LB-养,7,132,9月30日,,2026-10-06 18:56:13,,,,2026-10-06 18:56:13,2026-10-06 18:56:13
4454,7690782830814281746,7690782830814281746,,JH-IAMSTILLSPICYPTE.LTD.-印尼-1,,LB-养,7,132,9月30日,,2026-10-06 18:56:13,,,,2026-10-06 18:56:13,2026-10-06 18:56:13
4455,7690783085608452103,7690783085608452103,,JH-IAMSTILLSPICYPTE.LTD.-印尼-2,,LB-养,7,132,9月30日,,2026-10-06 18:56:13,,,,2026-10-06 18:56:13,2026-10-06 18:56:13
4456,7690782330016989202,7690782330016989202,,JH-IAMSTILLSPICYPTE.LTD.-印尼-3,,LB-养,7,132,9月30日,,2026-10-06 18:56:13,,,,2026-10-06 18:56:13,2026-10-06 18:56:13
4457,7690782988786810887,7690782988786810887,,JH-IAMSTILLSPICYPTE.LTD.-印尼-4,,LB-养,7,132,9月30日,,2026-10-06 18:56:13,,,,2026-10-06 18:56:13,2026-10-06 18:56:13
4458,7690783006373445650,7690783006373445650,,JH-IAMSTILLSPICYPTE.LTD.-印尼-5,,LB-养,7,132,9月30日,,2026-10-06 18:56:13,,,,2026-10-06 18:56:13,2026-10-06 18:56:13
4459,7690782855745191944,7690782855745191944,,JH-HYPALLAGEPTE.LTD.-印尼-1,,LB-养,7,122,9月30日,,2026-10-06 18:56:13,,,,2026-10-06 18:56:13,2026-10-06 18:56:13
4460,7690782821299666951,7690782821299666951,,JH-HYPALLAGEPTE.LTD.-印尼-2,,LB-养,7,122,9月30日,,2026-10-06 18:56:13,,,,2026-10-06 18:56:13,2026-10-06 18:56:13
4461,7690782821299601415,7690782821299601415,,JH-HYPALLAGEPTE.LTD.-印尼-3,,LB-养,7,122,9月30日,,2026-10-06 18:56:13,,,,2026-10-06 18:56:13,2026-10-06 18:56:13
4462,7690782583256842248,7690782583256842248,,JH-HYPALLAGEPTE.LTD.-印尼-4,,LB-养,7,122,9月30日,,2026-10-06 18:56:13,,,,2026-10-06 18:56:13,2026-10-06 18:56:13
4463,7690782886026493973,7690782886026493973,,JH-HYPALLAGEPTE.LTD.-印尼-5,,LB-养,7,122,9月30日,,2026-10-06 18:56:13,,,,2026-10-06 18:56:13,2026-10-06 18:56:13
4464,7690783276520210439,7690783276520210439,,JH-FUSHANJUPTE.LTD.-印尼-1,,LB-养,7,122,9月30日,,2026-10-06 18:56:13,,,,2026-10-06 18:56:13,2026-10-06 18:56:13
4465,7690783277661044788,7690783277661044788,,JH-FUSHANJUPTE.LTD.-印尼-2,,LB-养,7,122,9月30日,,2026-10-06 18:56:13,,,,2026-10-06 18:56:13,2026-10-06 18:56:13
4466,7690782820301717512,7690782820301717512,,JH-FUSHANJUPTE.LTD.-印尼-3,,LB-养,7,122,9月30日,,2026-10-06 18:56:13,,,,2026-10-06 18:56:13,2026-10-06 18:56:13
4467,7690783124241956871,7690783124241956871,,JH-FUSHANJUPTE.LTD.-印尼-4,,LB-养,7,122,9月30日,,2026-10-06 18:56:13,,,,2026-10-06 18:56:13,2026-10-06 18:56:13
4468,7690783322465009672,7690783322465009672,,JH-FUSHANJUPTE.LTD.-印尼-5,,LB-养,7,122,9月30日,,2026-10-06 18:56:13,,,,2026-10-06 18:56:13,2026-10-06 18:56:13
4469,7690782885508300818,7690782885508300818,,JH-FOLIASCOREPTE.LTD.-印尼-1,,LB-养,7,122,9月30日,,2026-10-06 18:56:13,,,,2026-10-06 18:56:13,2026-10-06 18:56:13
4470,7690783200389382152,7690783200389382152,,JH-FOLIASCOREPTE.LTD.-印尼-2,,LB-养,7,122,9月30日,,2026-10-06 18:56:13,,,,2026-10-06 18:56:13,2026-10-06 18:56:13
4471,7690783319096836104,7690783319096836104,,JH-FOLIASCOREPTE.LTD.-印尼-3,,LB-养,7,122,9月30日,,2026-10-06 18:56:13,,,,2026-10-06 18:56:13,2026-10-06 18:56:13
4472,7690782842170884114,7690782842170884114,,JH-FOLIASCOREPTE.LTD.-印尼-4,,LB-养,7,122,9月30日,,2026-10-06 18:56:13,,,,2026-10-06 18:56:13,2026-10-06 18:56:13
4473,7690783071213240327,7690783071213240327,,JH-FOLIASCOREPTE.LTD.-印尼-5,,LB-养,7,122,9月30日,,2026-10-06 18:56:13,,,,2026-10-06 18:56:13,2026-10-06 18:56:13
4474,7690782933615083541,7690782933615083541,,JH-FINYLLEPTE.LTD.-印尼-1,,LB-养,7,122,9月30日,,2026-10-06 18:56:13,,,,2026-10-06 18:56:13,2026-10-06 18:56:13
4475,7690783380815773703,7690783380815773703,,JH-FINYLLEPTE.LTD.-印尼-2,,LB-养,7,122,9月30日,,2026-10-06 18:56:13,,,,2026-10-06 18:56:13,2026-10-06 18:56:13
4476,7690783178002481160,7690783178002481160,,JH-FINYLLEPTE.LTD.-印尼-3,,LB-养,7,122,9月30日,,2026-10-06 18:56:13,,,,2026-10-06 18:56:13,2026-10-06 18:56:13
4477,7690783124242120711,7690783124242120711,,JH-FINYLLEPTE.LTD.-印尼-4,,LB-养,7,122,9月30日,,2026-10-06 18:56:13,,,,2026-10-06 18:56:13,2026-10-06 18:56:13
4478,7690782783857557522,7690782783857557522,,JH-FINYLLEPTE.LTD.-印尼-5,,LB-养,7,122,9月30日,,2026-10-06 18:56:13,,,,2026-10-06 18:56:13,2026-10-06 18:56:13
4479,7690783453622190086,7690783453622190086,,JH-ELMYSPTE.LTD.-印尼-1,,LB-养,7,122,9月30日,,2026-10-06 18:56:13,,,,2026-10-06 18:56:13,2026-10-06 18:56:13
4480,7690783239161692167,7690783239161692167,,JH-ELMYSPTE.LTD.-印尼-2,,LB-养,7,122,9月30日,,2026-10-06 18:56:13,,,,2026-10-06 18:56:13,2026-10-06 18:56:13
4481,7690783310011973640,7690783310011973640,,JH-ELMYSPTE.LTD.-印尼-3,,LB-养,7,122,9月30日,,2026-10-06 18:56:13,,,,2026-10-06 18:56:13,2026-10-06 18:56:13
4482,7690782697303932946,7690782697303932946,,JH-ELMYSPTE.LTD.-印尼-4,,LB-养,7,122,9月30日,,2026-10-06 18:56:13,,,,2026-10-06 18:56:13,2026-10-06 18:56:13
4483,7690783674700480520,7690783674700480520,,JH-ELMYSPTE.LTD.-印尼-5,,LB-养,7,122,9月30日,,2026-10-06 18:56:13,,,,2026-10-06 18:56:13,2026-10-06 18:56:13
4484,7690829859932913672,7690829859932913672,,JH-AGROPLUSPTE.LTD.-印尼-01,,LB-养,7,122,9月30日,,2026-10-06 18:56:13,,,,2026-10-06 18:56:13,2026-10-06 18:56:13
4485,7690829791184093185,7690829791184093185,,JH-AGROPLUSPTE.LTD.-印尼-02,,LB-养,7,122,9月30日,,2026-10-06 18:56:13,,,,2026-10-06 18:56:13,2026-10-06 18:56:13
4486,7690830195573850113,7690830195573850113,,JH-AGROPLUSPTE.LTD.-印尼-03,,LB-养,7,122,9月30日,,2026-10-06 18:56:13,,,,2026-10-06 18:56:13,2026-10-06 18:56:13
4487,7690830395961049108,7690830395961049108,,JH-AGROPLUSPTE.LTD.-印尼-04,,LB-养,7,122,9月30日,,2026-10-06 18:56:13,,,,2026-10-06 18:56:13,2026-10-06 18:56:13
4488,7690783676371582983,7690783676371582983,,JH-AGROPLUSPTE.LTD.-印尼-5,,LB-养,7,122,9月30日,,2026-10-06 18:56:13,,,,2026-10-06 18:56:13,2026-10-06 18:56:13
4489,7690784119416193044,7690784119416193044,,JH-UPSYDPTE.LTD.-巴西-1,,LB-养,-3,125,9月30日,,2026-10-06 18:56:13,,,,2026-10-06 18:56:13,2026-10-06 18:56:13
4490,7690784671637962759,7690784671637962759,,JH-UPSYDPTE.LTD.-巴西-2,,LB-养,-3,124,9月30日,,2026-10-06 18:56:13,,,,2026-10-06 18:56:13,2026-10-06 18:56:13
4491,7690784577261961234,7690784577261961234,,JH-UPSYDPTE.LTD.-巴西-3,,LB-养,-3,124,9月30日,,2026-10-06 18:56:13,,,,2026-10-06 18:56:13,2026-10-06 18:56:13
4492,7690784714839359506,7690784714839359506,,JH-UPSYDPTE.LTD.-巴西-4,,LB-养,-3,124,9月30日,,2026-10-06 18:56:13,,,,2026-10-06 18:56:13,2026-10-06 18:56:13
4493,7690784561348853780,7690784561348853780,,JH-UPSYDPTE.LTD.-巴西-5,,LB-养,-3,124,9月30日,,2026-10-06 18:56:13,,,,2026-10-06 18:56:13,2026-10-06 18:56:13
4494,7690783761625382920,7690783761625382920,,JH-SYNBUILDPTE.LTD.-巴西-1,,LB-养,-3,124,9月30日,,2026-10-06 18:56:13,,,,2026-10-06 18:56:13,2026-10-06 18:56:13
4495,7690784994041610248,7690784994041610248,,JH-SYNBUILDPTE.LTD.-巴西-2,,LB-养,-3,124,9月30日,,2026-10-06 18:56:13,,,,2026-10-06 18:56:13,2026-10-06 18:56:13
4496,7690784285484580882,7690784285484580882,,JH-SYNBUILDPTE.LTD.-巴西-3,,LB-养,-3,124,9月30日,,2026-10-06 18:56:13,,,,2026-10-06 18:56:13,2026-10-06 18:56:13
4497,7690784436668203015,7690784436668203015,,JH-SYNBUILDPTE.LTD.-巴西-4,,LB-养,-3,124,9月30日,,2026-10-06 18:56:13,,,,2026-10-06 18:56:13,2026-10-06 18:56:13
4498,7690784898721923092,7690784898721923092,,JH-SYNBUILDPTE.LTD.-巴西-5,,LB-养,-3,124,9月30日,,2026-10-06 18:56:13,,,,2026-10-06 18:56:13,2026-10-06 18:56:13
4499,7690784612779376647,7690784612779376647,,JH-RUUMZPTE.LTD.-巴西-1,,LB-养,-3,124,9月30日,,2026-10-06 18:56:13,,,,2026-10-06 18:56:13,2026-10-06 18:56:13
4500,7690784619425153042,7690784619425153042,,JH-RUUMZPTE.LTD.-巴西-2,,LB-养,-3,124,9月30日,,2026-10-06 18:56:13,,,,2026-10-06 18:56:13,2026-10-06 18:56:13
4501,7690784039997243410,7690784039997243410,,JH-RUUMZPTE.LTD.-巴西-3,,LB-养,-3,124,9月30日,,2026-10-06 18:56:13,,,,2026-10-06 18:56:13,2026-10-06 18:56:13
4502,7690784994041774088,7690784994041774088,,JH-RUUMZPTE.LTD.-巴西-4,,LB-养,-3,124,9月30日,,2026-10-06 18:56:13,,,,2026-10-06 18:56:13,2026-10-06 18:56:13
4503,7690784994041708552,7690784994041708552,,JH-RUUMZPTE.LTD.-巴西-5,,LB-养,-3,124,9月30日,,2026-10-06 18:56:13,,,,2026-10-06 18:56:13,2026-10-06 18:56:13
4504,7690784827272888327,7690784827272888327,,JH-NAPTUPTE.LTD.-巴西-1,,LB-养,-3,124,9月30日,,2026-10-06 18:56:13,,,,2026-10-06 18:56:13,2026-10-06 18:56:13
4505,7690784802397274130,7690784802397274130,,JH-NAPTUPTE.LTD.-巴西-2,,LB-养,-3,124,9月30日,,2026-10-06 18:56:13,,,,2026-10-06 18:56:13,2026-10-06 18:56:13
4506,7690784959251529736,7690784959251529736,,JH-NAPTUPTE.LTD.-巴西-3,,LB-养,-3,124,9月30日,,2026-10-06 18:56:13,,,,2026-10-06 18:56:13,2026-10-06 18:56:13
4507,7690785144420270098,7690785144420270098,,JH-NAPTUPTE.LTD.-巴西-4,,LB-养,-3,124,9月30日,,2026-10-06 18:56:13,,,,2026-10-06 18:56:13,2026-10-06 18:56:13
4508,7690785017265455111,7690785017265455111,,JH-NAPTUPTE.LTD.-巴西-5,,LB-养,-3,124,9月30日,,2026-10-06 18:56:13,,,,2026-10-06 18:56:13,2026-10-06 18:56:13
4509,7690785045320499207,7690785045320499207,,JH-GOTAKEPARTSPTE.LTD.-巴西-1,,LB-养,-3,124,9月30日,,2026-10-06 18:56:13,,,,2026-10-06 18:56:13,2026-10-06 18:56:13
4510,7690785010722570258,7690785010722570258,,JH-GOTAKEPARTSPTE.LTD.-巴西-2,,LB-养,-3,124,9月30日,,2026-10-06 18:56:13,,,,2026-10-06 18:56:13,2026-10-06 18:56:13
4511,7690784758120792072,7690784758120792072,,JH-GOTAKEPARTSPTE.LTD.-巴西-3,,LB-养,-3,124,9月30日,,2026-10-06 18:56:13,,,,2026-10-06 18:56:13,2026-10-06 18:56:13
4512,7690784993479704596,7690784993479704596,,JH-GOTAKEPARTSPTE.LTD.-巴西-4,,LB-养,-3,124,9月30日,,2026-10-06 18:56:13,,,,2026-10-06 18:56:13,2026-10-06 18:56:13
4513,7690784827272953863,7690784827272953863,,JH-GOTAKEPARTSPTE.LTD.-巴西-5,,LB-养,-3,124,9月30日,,2026-10-06 18:56:13,,,,2026-10-06 18:56:13,2026-10-06 18:56:13
4514,7690785334639099912,7690785334639099912,,JH-FORTHMEDPTE.LTD.-巴西-1,,LB-养,-3,124,9月30日,,2026-10-06 18:56:13,,,,2026-10-06 18:56:13,2026-10-06 18:56:13
4515,7690785147372732424,7690785147372732424,,JH-FORTHMEDPTE.LTD.-巴西-2,,LB-养,-3,124,9月30日,,2026-10-06 18:56:13,,,,2026-10-06 18:56:13,2026-10-06 18:56:13
4516,7690785299730235410,7690785299730235410,,JH-FORTHMEDPTE.LTD.-巴西-3,,LB-养,-3,124,9月30日,,2026-10-06 18:56:13,,,,2026-10-06 18:56:13,2026-10-06 18:56:13
4517,7690785299730169874,7690785299730169874,,JH-FORTHMEDPTE.LTD.-巴西-4,,LB-养,-3,124,9月30日,,2026-10-06 18:56:13,,,,2026-10-06 18:56:13,2026-10-06 18:56:13
4518,7690785206107422727,7690785206107422727,,JH-FORTHMEDPTE.LTD.-巴西-5,,LB-养,-3,124,9月30日,,2026-10-06 18:56:13,,,,2026-10-06 18:56:13,2026-10-06 18:56:13
4519,7690785232026648584,7690785232026648584,,JH-EVERYKYNDPTE.LTD.-巴西-1,,LB-养,-3,124,9月30日,,2026-10-06 18:56:13,,,,2026-10-06 18:56:13,2026-10-06 18:56:13
4520,7690785047460184116,7690785047460184116,,JH-EVERYKYNDPTE.LTD.-巴西-2,,LB-养,-3,124,9月30日,,2026-10-06 18:56:13,,,,2026-10-06 18:56:13,2026-10-06 18:56:13
4521,7690785206107570183,7690785206107570183,,JH-EVERYKYNDPTE.LTD.-巴西-3,,LB-养,-3,124,9月30日,,2026-10-06 18:56:13,,,,2026-10-06 18:56:13,2026-10-06 18:56:13
4522,7690785356368756744,7690785356368756744,,JH-EVERYKYNDPTE.LTD.-巴西-4,,LB-养,-3,124,9月30日,,2026-10-06 18:56:13,,,,2026-10-06 18:56:13,2026-10-06 18:56:13
4523,7690784612779474951,7690784612779474951,,JH-EVERYKYNDPTE.LTD.-巴西-5,,LB-养,-3,132,9月30日,,2026-10-06 18:56:13,,,,2026-10-06 18:56:13,2026-10-06 18:56:13
4524,7690785356369018888,7690785356369018888,,JH-DORMCAREPTE.LTD.-巴西-1,,LB-养,-3,132,9月30日,,2026-10-06 18:56:13,,,,2026-10-06 18:56:13,2026-10-06 18:56:13
4525,7690785497916604423,7690785497916604423,,JH-DORMCAREPTE.LTD.-巴西-2,,LB-养,-3,132,9月30日,,2026-10-06 18:56:13,,,,2026-10-06 18:56:13,2026-10-06 18:56:13
4526,7690785148867788806,7690785148867788806,,JH-DORMCAREPTE.LTD.-巴西-3,,LB-养,-3,132,9月30日,,2026-10-06 18:56:13,,,,2026-10-06 18:56:13,2026-10-06 18:56:13
4527,7690785218827911186,7690785218827911186,,JH-DORMCAREPTE.LTD.-巴西-4,,LB-养,-3,132,9月30日,,2026-10-06 18:56:13,,,,2026-10-06 18:56:13,2026-10-06 18:56:13
4528,7690785137741840402,7690785137741840402,,JH-DORMCAREPTE.LTD.-巴西-5,,LB-养,-3,132,9月30日,,2026-10-06 18:56:13,,,,2026-10-06 18:56:13,2026-10-06 18:56:13
4529,7690785479729496071,7690785479729496071,,JH-COOLJETPTE.LTD.-巴西-1,,LB-养,-3,132,9月30日,,2026-10-06 18:56:13,,,,2026-10-06 18:56:13,2026-10-06 18:56:13
4530,7690785501638066194,7690785501638066194,,JH-COOLJETPTE.LTD.-巴西-2,,LB-养,-3,132,9月30日,,2026-10-06 18:56:13,,,,2026-10-06 18:56:13,2026-10-06 18:56:13
4531,7690785802040672276,7690785802040672276,,JH-COOLJETPTE.LTD.-巴西-3,,LB-养,-3,132,9月30日,,2026-10-06 18:56:13,,,,2026-10-06 18:56:13,2026-10-06 18:56:13
4532,7690785334639329288,7690785334639329288,,JH-COOLJETPTE.LTD.-巴西-4,,LB-养,-3,132,9月30日,,2026-10-06 18:56:13,,,,2026-10-06 18:56:13,2026-10-06 18:56:13
4533,7690785356369084424,7690785356369084424,,JH-COOLJETPTE.LTD.-巴西-5,,LB-养,-3,132,9月30日,,2026-10-06 18:56:13,,,,2026-10-06 18:56:13,2026-10-06 18:56:13
4534,7690784953673465874,7690784953673465874,,JH-CETACEASSICPTE.LTD.巴西-1,,LB-养,-3,132,9月30日,,2026-10-06 18:56:13,,,,2026-10-06 18:56:13,2026-10-06 18:56:13
4535,7690785407017009158,7690785407017009158,,JH-CETACEASSICPTE.LTD.巴西-2,,LB-养,-3,132,9月30日,,2026-10-06 18:56:13,,,,2026-10-06 18:56:13,2026-10-06 18:56:13
4536,7690785047460282420,7690785047460282420,,JH-CETACEASSICPTE.LTD.巴西-3,,LB-养,-3,132,9月30日,,2026-10-06 18:56:13,,,,2026-10-06 18:56:13,2026-10-06 18:56:13
4537,7690785421743390728,7690785421743390728,,JH-CETACEASSICPTE.LTD.巴西-4,,LB-养,-3,132,9月30日,,2026-10-06 18:56:13,,,,2026-10-06 18:56:13,2026-10-06 18:56:13
4538,7690785543832928274,7690785543832928274,,JH-CETACEASSICPTE.LTD.巴西-5,,LB-养,-3,132,9月30日,,2026-10-06 18:56:13,,,,2026-10-06 18:56:13,2026-10-06 18:56:13
4539,7690518598330236946,7690518598330236946,,JH-SOLINEXPTE.LTD.-巴西-1,,LB-养,-3,132,9月30日,,2026-10-06 18:56:13,,,,2026-10-06 18:56:13,2026-10-06 18:56:13
4540,7690519056920379399,7690519056920379399,,JH-SOLINEXPTE.LTD.-巴西-2,,LB-养,-3,132,9月30日,,2026-10-06 18:56:13,,,,2026-10-06 18:56:13,2026-10-06 18:56:13
4541,7690518547629867026,7690518547629867026,,JH-SOLINEXPTE.LTD.-巴西-3,,LB-养,-3,132,9月30日,,2026-10-06 18:56:13,,,,2026-10-06 18:56:13,2026-10-06 18:56:13
4542,7690518917768364050,7690518917768364050,,JH-SOLINEXPTE.LTD.-巴西-4,,LB-养,-3,132,9月30日,,2026-10-06 18:56:13,,,,2026-10-06 18:56:13,2026-10-06 18:56:13
4543,7690518599367835655,7690518599367835655,,JH-SOLINEXPTE.LTD.-巴西-5,,LB-养,-3,132,9月30日,,2026-10-06 18:56:13,,,,2026-10-06 18:56:13,2026-10-06 18:56:13
4544,7690518731688050706,7690518731688050706,,JH-NOVACODAPTE.LTD.-巴西-1,,LB-养,-3,132,9月30日,,2026-10-06 18:56:13,,,,2026-10-06 18:56:13,2026-10-06 18:56:13
4545,7690519335270776839,7690519335270776839,,JH-NOVACODAPTE.LTD.-巴西-2,,LB-养,-3,132,9月30日,,2026-10-06 18:56:13,,,,2026-10-06 18:56:13,2026-10-06 18:56:13
4546,7690518470244843521,7690518470244843521,,JH-NOVACODAPTE.LTD.-巴西-3,,LB-养,-3,132,9月30日,,2026-10-06 18:56:13,,,,2026-10-06 18:56:13,2026-10-06 18:56:13
4547,7690518518038937608,7690518518038937608,,JH-NOVACODAPTE.LTD.-巴西-4,,LB-养,-3,132,9月30日,,2026-10-06 18:56:13,,,,2026-10-06 18:56:13,2026-10-06 18:56:13
4548,7690518731722014728,7690518731722014728,,JH-NOVACODAPTE.LTD.-巴西-5,,LB-养,-3,132,9月30日,,2026-10-06 18:56:13,,,,2026-10-06 18:56:13,2026-10-06 18:56:13
4549,7690519670863986708,7690519670863986708,,JH-LUMISPTE.LTD.-巴西-1,,LB-养,-3,132,9月30日,,2026-10-06 18:56:13,,,,2026-10-06 18:56:13,2026-10-06 18:56:13
4550,7690519000351899656,7690519000351899656,,JH-LUMISPTE.LTD.-巴西-2,,LB-养,-3,132,9月30日,,2026-10-06 18:56:13,,,,2026-10-06 18:56:13,2026-10-06 18:56:13
4551,7690519665017438228,7690519665017438228,,JH-LUMISPTE.LTD.-巴西-3,,LB-养,-3,132,9月30日,,2026-10-06 18:56:13,,,,2026-10-06 18:56:13,2026-10-06 18:56:13
4552,7690519354215661586,7690519354215661586,,JH-LUMISPTE.LTD.-巴西-4,,LB-养,-3,132,9月30日,,2026-10-06 18:56:13,,,,2026-10-06 18:56:13,2026-10-06 18:56:13
4553,7690518987528568840,7690518987528568840,,JH-LUMISPTE.LTD.-巴西-5,,LB-养,-3,132,9月30日,,2026-10-06 18:56:13,,,,2026-10-06 18:56:13,2026-10-06 18:56:13
4554,7690518949049090055,7690518949049090055,,JH-HSHTECHNOLOGIESPTE.LTD.-巴西-1,,LB-养,-3,132,9月30日,,2026-10-06 18:56:13,,,,2026-10-06 18:56:13,2026-10-06 18:56:13
4555,7690519684180049928,7690519684180049928,,JH-HSHTECHNOLOGIESPTE.LTD.-巴西-2,,LB-养,-3,132,9月30日,,2026-10-06 18:56:13,,,,2026-10-06 18:56:13,2026-10-06 18:56:13
4556,7690519220049608711,7690519220049608711,,JH-HSHTECHNOLOGIESPTE.LTD.-巴西-3,,LB-养,-3,127,9月30日,,2026-10-06 18:56:13,,,,2026-10-06 18:56:13,2026-10-06 18:56:13
4557,7690519483816525842,7690519483816525842,,JH-HSHTECHNOLOGIESPTE.LTD.-巴西-4,,LB-养,-3,127,9月30日,,2026-10-06 18:56:13,,,,2026-10-06 18:56:13,2026-10-06 18:56:13
4558,7690519194766082066,7690519194766082066,,JH-HSHTECHNOLOGIESPTE.LTD.-巴西-5,,LB-养,-3,127,9月30日,,2026-10-06 18:56:13,,,,2026-10-06 18:56:13,2026-10-06 18:56:13
4559,7690520038737969172,7690520038737969172,,JH-CARBORAPTE.LTD.-巴西-1,,LB-养,-3,127,9月30日,,2026-10-06 18:56:13,,,,2026-10-06 18:56:13,2026-10-06 18:56:13
4560,7690519607256825864,7690519607256825864,,JH-CARBORAPTE.LTD.-巴西-2,,LB-养,-3,127,9月30日,,2026-10-06 18:56:13,,,,2026-10-06 18:56:13,2026-10-06 18:56:13
4561,7690519192136384530,7690519192136384530,,JH-CARBORAPTE.LTD.-巴西-3,,LB-养,-3,127,9月30日,,2026-10-06 18:56:13,,,,2026-10-06 18:56:13,2026-10-06 18:56:13
4562,7690519104016498706,7690519104016498706,,JH-CARBORAPTE.LTD.-巴西-4,,LB-养,-3,127,9月30日,,2026-10-06 18:56:13,,,,2026-10-06 18:56:13,2026-10-06 18:56:13
4563,7690519609943736328,7690519609943736328,,JH-CARBORAPTE.LTD.-巴西-5,,LB-养,-3,127,9月30日,,2026-10-06 18:56:13,,,,2026-10-06 18:56:13,2026-10-06 18:56:13
4564,7690519793308712978,7690519793308712978,,JH-AWAKENNPTE.LTD.-巴西-1,,LB-养,-3,127,9月30日,,2026-10-06 18:56:13,,,,2026-10-06 18:56:13,2026-10-06 18:56:13
4565,7690519619144237063,7690519619144237063,,JH-AWAKENNPTE.LTD.-巴西-2,,LB-养,-3,127,9月30日,,2026-10-06 18:56:13,,,,2026-10-06 18:56:13,2026-10-06 18:56:13
4566,7690519833013714951,7690519833013714951,,JH-AWAKENNPTE.LTD.-巴西-3,,LB-养,-3,127,9月30日,,2026-10-06 18:56:13,,,,2026-10-06 18:56:13,2026-10-06 18:56:13
4567,7690519484121235474,7690519484121235474,,JH-AWAKENNPTE.LTD.-巴西-4,,LB-养,-3,127,9月30日,,2026-10-06 18:56:13,,,,2026-10-06 18:56:13,2026-10-06 18:56:13
4568,7690519829953118216,7690519829953118216,,JH-AWAKENNPTE.LTD.-巴西-5,,LB-养,-3,127,9月30日,,2026-10-06 18:56:13,,,,2026-10-06 18:56:13,2026-10-06 18:56:13
4569,7690504538940964871,7690504538940964871,,JH-ASTRAAISPTE.LTD.-巴西-1,,LB-养,-3,127,9月30日,,2026-10-06 18:56:13,,,,2026-10-06 18:56:13,2026-10-06 18:56:13
4570,7690503870048878599,7690503870048878599,,JH-ASTRAAISPTE.LTD.-巴西-2,,LB-养,-3,127,9月30日,,2026-10-06 18:56:13,,,,2026-10-06 18:56:13,2026-10-06 18:56:13
4571,7690504306151145479,7690504306151145479,,JH-ASTRAAISPTE.LTD.-巴西-3,,LB-养,-3,127,9月30日,,2026-10-06 18:56:13,,,,2026-10-06 18:56:13,2026-10-06 18:56:13
4572,7690504139851694098,7690504139851694098,,JH-ASTRAAISPTE.LTD.-巴西-4,,LB-养,-3,127,9月30日,,2026-10-06 18:56:13,,,,2026-10-06 18:56:13,2026-10-06 18:56:13
4573,7690504582480461845,7690504582480461845,,JH-ASTRAAISPTE.LTD.-巴西-5,,LB-养,-3,127,9月30日,,2026-10-06 18:56:13,,,,2026-10-06 18:56:13,2026-10-06 18:56:13
4574,7690504671315738642,7690504671315738642,,JH-ANTEYPTE.LTD.-巴西-1,,LB-养,-3,127,9月30日,,2026-10-06 18:56:13,,,,2026-10-06 18:56:13,2026-10-06 18:56:13
4575,7690504484421664776,7690504484421664776,,JH-ANTEYPTE.LTD.-巴西-2,,LB-养,-3,127,9月30日,,2026-10-06 18:56:13,,,,2026-10-06 18:56:13,2026-10-06 18:56:13
4576,7690504126031724551,7690504126031724551,,JH-ANTEYPTE.LTD.-巴西-3,,LB-养,-3,127,9月30日,,2026-10-06 18:56:13,,,,2026-10-06 18:56:13,2026-10-06 18:56:13
4577,7690504673555496968,7690504673555496968,,JH-ANTEYPTE.LTD.-巴西-4,,LB-养,-3,127,9月30日,,2026-10-06 18:56:13,,,,2026-10-06 18:56:13,2026-10-06 18:56:13
4578,7690504332437815304,7690504332437815304,,JH-ANTEYPTE.LTD.-巴西-5,,LB-养,-3,127,9月30日,,2026-10-06 18:56:13,,,,2026-10-06 18:56:13,2026-10-06 18:56:13
4579,7690504868682874901,7690504868682874901,,JH-ALTARAONEPTE.LTD.-巴西-1,,LB-养,-3,127,9月30日,,2026-10-06 18:56:13,,,,2026-10-06 18:56:13,2026-10-06 18:56:13
4580,7690504785614635015,7690504785614635015,,JH-ALTARAONEPTE.LTD.-巴西-2,,LB-养,-3,127,9月30日,,2026-10-06 18:56:13,,,,2026-10-06 18:56:13,2026-10-06 18:56:13
4581,7690504673555693576,7690504673555693576,,JH-ALTARAONEPTE.LTD.-巴西-3,,LB-养,-3,127,9月30日,,2026-10-06 18:56:13,,,,2026-10-06 18:56:13,2026-10-06 18:56:13
4582,7690504269492125714,7690504269492125714,,JH-ALTARAONEPTE.LTD.-巴西-4,,LB-养,-3,127,9月30日,,2026-10-06 18:56:13,,,,2026-10-06 18:56:13,2026-10-06 18:56:13
4583,7690504577325482002,7690504577325482002,,JH-ALTARAONEPTE.LTD.-巴西-5,,LB-养,-3,127,9月30日,,2026-10-06 18:56:13,,,,2026-10-06 18:56:13,2026-10-06 18:56:13
4584,7690502547170836486,7690502547170836486,,JH-AIBASEDEVPTE.LTD.-巴西-1,,LB-养,-3,127,9月30日,,2026-10-06 18:56:13,,,,2026-10-06 18:56:13,2026-10-06 18:56:13
4585,7690502597351833618,7690502597351833618,,JH-AIBASEDEVPTE.LTD.-巴西-2,,LB-养,-3,127,9月30日,,2026-10-06 18:56:13,,,,2026-10-06 18:56:13,2026-10-06 18:56:13
4586,7690502391032725511,7690502391032725511,,JH-AIBASEDEVPTE.LTD.-巴西-3,,LB-养,-3,127,9月30日,,2026-10-06 18:56:13,,,,2026-10-06 18:56:13,2026-10-06 18:56:13
4587,7690502653859856385,7690502653859856385,,JH-AIBASEDEVPTE.LTD.-巴西-4,,LB-养,-3,127,9月30日,,2026-10-06 18:56:13,,,,2026-10-06 18:56:13,2026-10-06 18:56:13
4588,7690502094318714898,7690502094318714898,,JH-AIBASEDEVPTE.LTD.-巴西-5,,LB-养,-3,127,9月30日,,2026-10-06 18:56:13,,,,2026-10-06 18:56:13,2026-10-06 18:56:13
4589,7691165727470436360,7691165727470436360,,JH-WYNOPTE.LTD.-菲律宾-1,,LB-养,8,125,9月30日,,2026-10-06 18:56:13,,,,2026-10-06 18:56:13,2026-10-06 18:56:13
4590,7691166044963766292,7691166044963766292,,JH-WYNOPTE.LTD.-菲律宾-2,,LB-养,8,125,9月30日,,2026-10-06 18:56:13,,,,2026-10-06 18:56:13,2026-10-06 18:56:13
4591,7691165600319700999,7691165600319700999,,JH-WYNOPTE.LTD.-菲律宾-3,,LB-养,8,125,9月30日,,2026-10-06 18:56:13,,,,2026-10-06 18:56:13,2026-10-06 18:56:13
4592,7691165850933428232,7691165850933428232,,JH-WYNOPTE.LTD.-菲律宾-4,,LB-养,8,125,9月30日,,2026-10-06 18:56:13,,,,2026-10-06 18:56:13,2026-10-06 18:56:13
4593,7691164757013086226,7691164757013086226,,JH-WYNOPTE.LTD.-菲律宾-5,,LB-养,8,125,9月30日,,2026-10-06 18:56:13,,,,2026-10-06 18:56:13,2026-10-06 18:56:13
4594,7691167216230252562,7691167216230252562,,JH-WIZPROPTE.LTD.-菲律宾-1,,LB-养,8,125,9月30日,,2026-10-06 18:56:13,,,,2026-10-06 18:56:13,2026-10-06 18:56:13
4595,7691165159376797714,7691165159376797714,,JH-WIZPROPTE.LTD.-菲律宾-2,,LB-养,8,125,9月30日,,2026-10-06 18:56:13,,,,2026-10-06 18:56:13,2026-10-06 18:56:13
4596,7691167463188627464,7691167463188627464,,JH-WIZPROPTE.LTD.-菲律宾-3,,LB-养,8,125,9月30日,,2026-10-06 18:56:13,,,,2026-10-06 18:56:13,2026-10-06 18:56:13
4597,7691165553020567560,7691165553020567560,,JH-WIZPROPTE.LTD.-菲律宾-4,,LB-养,8,125,9月30日,,2026-10-06 18:56:13,,,,2026-10-06 18:56:13,2026-10-06 18:56:13
4598,7691167829931950098,7691167829931950098,,JH-WIZPROPTE.LTD.-菲律宾-5,,LB-养,8,125,9月30日,,2026-10-06 18:56:13,,,,2026-10-06 18:56:13,2026-10-06 18:56:13
4599,7691165601125138450,7691165601125138450,,JH-WHYLEPTE.LTD.-菲律宾-1,,LB-养,8,125,9月30日,,2026-10-06 18:56:13,,,,2026-10-06 18:56:13,2026-10-06 18:56:13
4600,7691167040492847112,7691167040492847112,,JH-WHYLEPTE.LTD.-菲律宾-2,,LB-养,8,125,9月30日,,2026-10-06 18:56:13,,,,2026-10-06 18:56:13,2026-10-06 18:56:13
4601,7691165619579895815,7691165619579895815,,JH-WHYLEPTE.LTD.-菲律宾-3,,LB-养,8,125,9月30日,,2026-10-06 18:56:13,,,,2026-10-06 18:56:13,2026-10-06 18:56:13
4602,7691167743132975122,7691167743132975122,,JH-WHYLEPTE.LTD.-菲律宾-4,,LB-养,8,125,9月30日,,2026-10-06 18:56:13,,,,2026-10-06 18:56:13,2026-10-06 18:56:13
4603,7691165377220444178,7691165377220444178,,JH-WHYLEPTE.LTD.-菲律宾-5,,LB-养,8,125,9月30日,,2026-10-06 18:56:13,,,,2026-10-06 18:56:13,2026-10-06 18:56:13
4604,7691165951149719559,7691165951149719559,,JH-WEBLAUNCHNOWPTE.LTD.-菲律宾-1,,LB-养,8,125,9月30日,,2026-10-06 18:56:13,,,,2026-10-06 18:56:13,2026-10-06 18:56:13
4605,7691167822659026951,7691167822659026951,,JH-WEBLAUNCHNOWPTE.LTD.-菲律宾-2,,LB-养,8,125,9月30日,,2026-10-06 18:56:13,,,,2026-10-06 18:56:13,2026-10-06 18:56:13
4606,7691165685048803346,7691165685048803346,,JH-WEBLAUNCHNOWPTE.LTD.-菲律宾-3,,LB-养,8,125,9月30日,,2026-10-06 18:56:13,,,,2026-10-06 18:56:13,2026-10-06 18:56:13
4607,7691168214046425108,7691168214046425108,,JH-WEBLAUNCHNOWPTE.LTD.-菲律宾-4,,LB-养,8,122,9月30日,,2026-10-06 18:56:13,,,,2026-10-06 18:56:13,2026-10-06 18:56:13
4608,7691165613682966546,7691165613682966546,,JH-WEBLAUNCHNOWPTE.LTD.-菲律宾-5,,LB-养,8,122,9月30日,,2026-10-06 18:56:13,,,,2026-10-06 18:56:13,2026-10-06 18:56:13
4609,7691166123957600263,7691166123957600263,,JH-WEALTHGENPTE.LTD.-菲律宾-1,,LB-养,8,122,9月30日,,2026-10-06 18:56:13,,,,2026-10-06 18:56:13,2026-10-06 18:56:13
4610,7691165776019128338,7691165776019128338,,JH-WEALTHGENPTE.LTD.-菲律宾-2,,LB-养,8,122,9月30日,,2026-10-06 18:56:13,,,,2026-10-06 18:56:13,2026-10-06 18:56:13
4611,7691165194319527988,7691165194319527988,,JH-WEALTHGENPTE.LTD.-菲律宾-3,,LB-养,8,122,9月30日,,2026-10-06 18:56:13,,,,2026-10-06 18:56:13,2026-10-06 18:56:13
4612,7691165386267688978,7691165386267688978,,JH-WEALTHGENPTE.LTD.-菲律宾-4,,LB-养,8,122,9月30日,,2026-10-06 18:56:13,,,,2026-10-06 18:56:13,2026-10-06 18:56:13
4613,7691165820147400712,7691165820147400712,,JH-WEALTHGENPTE.LTD.-菲律宾-5,,LB-养,8,122,9月30日,,2026-10-06 18:56:13,,,,2026-10-06 18:56:13,2026-10-06 18:56:13
4614,7691165474050293767,7691165474050293767,,JH-WAGGYDOOPTE.LTD.-菲律宾-1,,LB-养,8,122,9月30日,,2026-10-06 18:56:13,,,,2026-10-06 18:56:13,2026-10-06 18:56:13
4615,7691165685048967186,7691165685048967186,,JH-WAGGYDOOPTE.LTD.-菲律宾-2,,LB-养,8,122,9月30日,,2026-10-06 18:56:13,,,,2026-10-06 18:56:13,2026-10-06 18:56:13
4616,7691165685048901650,7691165685048901650,,JH-WAGGYDOOPTE.LTD.-菲律宾-3,,LB-养,8,122,9月30日,,2026-10-06 18:56:13,,,,2026-10-06 18:56:13,2026-10-06 18:56:13
4617,7691165846425272328,7691165846425272328,,JH-WAGGYDOOPTE.LTD.-菲律宾-4,,LB-养,8,122,9月30日,,2026-10-06 18:56:13,,,,2026-10-06 18:56:13,2026-10-06 18:56:13
4618,7691166248553676807,7691166248553676807,,JH-WAGGYDOOPTE.LTD.-菲律宾-5,,LB-养,8,122,9月30日,,2026-10-06 18:56:13,,,,2026-10-06 18:56:13,2026-10-06 18:56:13
4619,7691168109651656722,7691168109651656722,,JH-VELOUNTPTE.LTD.-菲律宾-1,,LB-养,8,122,9月30日,,2026-10-06 18:56:13,,,,2026-10-06 18:56:13,2026-10-06 18:56:13
4620,7691165504236634119,7691165504236634119,,JH-VELOUNTPTE.LTD.-菲律宾-2,,LB-养,8,122,9月30日,,2026-10-06 18:56:13,,,,2026-10-06 18:56:13,2026-10-06 18:56:13
4621,7691166429684744193,7691166429684744193,,JH-VELOUNTPTE.LTD.-菲律宾-3,,LB-养,8,122,9月30日,,2026-10-06 18:56:13,,,,2026-10-06 18:56:13,2026-10-06 18:56:13
4622,7691165729256980487,7691165729256980487,,JH-VELOUNTPTE.LTD.-菲律宾-4,,LB-养,8,122,9月30日,,2026-10-06 18:56:13,,,,2026-10-06 18:56:13,2026-10-06 18:56:13
4623,7691165906054987794,7691165906054987794,,JH-VELOUNTPTE.LTD.-菲律宾-5,,LB-养,8,122,9月30日,,2026-10-06 18:56:13,,,,2026-10-06 18:56:13,2026-10-06 18:56:13
4624,7690893020551692309,7690893020551692309,,JH-TRUSTDIGITSPTE.LTD.-菲律宾-1,,LB-养,8,122,9月30日,,2026-10-06 18:56:13,,,,2026-10-06 18:56:13,2026-10-06 18:56:13
4625,7690897275308589074,7690897275308589074,,JH-TRUSTDIGITSPTE.LTD.-菲律宾-2,,LB-养,8,130,9月30日,,2026-10-06 18:56:13,,,,2026-10-06 18:56:13,2026-10-06 18:56:13
4626,7690892995662528532,7690892995662528532,,JH-TRUSTDIGITSPTE.LTD.-菲律宾-3,,LB-养,8,130,9月30日,,2026-10-06 18:56:13,,,,2026-10-06 18:56:13,2026-10-06 18:56:13
4627,7690897387570266130,7690897387570266130,,JH-TRUSTDIGITSPTE.LTD.-菲律宾-4,,LB-养,8,130,9月30日,,2026-10-06 18:56:13,,,,2026-10-06 18:56:13,2026-10-06 18:56:13
4628,7690892922035666950,7690892922035666950,,JH-TRUSTDIGITSPTE.LTD.-菲律宾-5,,LB-养,8,130,9月30日,,2026-10-06 18:56:13,,,,2026-10-06 18:56:13,2026-10-06 18:56:13
4629,7690890948603674642,7690890948603674642,,JH-SANOVAPTE.LTD.-菲律宾-1,,LB-养,8,130,9月30日,,2026-10-06 18:56:13,,,,2026-10-06 18:56:13,2026-10-06 18:56:13
4630,7690890793338552327,7690890793338552327,,JH-SANOVAPTE.LTD.-菲律宾-2,,LB-养,8,130,9月30日,,2026-10-06 18:56:13,,,,2026-10-06 18:56:13,2026-10-06 18:56:13
4631,7690890523347042356,7690890523347042356,,JH-SANOVAPTE.LTD.-菲律宾-3,,LB-养,8,130,9月30日,,2026-10-06 18:56:13,,,,2026-10-06 18:56:13,2026-10-06 18:56:13
4632,7690891008346865672,7690891008346865672,,JH-SANOVAPTE.LTD.-菲律宾-4,,LB-养,8,130,9月30日,,2026-10-06 18:56:13,,,,2026-10-06 18:56:13,2026-10-06 18:56:13
4633,7690890949555453970,7690890949555453970,,JH-SANOVAPTE.LTD.-菲律宾-5,,LB-养,8,130,9月30日,,2026-10-06 18:56:13,,,,2026-10-06 18:56:13,2026-10-06 18:56:13
4634,7690891578763788289,7690891578763788289,,JH-QUICKPICKPTE.LTD.-菲律宾-1,,LB-养,8,130,9月30日,,2026-10-06 18:56:13,,,,2026-10-06 18:56:13,2026-10-06 18:56:13
4635,7690891726535622674,7690891726535622674,,JH-QUICKPICKPTE.LTD.-菲律宾-2,,LB-养,8,130,9月30日,,2026-10-06 18:56:13,,,,2026-10-06 18:56:13,2026-10-06 18:56:13
4636,7690891038403182610,7690891038403182610,,JH-QUICKPICKPTE.LTD.-菲律宾-3,,LB-养,8,130,9月30日,,2026-10-06 18:56:13,,,,2026-10-06 18:56:13,2026-10-06 18:56:13
4637,7690891448673255476,7690891448673255476,,JH-QUICKPICKPTE.LTD.-菲律宾-4,,LB-养,8,130,9月30日,,2026-10-06 18:56:13,,,,2026-10-06 18:56:13,2026-10-06 18:56:13
4638,7690891236361666568,7690891236361666568,,JH-QUICKPICKPTE.LTD.-菲律宾-5,,LB-养,8,130,9月30日,,2026-10-06 18:56:13,,,,2026-10-06 18:56:13,2026-10-06 18:56:13
4639,7690890978219278342,7690890978219278342,,JH-PERLUMISPTE.LTD.-马来-1,,LB-养,8,130,9月30日,,2026-10-06 18:56:13,,,,2026-10-06 18:56:13,2026-10-06 18:56:13
4640,7690891236361797640,7690891236361797640,,JH-PERLUMISPTE.LTD.-马来-2,,LB-养,8,130,9月30日,,2026-10-06 18:56:13,,,,2026-10-06 18:56:13,2026-10-06 18:56:13
4641,7690891373289160711,7690891373289160711,,JH-PERLUMISPTE.LTD.-马来-3,,LB-养,8,132,9月30日,,2026-10-06 18:56:13,,,,2026-10-06 18:56:13,2026-10-06 18:56:13
4642,7690891164404432914,7690891164404432914,,JH-PERLUMISPTE.LTD.-马来-4,,LB-养,8,132,9月30日,,2026-10-06 18:56:13,,,,2026-10-06 18:56:13,2026-10-06 18:56:13
4643,7690890978219212806,7690890978219212806,,JH-PERLUMISPTE.LTD.-马来-5,,LB-养,8,132,9月30日,,2026-10-06 18:56:13,,,,2026-10-06 18:56:13,2026-10-06 18:56:13
4644,7690891029029486600,7690891029029486600,,JH-NIVRAPTE.LTD.-马来-1,,LB-养,8,132,9月30日,,2026-10-06 18:56:13,,,,2026-10-06 18:56:13,2026-10-06 18:56:13
4645,7690891459817570322,7690891459817570322,,JH-NIVRAPTE.LTD.-马来-2,,LB-养,8,132,9月30日,,2026-10-06 18:56:13,,,,2026-10-06 18:56:13,2026-10-06 18:56:13
4646,7690890941293264903,7690890941293264903,,JH-NIVRAPTE.LTD.-马来-3,,LB-养,8,132,9月30日,,2026-10-06 18:56:13,,,,2026-10-06 18:56:13,2026-10-06 18:56:13
4647,7690891148877414408,7690891148877414408,,JH-NIVRAPTE.LTD.-马来-4,,LB-养,8,132,9月30日,,2026-10-06 18:56:13,,,,2026-10-06 18:56:13,2026-10-06 18:56:13
4648,7690890916135125010,7690890916135125010,,JH-NIVRAPTE.LTD.-马来-5,,LB-养,8,132,9月30日,,2026-10-06 18:56:13,,,,2026-10-06 18:56:13,2026-10-06 18:56:13
4649,7690891221170438162,7690891221170438162,,JH-MOONSECUREPTE.LTD.-马来-1,,LB-养,8,132,9月30日,,2026-10-06 18:56:13,,,,2026-10-06 18:56:13,2026-10-06 18:56:13
4650,7690891197276700680,7690891197276700680,,JH-MOONSECUREPTE.LTD.-马来-2,,LB-养,8,132,9月30日,,2026-10-06 18:56:13,,,,2026-10-06 18:56:13,2026-10-06 18:56:13
4651,7690891939482189832,7690891939482189832,,JH-MOONSECUREPTE.LTD.-马来-3,,LB-养,8,132,9月30日,,2026-10-06 18:56:13,,,,2026-10-06 18:56:13,2026-10-06 18:56:13
4652,7690891489358364680,7690891489358364680,,JH-MOONSECUREPTE.LTD.-马来-4,,LB-养,8,132,9月30日,,2026-10-06 18:56:13,,,,2026-10-06 18:56:13,2026-10-06 18:56:13
4653,7690891489358266376,7690891489358266376,,JH-MOONSECUREPTE.LTD.-马来-5,,LB-养,8,132,9月30日,,2026-10-06 18:56:13,,,,2026-10-06 18:56:13,2026-10-06 18:56:13
4654,7690891667037274120,7690891667037274120,,JH-MOONMATTERSPTE.LTD.-马来-1,,LB-养,8,132,9月30日,,2026-10-06 18:56:13,,,,2026-10-06 18:56:13,2026-10-06 18:56:13
4655,7690892014975500309,7690892014975500309,,JH-MOONMATTERSPTE.LTD.-马来-2,,LB-养,8,132,9月30日,,2026-10-06 18:56:13,,,,2026-10-06 18:56:13,2026-10-06 18:56:13
4656,7690891542118400008,7690891542118400008,,JH-MOONMATTERSPTE.LTD.-马来-3,,LB-养,8,132,9月30日,,2026-10-06 18:56:13,,,,2026-10-06 18:56:13,2026-10-06 18:56:13
4657,7690891655745994760,7690891655745994760,,JH-MOONMATTERSPTE.LTD.-马来-4,,LB-养,8,124,9月30日,,2026-10-06 18:56:13,,,,2026-10-06 18:56:13,2026-10-06 18:56:13
4658,7690891733470625799,7690891733470625799,,JH-MOONMATTERSPTE.LTD.-马来-5,,LB-养,8,124,9月30日,,2026-10-06 18:56:13,,,,2026-10-06 18:56:13,2026-10-06 18:56:13
4659,7690891634166235137,7690891634166235137,,JH-MINDARCPTE.LTD.-马来-1,,LB-养,8,124,9月30日,,2026-10-06 18:56:13,,,,2026-10-06 18:56:13,2026-10-06 18:56:13
4660,7690891968670416903,7690891968670416903,,JH-MINDARCPTE.LTD.-马来-2,,LB-养,8,124,9月30日,,2026-10-06 18:56:13,,,,2026-10-06 18:56:13,2026-10-06 18:56:13
4661,7690891989436579860,7690891989436579860,,JH-MINDARCPTE.LTD.-马来-3,,LB-养,8,124,9月30日,,2026-10-06 18:56:13,,,,2026-10-06 18:56:13,2026-10-06 18:56:13
4662,7690891543741693959,7690891543741693959,,JH-MINDARCPTE.LTD.-马来-4,,LB-养,8,124,9月30日,,2026-10-06 18:56:13,,,,2026-10-06 18:56:13,2026-10-06 18:56:13
4663,7690891426942730247,7690891426942730247,,JH-MINDARCPTE.LTD.-马来-5,,LB-养,8,124,9月30日,,2026-10-06 18:56:13,,,,2026-10-06 18:56:13,2026-10-06 18:56:13
4664,7690892119703683093,7690892119703683093,,JH-LIFEVAULTPTE.LTD.-马来-1,,LB-养,8,124,9月30日,,2026-10-06 18:56:13,,,,2026-10-06 18:56:13,2026-10-06 18:56:13
4665,7690891596681871378,7690891596681871378,,JH-LIFEVAULTPTE.LTD.-马来-2,,LB-养,8,124,9月30日,,2026-10-06 18:56:13,,,,2026-10-06 18:56:13,2026-10-06 18:56:13
4666,7690892078271709191,7690892078271709191,,JH-LIFEVAULTPTE.LTD.-马来-3,,LB-养,8,124,9月30日,,2026-10-06 18:56:13,,,,2026-10-06 18:56:13,2026-10-06 18:56:13
4667,7690891219547111442,7690891219547111442,,JH-LIFEVAULTPTE.LTD.-马来-4,,LB-养,8,124,9月30日,,2026-10-06 18:56:13,,,,2026-10-06 18:56:13,2026-10-06 18:56:13
4668,7690891236361945096,7690891236361945096,,JH-LIFEVAULTPTE.LTD.-马来-5,,LB-养,8,124,9月30日,,2026-10-06 18:56:13,,,,2026-10-06 18:56:13,2026-10-06 18:56:13
4669,7690892416588546055,7690892416588546055,,JH-JUNIPEROPTE.LTD.-马来-1,,LB-养,8,124,9月30日,,2026-10-06 18:56:13,,,,2026-10-06 18:56:13,2026-10-06 18:56:13
4670,7690892079216902162,7690892079216902162,,JH-JUNIPEROPTE.LTD.-马来-2,,LB-养,8,124,9月30日,,2026-10-06 18:56:13,,,,2026-10-06 18:56:13,2026-10-06 18:56:13
4671,7690892063696650248,7690892063696650248,,JH-JUNIPEROPTE.LTD.-马来-3,,LB-养,8,124,9月30日,,2026-10-06 18:56:13,,,,2026-10-06 18:56:13,2026-10-06 18:56:13
4672,7690891787212767240,7690891787212767240,,JH-JUNIPEROPTE.LTD.-马来-4,,LB-养,8,124,9月30日,,2026-10-06 18:56:13,,,,2026-10-06 18:56:13,2026-10-06 18:56:13
4673,7690891915985862674,7690891915985862674,,JH-JUNIPEROPTE.LTD.-马来-5,,LB-养,8,127,9月30日,,2026-10-06 18:56:13,,,,2026-10-06 18:56:13,2026-10-06 18:56:13
4674,7690891642131529735,7690891642131529735,,JH-JERRYWELLPTE.LTD.-马来-1,,LB-养,8,127,9月30日,,2026-10-06 18:56:13,,,,2026-10-06 18:56:13,2026-10-06 18:56:13
4675,7690892846609678357,7690892846609678357,,JH-JERRYWELLPTE.LTD.-马来-2,,LB-养,8,127,9月30日,,2026-10-06 18:56:13,,,,2026-10-06 18:56:13,2026-10-06 18:56:13
4676,7690891801414631442,7690891801414631442,,JH-JERRYWELLPTE.LTD.-马来-3,,LB-养,8,127,9月30日,,2026-10-06 18:56:13,,,,2026-10-06 18:56:13,2026-10-06 18:56:13
4677,7690892134811369479,7690892134811369479,,JH-JERRYWELLPTE.LTD.-马来-4,,LB-养,8,127,9月30日,,2026-10-06 18:56:13,,,,2026-10-06 18:56:13,2026-10-06 18:56:13
4678,7690892397598326802,7690892397598326802,,JH-JERRYWELLPTE.LTD.-马来-5,,LB-养,8,127,9月30日,,2026-10-06 18:56:13,,,,2026-10-06 18:56:13,2026-10-06 18:56:13
4679,7690892880206020628,7690892880206020628,,JH-INCHWISEPTE.LTD.-马来-1,,LB-养,8,127,9月30日,,2026-10-06 18:56:13,,,,2026-10-06 18:56:13,2026-10-06 18:56:13
4680,7690892244882423815,7690892244882423815,,JH-INCHWISEPTE.LTD.-马来-2,,LB-养,8,127,9月30日,,2026-10-06 18:56:13,,,,2026-10-06 18:56:13,2026-10-06 18:56:13
4681,7690892259298377736,7690892259298377736,,JH-INCHWISEPTE.LTD.-马来-3,,LB-养,8,127,9月30日,,2026-10-06 18:56:13,,,,2026-10-06 18:56:13,2026-10-06 18:56:13
4682,7690892134811435015,7690892134811435015,,JH-INCHWISEPTE.LTD.-马来-4,,LB-养,8,127,9月30日,,2026-10-06 18:56:13,,,,2026-10-06 18:56:13,2026-10-06 18:56:13
4683,7690892756948238344,7690892756948238344,,JH-INCHWISEPTE.LTD.-马来-5,,LB-养,8,127,9月30日,,2026-10-06 18:56:13,,,,2026-10-06 18:56:13,2026-10-06 18:56:13
4684,7690892597216821255,7690892597216821255,,JH-IMBEXPTE.LTD.-马来-1,,LB-养,8,127,9月30日,,2026-10-06 18:56:13,,,,2026-10-06 18:56:13,2026-10-06 18:56:13
4685,7690897105916788754,7690897105916788754,,JH-IMBEXPTE.LTD.-马来-2,,LB-养,8,127,9月30日,,2026-10-06 18:56:13,,,,2026-10-06 18:56:13,2026-10-06 18:56:13
4686,7690892244882554887,7690892244882554887,,JH-IMBEXPTE.LTD.-马来-3,,LB-养,8,127,9月30日,,2026-10-06 18:56:13,,,,2026-10-06 18:56:13,2026-10-06 18:56:13
4687,7690896943534473224,7690896943534473224,,JH-IMBEXPTE.LTD.-马来-4,,LB-养,8,127,9月30日,,2026-10-06 18:56:13,,,,2026-10-06 18:56:13,2026-10-06 18:56:13
4688,7690892035389341704,7690892035389341704,,JH-IMBEXPTE.LTD.-马来-5,,LB-养,8,127,9月30日,,2026-10-06 18:56:13,,,,2026-10-06 18:56:13,2026-10-06 18:56:13
4689,7690897011482198023,7690897011482198023,,JH-HENOVAPTE.LTD.-印尼-1,,LB-养,7,122,9月30日,,2026-10-06 18:56:13,,,,2026-10-06 18:56:13,2026-10-06 18:56:13
4690,7690892922363346952,7690892922363346952,,JH-HENOVAPTE.LTD.-印尼-2,,LB-养,7,122,9月30日,,2026-10-06 18:56:13,,,,2026-10-06 18:56:13,2026-10-06 18:56:13
4691,7690897471593660434,7690897471593660434,,JH-HENOVAPTE.LTD.-印尼-3,,LB-养,7,122,9月30日,,2026-10-06 18:56:13,,,,2026-10-06 18:56:13,2026-10-06 18:56:13
4692,7690892459911872519,7690892459911872519,,JH-HENOVAPTE.LTD.-印尼-4,,LB-养,7,122,9月30日,,2026-10-06 18:56:13,,,,2026-10-06 18:56:13,2026-10-06 18:56:13
4693,7690896943534538760,7690896943534538760,,JH-HENOVAPTE.LTD.-印尼-5,,LB-养,7,122,9月30日,,2026-10-06 18:56:13,,,,2026-10-06 18:56:13,2026-10-06 18:56:13
4694,7690893056035504149,7690893056035504149,,JH-HARMONAPTE.LTD.-印尼-1,,LB-养,7,124,9月30日,,2026-10-06 18:56:13,,,,2026-10-06 18:56:13,2026-10-06 18:56:13
4695,7690897205440905223,7690897205440905223,,JH-HARMONAPTE.LTD.-印尼-2,,LB-养,7,124,9月30日,,2026-10-06 18:56:13,,,,2026-10-06 18:56:13,2026-10-06 18:56:13
4696,7690892601176113160,7690892601176113160,,JH-HARMONAPTE.LTD.-印尼-3,,LB-养,7,124,9月30日,,2026-10-06 18:56:13,,,,2026-10-06 18:56:13,2026-10-06 18:56:13
4697,7690897326114045970,7690897326114045970,,JH-HARMONAPTE.LTD.-印尼-4,,LB-养,7,124,9月30日,,2026-10-06 18:56:13,,,,2026-10-06 18:56:13,2026-10-06 18:56:13
4698,7690892595920371720,7690892595920371720,,JH-HARMONAPTE.LTD.-印尼-5,,LB-养,7,124,9月30日,,2026-10-06 18:56:13,,,,2026-10-06 18:56:13,2026-10-06 18:56:13
4699,7690897180576055314,7690897180576055314,,JH-HALTHANEPTE.LTD.-印尼-1,,LB-养,7,124,9月30日,,2026-10-06 18:56:13,,,,2026-10-06 18:56:13,2026-10-06 18:56:13
4700,7690893037802668033,7690893037802668033,,JH-HALTHANEPTE.LTD.-印尼-2,,LB-养,7,124,9月30日,,2026-10-06 18:56:13,,,,2026-10-06 18:56:13,2026-10-06 18:56:13
4701,7690897461438578696,7690897461438578696,,JH-HALTHANEPTE.LTD.-印尼-3,,LB-养,7,124,9月30日,,2026-10-06 18:56:13,,,,2026-10-06 18:56:13,2026-10-06 18:56:13
4702,7690892601175982088,7690892601175982088,,JH-HALTHANEPTE.LTD.-印尼-4,,LB-养,7,124,9月30日,,2026-10-06 18:56:13,,,,2026-10-06 18:56:13,2026-10-06 18:56:13
4703,7690896859258765330,7690896859258765330,,JH-HALTHANEPTE.LTD.-印尼-5,,LB-养,7,124,9月30日,,2026-10-06 18:56:13,,,,2026-10-06 18:56:13,2026-10-06 18:56:13
4704,7690893000536375304,7690893000536375304,,JH-GROVEMOVIEPTE.LTD.-印尼-1,,LB-养,7,124,9月30日,,2026-10-06 18:56:13,,,,2026-10-06 18:56:13,2026-10-06 18:56:13
4705,7690893028961107976,7690893028961107976,,JH-GROVEMOVIEPTE.LTD.-印尼-2,,LB-养,7,124,9月30日,,2026-10-06 18:56:13,,,,2026-10-06 18:56:13,2026-10-06 18:56:13
4706,7690892893451714612,7690892893451714612,,JH-GROVEMOVIEPTE.LTD.-印尼-3,,LB-养,7,124,9月30日,,2026-10-06 18:56:13,,,,2026-10-06 18:56:13,2026-10-06 18:56:13
4707,7690897481568878599,7690897481568878599,,JH-GROVEMOVIEPTE.LTD.-印尼-4,,LB-养,7,124,9月30日,,2026-10-06 18:56:13,,,,2026-10-06 18:56:13,2026-10-06 18:56:13
4708,7690893029510512647,7690893029510512647,,JH-GROVEMOVIEPTE.LTD.-印尼-5,,LB-养,7,124,9月30日,,2026-10-06 18:56:13,,,,2026-10-06 18:56:13,2026-10-06 18:56:13
4709,7690893159143948296,7690893159143948296,,JH-FLIKGEARPTE.LTD.-印尼-1,,LB-养,7,124,9月30日,,2026-10-06 18:56:13,,,,2026-10-06 18:56:13,2026-10-06 18:56:13
4710,7690893050050461704,7690893050050461704,,JH-FLIKGEARPTE.LTD.-印尼-2,,LB-养,7,124,9月30日,,2026-10-06 18:56:13,,,,2026-10-06 18:56:13,2026-10-06 18:56:13
4711,7690893259100930055,7690893259100930055,,JH-FLIKGEARPTE.LTD.-印尼-3,,LB-养,7,124,9月30日,,2026-10-06 18:56:13,,,,2026-10-06 18:56:13,2026-10-06 18:56:13
4712,7690893000536440840,7690893000536440840,,JH-FLIKGEARPTE.LTD.-印尼-4,,LB-养,7,124,9月30日,,2026-10-06 18:56:13,,,,2026-10-06 18:56:13,2026-10-06 18:56:13
4713,7690893044656242706,7690893044656242706,,JH-FLIKGEARPTE.LTD.-印尼-5,,LB-养,7,124,9月30日,,2026-10-06 18:56:13,,,,2026-10-06 18:56:13,2026-10-06 18:56:13
4714,7690893257185755143,7690893257185755143,,JH-FINFITPTE.LTD.-印尼-1,,LB-养,7,124,9月30日,,2026-10-06 18:56:13,,,,2026-10-06 18:56:13,2026-10-06 18:56:13
4715,7690893118972493842,7690893118972493842,,JH-FINFITPTE.LTD.-印尼-2,,LB-养,7,124,9月30日,,2026-10-06 18:56:13,,,,2026-10-06 18:56:13,2026-10-06 18:56:13
4716,7690893165940637714,7690893165940637714,,JH-FINFITPTE.LTD.-印尼-3,,LB-养,7,124,9月30日,,2026-10-06 18:56:13,,,,2026-10-06 18:56:13,2026-10-06 18:56:13
4717,7690893010947178504,7690893010947178504,,JH-FINFITPTE.LTD.-印尼-4,,LB-养,7,124,9月30日,,2026-10-06 18:56:13,,,,2026-10-06 18:56:13,2026-10-06 18:56:13
4718,7690893267244105748,7690893267244105748,,JH-FINFITPTE.LTD.-印尼-5,,LB-养,7,124,9月30日,,2026-10-06 18:56:13,,,,2026-10-06 18:56:13,2026-10-06 18:56:13
4719,7690893160528248850,7690893160528248850,,JH-EPORTECPTE.LTD-印尼-1,,LB-养,7,124,9月30日,,2026-10-06 18:56:13,,,,2026-10-06 18:56:13,2026-10-06 18:56:13
4720,7690893403147780103,7690893403147780103,,JH-EPORTECPTE.LTD-印尼-2,,LB-养,7,124,9月30日,,2026-10-06 18:56:13,,,,2026-10-06 18:56:13,2026-10-06 18:56:13
4721,7690892652585402374,7690892652585402374,,JH-EPORTECPTE.LTD-印尼-3,,LB-养,7,124,9月30日,,2026-10-06 18:56:13,,,,2026-10-06 18:56:13,2026-10-06 18:56:13
4722,7690893165940736018,7690893165940736018,,JH-EPORTECPTE.LTD-印尼-4,,LB-养,7,124,9月30日,,2026-10-06 18:56:13,,,,2026-10-06 18:56:13,2026-10-06 18:56:13
4723,7690893527781359637,7690893527781359637,,JH-EPORTECPTE.LTD-印尼-5,,LB-养,7,124,9月30日,,2026-10-06 18:56:13,,,,2026-10-06 18:56:13,2026-10-06 18:56:13
4724,7691166122938613768,7691166122938613768,,JH-EONTECHPTE.LTD.-印尼-1,,LB-养,7,124,9月30日,,2026-10-06 18:56:13,,,,2026-10-06 18:56:13,2026-10-06 18:56:13
4725,7691167822659092487,7691167822659092487,,JH-EONTECHPTE.LTD.-印尼-2,,LB-养,7,124,9月30日,,2026-10-06 18:56:13,,,,2026-10-06 18:56:13,2026-10-06 18:56:13
4726,7691165476723752967,7691165476723752967,,JH-EONTECHPTE.LTD.-印尼-3,,LB-养,7,124,9月30日,,2026-10-06 18:56:13,,,,2026-10-06 18:56:13,2026-10-06 18:56:13
4727,7691167809879179270,7691167809879179270,,JH-EONTECHPTE.LTD.-印尼-4,,LB-养,7,124,9月30日,,2026-10-06 18:56:13,,,,2026-10-06 18:56:13,2026-10-06 18:56:13
4728,7691166176453607431,7691166176453607431,,JH-EONTECHPTE.LTD.-印尼-5,,LB-养,7,124,9月30日,,2026-10-06 18:56:13,,,,2026-10-06 18:56:13,2026-10-06 18:56:13
4729,7691167836747792402,7691167836747792402,,JH-ELARIONPTE.LTD.-印尼-1,,LB-养,7,127,9月30日,,2026-10-06 18:56:13,,,,2026-10-06 18:56:13,2026-10-06 18:56:13
4730,7691166152164425746,7691166152164425746,,JH-ELARIONPTE.LTD.-印尼-2,,LB-养,7,127,9月30日,,2026-10-06 18:56:13,,,,2026-10-06 18:56:13,2026-10-06 18:56:13
4731,7691168070122881031,7691168070122881031,,JH-ELARIONPTE.LTD.-印尼-3,,LB-养,7,127,9月30日,,2026-10-06 18:56:13,,,,2026-10-06 18:56:13,2026-10-06 18:56:13
4732,7691165553020731400,7691165553020731400,,JH-ELARIONPTE.LTD.-印尼-4,,LB-养,7,127,9月30日,,2026-10-06 18:56:13,,,,2026-10-06 18:56:13,2026-10-06 18:56:13
4733,7691167919178661896,7691167919178661896,,JH-ELARIONPTE.LTD.-印尼-5,,LB-养,7,127,9月30日,,2026-10-06 18:56:13,,,,2026-10-06 18:56:13,2026-10-06 18:56:13
4734,7691166518167519240,7691166518167519240,,JH-DRIPWALLPTE.LTD.-印尼-1,,LB-养,7,127,9月30日,,2026-10-06 18:56:13,,,,2026-10-06 18:56:13,2026-10-06 18:56:13
4735,7691165825268908050,7691165825268908050,,JH-DRIPWALLPTE.LTD.-印尼-2,,LB-养,7,127,9月30日,,2026-10-06 18:56:13,,,,2026-10-06 18:56:13,2026-10-06 18:56:13
4736,7691166768370794517,7691166768370794517,,JH-DRIPWALLPTE.LTD.-印尼-3,,LB-养,7,127,9月30日,,2026-10-06 18:56:13,,,,2026-10-06 18:56:13,2026-10-06 18:56:13
4737,7691167639368482834,7691167639368482834,,JH-DRIPWALLPTE.LTD.-印尼-4,,LB-养,7,127,9月30日,,2026-10-06 18:56:13,,,,2026-10-06 18:56:13,2026-10-06 18:56:13
4738,7691166730627678229,7691166730627678229,,JH-DRIPWALLPTE.LTD.-印尼-5,,LB-养,7,127,9月30日,,2026-10-06 18:56:13,,,,2026-10-06 18:56:13,2026-10-06 18:56:13
4739,7690507528186413108,7690507528186413108,,XBalanceENZAFLOWPTE.LTD.Asia/Bangkok005,,LB-养,7,127,9月30日,,2026-10-06 18:56:13,,,,2026-10-06 18:56:13,2026-10-06 18:56:13
4740,7690507504895426580,7690507504895426580,,XBalanceENZAFLOWPTE.LTD.Asia/Bangkok004,,LB-养,7,127,9月30日,,2026-10-06 18:56:13,,,,2026-10-06 18:56:13,2026-10-06 18:56:13
4741,7690507535006056469,7690507535006056469,,XBalanceENZAFLOWPTE.LTD.Asia/Bangkok003,,LB-养,7,127,9月30日,,2026-10-06 18:56:13,,,,2026-10-06 18:56:13,2026-10-06 18:56:13
4742,7690507634390204436,7690507634390204436,,XBalanceENZAFLOWPTE.LTD.Asia/Bangkok002,,LB-养,7,127,9月30日,,2026-10-06 18:56:13,,,,2026-10-06 18:56:13,2026-10-06 18:56:13
4743,7690507588542332949,7690507588542332949,,XBalanceENZAFLOWPTE.LTD.Asia/Bangkok001,,LB-养,7,127,9月30日,,2026-10-06 18:56:13,,,,2026-10-06 18:56:13,2026-10-06 18:56:13
4744,7690507596205850676,7690507596205850676,,XBalanceEXPERTIUMPTE.LTD.Asia/Bangkok005,,LB-养,7,127,9月30日,,2026-10-06 18:56:13,,,,2026-10-06 18:56:13,2026-10-06 18:56:13
4745,7690507685904810004,7690507685904810004,,XBalanceEXPERTIUMPTE.LTD.Asia/Bangkok004,,LB-养,7,127,9月30日,,2026-10-06 18:56:13,,,,2026-10-06 18:56:13,2026-10-06 18:56:13
4746,7690507696725983252,7690507696725983252,,XBalanceEXPERTIUMPTE.LTD.Asia/Bangkok003,,LB-养,7,127,9月30日,,2026-10-06 18:56:13,,,,2026-10-06 18:56:13,2026-10-06 18:56:13
4747,7690507733090746389,7690507733090746389,,XBalanceEXPERTIUMPTE.LTD.Asia/Bangkok002,,LB-养,7,127,9月30日,,2026-10-06 18:56:13,,,,2026-10-06 18:56:13,2026-10-06 18:56:13
4748,7690507764616888321,7690507764616888321,,XBalanceEXPERTIUMPTE.LTD.Asia/Bangkok001,,LB-养,7,127,9月30日,,2026-10-06 18:56:13,,,,2026-10-06 18:56:13,2026-10-06 18:56:13
4749,7690507750866337812,7690507750866337812,,XBalanceFORNOVAPTE.LTD.Asia/Bangkok005,,LB-养,7,127,9月30日,,2026-10-06 18:56:13,,,,2026-10-06 18:56:13,2026-10-06 18:56:13
4750,7690507777248165909,7690507777248165909,,XBalanceFORNOVAPTE.LTD.Asia/Bangkok004,,LB-养,7,127,9月30日,,2026-10-06 18:56:13,,,,2026-10-06 18:56:13,2026-10-06 18:56:13
4751,7690507818301964289,7690507818301964289,,XBalanceFORNOVAPTE.LTD.Asia/Bangkok003,,LB-养,7,127,9月30日,,2026-10-06 18:56:13,,,,2026-10-06 18:56:13,2026-10-06 18:56:13
4752,7690507815387250708,7690507815387250708,,XBalanceFORNOVAPTE.LTD.Asia/Bangkok002,,LB-养,7,127,9月30日,,2026-10-06 18:56:13,,,,2026-10-06 18:56:13,2026-10-06 18:56:13
4753,7690507848794669077,7690507848794669077,,XBalanceFORNOVAPTE.LTD.Asia/Bangkok001,,LB-养,7,127,9月30日,,2026-10-06 18:56:13,,,,2026-10-06 18:56:13,2026-10-06 18:56:13
4754,7690507278398717973,7690507278398717973,,XBalanceGGEVPTE.LTD.Asia/Bangkok005,,LB-养,7,127,9月30日,,2026-10-06 18:56:13,,,,2026-10-06 18:56:13,2026-10-06 18:56:13
4755,7690507233088028692,7690507233088028692,,XBalanceGGEVPTE.LTD.Asia/Bangkok004,,LB-养,7,127,9月30日,,2026-10-06 18:56:13,,,,2026-10-06 18:56:13,2026-10-06 18:56:13
4756,7690507305894019078,7690507305894019078,,XBalanceGGEVPTE.LTD.Asia/Bangkok003,,LB-养,7,127,9月30日,,2026-10-06 18:56:13,,,,2026-10-06 18:56:13,2026-10-06 18:56:13
4757,7690507313916330005,7690507313916330005,,XBalanceGGEVPTE.LTD.Asia/Bangkok002,,LB-养,7,127,9月30日,,2026-10-06 18:56:13,,,,2026-10-06 18:56:13,2026-10-06 18:56:13
4758,7690507352952537108,7690507352952537108,,XBalanceGGEVPTE.LTD.Asia/Bangkok001,,LB-养,7,127,9月30日,,2026-10-06 18:56:13,,,,2026-10-06 18:56:13,2026-10-06 18:56:13
4759,7690507392869580820,7690507392869580820,,XBalanceGUANGTAOPTE.LTD.Asia/Bangkok005,,LB-养,7,127,9月30日,,2026-10-06 18:56:13,,,,2026-10-06 18:56:13,2026-10-06 18:56:13
4760,7690507412398309397,7690507412398309397,,XBalanceGUANGTAOPTE.LTD.Asia/Bangkok004,,LB-养,7,127,9月30日,,2026-10-06 18:56:13,,,,2026-10-06 18:56:13,2026-10-06 18:56:13
4761,7690507407873097749,7690507407873097749,,XBalanceGUANGTAOPTE.LTD.Asia/Bangkok003,,LB-养,7,127,9月30日,,2026-10-06 18:56:13,,,,2026-10-06 18:56:13,2026-10-06 18:56:13
4762,7690507387853209620,7690507387853209620,,XBalanceGUANGTAOPTE.LTD.Asia/Bangkok002,,LB-养,7,127,9月30日,,2026-10-06 18:56:13,,,,2026-10-06 18:56:13,2026-10-06 18:56:13
4763,7690507423928533012,7690507423928533012,,XBalanceGUANGTAOPTE.LTD.Asia/Bangkok001,,LB-养,7,127,9月30日,,2026-10-06 18:56:13,,,,2026-10-06 18:56:13,2026-10-06 18:56:13
4764,7690507454173708308,7690507454173708308,,XBalanceHAPPLINKPTE.LTD.Asia/Bangkok005,,LB-养,7,125,9月30日,,2026-10-06 18:56:13,,,,2026-10-06 18:56:13,2026-10-06 18:56:13
4765,7690507454173872148,7690507454173872148,,XBalanceHAPPLINKPTE.LTD.Asia/Bangkok004,,LB-养,7,125,9月30日,,2026-10-06 18:56:13,,,,2026-10-06 18:56:13,2026-10-06 18:56:13
4766,7690507510759505941,7690507510759505941,,XBalanceHAPPLINKPTE.LTD.Asia/Bangkok003,,LB-养,7,125,9月30日,,2026-10-06 18:56:13,,,,2026-10-06 18:56:13,2026-10-06 18:56:13
4767,7690507507114344468,7690507507114344468,,XBalanceHAPPLINKPTE.LTD.Asia/Bangkok002,,LB-养,7,125,9月30日,,2026-10-06 18:56:13,,,,2026-10-06 18:56:13,2026-10-06 18:56:13
4768,7690507497811116038,7690507497811116038,,XBalanceHAPPLINKPTE.LTD.Asia/Bangkok001,,LB-养,7,125,9月30日,,2026-10-06 18:56:13,,,,2026-10-06 18:56:13,2026-10-06 18:56:13
4769,7690507124954333205,7690507124954333205,,XBalanceHFMPTE.LTD.Asia/Bangkok005,,LB-养,7,125,9月30日,,2026-10-06 18:56:13,,,,2026-10-06 18:56:13,2026-10-06 18:56:13
4770,7690507087637839893,7690507087637839893,,XBalanceHFMPTE.LTD.Asia/Bangkok004,,LB-养,7,125,9月30日,,2026-10-06 18:56:13,,,,2026-10-06 18:56:13,2026-10-06 18:56:13
4771,7690507124585168916,7690507124585168916,,XBalanceHFMPTE.LTD.Asia/Bangkok003,,LB-养,7,125,9月30日,,2026-10-06 18:56:13,,,,2026-10-06 18:56:13,2026-10-06 18:56:13
4772,7690507130612744212,7690507130612744212,,XBalanceHFMPTE.LTD.Asia/Bangkok002,,LB-养,7,125,9月30日,,2026-10-06 18:56:13,,,,2026-10-06 18:56:13,2026-10-06 18:56:13
4773,7690507232512835604,7690507232512835604,,XBalanceHFMPTE.LTD.Asia/Bangkok001,,LB-养,7,125,9月30日,,2026-10-06 18:56:13,,,,2026-10-06 18:56:13,2026-10-06 18:56:13
4774,7690507011997384724,7690507011997384724,,XBalanceHYPERDIMENSIONSPTE.LTD.Asia/Bangkok005,,LB-养,7,125,9月30日,,2026-10-06 18:56:13,,,,2026-10-06 18:56:13,2026-10-06 18:56:13
4775,7690506980309516309,7690506980309516309,,XBalanceHYPERDIMENSIONSPTE.LTD.Asia/Bangkok004,,LB-养,7,125,9月30日,,2026-10-06 18:56:13,,,,2026-10-06 18:56:13,2026-10-06 18:56:13
4776,7690506968062197761,7690506968062197761,,XBalanceHYPERDIMENSIONSPTE.LTD.Asia/Bangkok003,,LB-养,7,125,9月30日,,2026-10-06 18:56:13,,,,2026-10-06 18:56:13,2026-10-06 18:56:13
4777,7690507051587747860,7690507051587747860,,XBalanceHYPERDIMENSIONSPTE.LTD.Asia/Bangkok002,,LB-养,7,125,9月30日,,2026-10-06 18:56:13,,,,2026-10-06 18:56:13,2026-10-06 18:56:13
4778,7690507057987977237,7690507057987977237,,XBalanceHYPERDIMENSIONSPTE.LTD.Asia/Bangkok001,,LB-养,7,125,9月30日,,2026-10-06 18:56:13,,,,2026-10-06 18:56:13,2026-10-06 18:56:13
4779,7690506842627571733,7690506842627571733,,XBalanceHYQUAPTE.LTD.Asia/Bangkok005,,LB-养,7,125,9月30日,,2026-10-06 18:56:13,,,,2026-10-06 18:56:13,2026-10-06 18:56:13
4780,7690506859106746388,7690506859106746388,,XBalanceHYQUAPTE.LTD.Asia/Bangkok004,,LB-养,7,125,9月30日,,2026-10-06 18:56:13,,,,2026-10-06 18:56:13,2026-10-06 18:56:13
4781,7690506862004813844,7690506862004813844,,XBalanceHYQUAPTE.LTD.Asia/Bangkok003,,LB-养,7,125,9月30日,,2026-10-06 18:56:13,,,,2026-10-06 18:56:13,2026-10-06 18:56:13
4782,7690506836476461077,7690506836476461077,,XBalanceHYQUAPTE.LTD.Asia/Bangkok002,,LB-养,7,125,9月30日,,2026-10-06 18:56:13,,,,2026-10-06 18:56:13,2026-10-06 18:56:13
4783,7690506899302678549,7690506899302678549,,XBalanceHYQUAPTE.LTD.Asia/Bangkok001,,LB-养,7,125,9月30日,,2026-10-06 18:56:13,,,,2026-10-06 18:56:13,2026-10-06 18:56:13
4784,7690506717104324614,7690506717104324614,,XBalanceIVERTIQPTE.LTD.Asia/Bangkok005,,LB-养,7,125,9月30日,,2026-10-06 18:56:13,,,,2026-10-06 18:56:13,2026-10-06 18:56:13
4785,7690506680309448724,7690506680309448724,,XBalanceIVERTIQPTE.LTD.Asia/Bangkok004,,LB-养,7,125,9月30日,,2026-10-06 18:56:13,,,,2026-10-06 18:56:13,2026-10-06 18:56:13
4786,7690506739264585780,7690506739264585780,,XBalanceIVERTIQPTE.LTD.Asia/Bangkok003,,LB-养,7,125,9月30日,,2026-10-06 18:56:13,,,,2026-10-06 18:56:13,2026-10-06 18:56:13
4787,7690506787975462932,7690506787975462932,,XBalanceIVERTIQPTE.LTD.Asia/Bangkok002,,LB-养,7,125,9月30日,,2026-10-06 18:56:13,,,,2026-10-06 18:56:13,2026-10-06 18:56:13
4788,7690506782288216084,7690506782288216084,,XBalanceIVERTIQPTE.LTD.Asia/Bangkok001,,LB-养,7,125,9月30日,,2026-10-06 18:56:13,,,,2026-10-06 18:56:13,2026-10-06 18:56:13
4789,7690512256237191189,7690512256237191189,,XBalanceECOCRAFTPTE.LTD.Asia/Jakarta005,,LB-养,7,125,9月30日,,2026-10-06 18:56:13,,,,2026-10-06 18:56:13,2026-10-06 18:56:13
4790,7690512290218803221,7690512290218803221,,XBalanceECOCRAFTPTE.LTD.Asia/Jakarta004,,LB-养,7,125,9月30日,,2026-10-06 18:56:13,,,,2026-10-06 18:56:13,2026-10-06 18:56:13
4791,7690512303632072725,7690512303632072725,,XBalanceECOCRAFTPTE.LTD.Asia/Jakarta003,,LB-养,7,125,9月30日,,2026-10-06 18:56:13,,,,2026-10-06 18:56:13,2026-10-06 18:56:13
4792,7690512319920521236,7690512319920521236,,XBalanceECOCRAFTPTE.LTD.Asia/Jakarta002,,LB-养,7,125,9月30日,,2026-10-06 18:56:13,,,,2026-10-06 18:56:13,2026-10-06 18:56:13
4793,7690512341225799701,7690512341225799701,,XBalanceECOCRAFTPTE.LTD.Asia/Jakarta001,,LB-养,7,125,9月30日,,2026-10-06 18:56:13,,,,2026-10-06 18:56:13,2026-10-06 18:56:13
4794,7690512363958648852,7690512363958648852,,XBalanceDWITPTE.LTD.Asia/Jakarta005,,LB-养,7,125,9月30日,,2026-10-06 18:56:13,,,,2026-10-06 18:56:13,2026-10-06 18:56:13
4795,7690512363958812692,7690512363958812692,,XBalanceDWITPTE.LTD.Asia/Jakarta004,,LB-养,7,125,9月30日,,2026-10-06 18:56:13,,,,2026-10-06 18:56:13,2026-10-06 18:56:13
4796,7690512367561785365,7690512367561785365,,XBalanceDWITPTE.LTD.Asia/Jakarta003,,LB-养,7,125,9月30日,,2026-10-06 18:56:13,,,,2026-10-06 18:56:13,2026-10-06 18:56:13
4797,7690512410742194197,7690512410742194197,,XBalanceDWITPTE.LTD.Asia/Jakarta002,,LB-养,7,125,9月30日,,2026-10-06 18:56:13,,,,2026-10-06 18:56:13,2026-10-06 18:56:13
4798,7690512434653741077,7690512434653741077,,XBalanceDWITPTE.LTD.Asia/Jakarta001,,LB-养,7,125,9月30日,,2026-10-06 18:56:13,,,,2026-10-06 18:56:13,2026-10-06 18:56:13
4799,7690512450579562516,7690512450579562516,,XBalanceCOSMONEXUSPTE.LTD.Asia/Jakarta005,,LB-养,7,120,9月30日,,2026-10-06 18:56:13,,,,2026-10-06 18:56:13,2026-10-06 18:56:13
4800,7690512471446355988,7690512471446355988,,XBalanceCOSMONEXUSPTE.LTD.Asia/Jakarta004,,LB-养,7,120,9月30日,,2026-10-06 18:56:13,,,,2026-10-06 18:56:13,2026-10-06 18:56:13
4801,7690512500214988820,7690512500214988820,,XBalanceCOSMONEXUSPTE.LTD.Asia/Jakarta003,,LB-养,7,120,9月30日,,2026-10-06 18:56:13,,,,2026-10-06 18:56:13,2026-10-06 18:56:13
4802,7690512483710418964,7690512483710418964,,XBalanceCOSMONEXUSPTE.LTD.Asia/Jakarta002,,LB-养,7,120,9月30日,,2026-10-06 18:56:13,,,,2026-10-06 18:56:13,2026-10-06 18:56:13
4803,7690512518166560789,7690512518166560789,,XBalanceCOSMONEXUSPTE.LTD.Asia/Jakarta001,,LB-养,7,120,9月30日,,2026-10-06 18:56:13,,,,2026-10-06 18:56:13,2026-10-06 18:56:13
4804,7690512069484937236,7690512069484937236,,XBalanceCODERIFTPTE.LTD.Asia/Jakarta005,,LB-养,7,120,9月30日,,2026-10-06 18:56:13,,,,2026-10-06 18:56:13,2026-10-06 18:56:13
4805,7690512097624604693,7690512097624604693,,XBalanceCODERIFTPTE.LTD.Asia/Jakarta004,,LB-养,7,120,9月30日,,2026-10-06 18:56:13,,,,2026-10-06 18:56:13,2026-10-06 18:56:13
4806,7690512110664728597,7690512110664728597,,XBalanceCODERIFTPTE.LTD.Asia/Jakarta003,,LB-养,7,120,9月30日,,2026-10-06 18:56:13,,,,2026-10-06 18:56:13,2026-10-06 18:56:13
4807,7690512122895335445,7690512122895335445,,XBalanceCODERIFTPTE.LTD.Asia/Jakarta002,,LB-养,7,120,9月30日,,2026-10-06 18:56:13,,,,2026-10-06 18:56:13,2026-10-06 18:56:13
4808,7690512140024872981,7690512140024872981,,XBalanceCODERIFTPTE.LTD.Asia/Jakarta001,,LB-养,7,120,9月30日,,2026-10-06 18:56:13,,,,2026-10-06 18:56:13,2026-10-06 18:56:13
4809,7690512152448221204,7690512152448221204,,XBalanceCODEDANCEPTE.LTD.Asia/Jakarta005,,LB-养,7,120,9月30日,,2026-10-06 18:56:13,,,,2026-10-06 18:56:13,2026-10-06 18:56:13
4810,7690512176473178113,7690512176473178113,,XBalanceCODEDANCEPTE.LTD.Asia/Jakarta004,,LB-养,7,120,9月30日,,2026-10-06 18:56:13,,,,2026-10-06 18:56:13,2026-10-06 18:56:13
4811,7690512175584280597,7690512175584280597,,XBalanceCODEDANCEPTE.LTD.Asia/Jakarta003,,LB-养,7,120,9月30日,,2026-10-06 18:56:13,,,,2026-10-06 18:56:13,2026-10-06 18:56:13
4812,7690512221725720596,7690512221725720596,,XBalanceCODEDANCEPTE.LTD.Asia/Jakarta002,,LB-养,7,120,9月30日,,2026-10-06 18:56:13,,,,2026-10-06 18:56:13,2026-10-06 18:56:13
4813,7690512241820729364,7690512241820729364,,XBalanceCODEDANCEPTE.LTD.Asia/Jakarta001,,LB-养,7,120,9月30日,,2026-10-06 18:56:13,,,,2026-10-06 18:56:13,2026-10-06 18:56:13
4814,7690511895907909653,7690511895907909653,,XBalanceCATAILISPTE.LTD.Asia/Jakarta005,,LB-养,7,120,9月30日,,2026-10-06 18:56:13,,,,2026-10-06 18:56:13,2026-10-06 18:56:13
4815,7690511886319714325,7690511886319714325,,XBalanceCATAILISPTE.LTD.Asia/Jakarta004,,LB-养,7,120,9月30日,,2026-10-06 18:56:13,,,,2026-10-06 18:56:13,2026-10-06 18:56:13
4816,7690511908469932033,7690511908469932033,,XBalanceCATAILISPTE.LTD.Asia/Jakarta003,,LB-养,7,120,9月30日,,2026-10-06 18:56:13,,,,2026-10-06 18:56:13,2026-10-06 18:56:13
4817,7690511937288962069,7690511937288962069,,XBalanceCATAILISPTE.LTD.Asia/Jakarta002,,LB-养,7,120,9月30日,,2026-10-06 18:56:13,,,,2026-10-06 18:56:13,2026-10-06 18:56:13
4818,7690511929613516820,7690511929613516820,,XBalanceCATAILISPTE.LTD.Asia/Jakarta001,,LB-养,7,120,9月30日,,2026-10-06 18:56:13,,,,2026-10-06 18:56:13,2026-10-06 18:56:13
4819,7690511978133028884,7690511978133028884,,XBalanceBITOWNPTE.LTD.Asia/Jakarta005,,LB-养,7,121,9月30日,,2026-10-06 18:56:13,,,,2026-10-06 18:56:13,2026-10-06 18:56:13
4820,7690511993568067604,7690511993568067604,,XBalanceBITOWNPTE.LTD.Asia/Jakarta004,,LB-养,7,121,9月30日,,2026-10-06 18:56:13,,,,2026-10-06 18:56:13,2026-10-06 18:56:13
4821,7690511991861133333,7690511991861133333,,XBalanceBITOWNPTE.LTD.Asia/Jakarta003,,LB-养,7,121,9月30日,,2026-10-06 18:56:13,,,,2026-10-06 18:56:13,2026-10-06 18:56:13
4822,7690512026371850260,7690512026371850260,,XBalanceBITOWNPTE.LTD.Asia/Jakarta002,,LB-养,7,121,9月30日,,2026-10-06 18:56:13,,,,2026-10-06 18:56:13,2026-10-06 18:56:13
4823,7690512046055620629,7690512046055620629,,XBalanceBITOWNPTE.LTD.Asia/Jakarta001,,LB-养,7,121,9月30日,,2026-10-06 18:56:13,,,,2026-10-06 18:56:13,2026-10-06 18:56:13
4824,7690511672834179093,7690511672834179093,,XBalanceBELVIOREPTE.LTD.Asia/Jakarta005,,LB-养,7,121,9月30日,,2026-10-06 18:56:13,,,,2026-10-06 18:56:13,2026-10-06 18:56:13
4825,7690511693364985876,7690511693364985876,,XBalanceBELVIOREPTE.LTD.Asia/Jakarta004,,LB-养,7,121,9月30日,,2026-10-06 18:56:13,,,,2026-10-06 18:56:13,2026-10-06 18:56:13
4826,7690511704853233684,7690511704853233684,,XBalanceBELVIOREPTE.LTD.Asia/Jakarta003,,LB-养,7,121,9月30日,,2026-10-06 18:56:13,,,,2026-10-06 18:56:13,2026-10-06 18:56:13
4827,7690511732880031764,7690511732880031764,,XBalanceBELVIOREPTE.LTD.Asia/Jakarta002,,LB-养,7,121,9月30日,,2026-10-06 18:56:13,,,,2026-10-06 18:56:13,2026-10-06 18:56:13
4828,7690511746179678228,7690511746179678228,,XBalanceBELVIOREPTE.LTD.Asia/Jakarta001,,LB-养,7,121,9月30日,,2026-10-06 18:56:13,,,,2026-10-06 18:56:13,2026-10-06 18:56:13
4829,7690511740848717844,7690511740848717844,,XBalanceANYTENSORPTE.LTD.Asia/Jakarta005,,LB-养,7,121,9月30日,,2026-10-06 18:56:13,,,,2026-10-06 18:56:13,2026-10-06 18:56:13
4830,7690511757961543701,7690511757961543701,,XBalanceANYTENSORPTE.LTD.Asia/Jakarta004,,LB-养,7,121,9月30日,,2026-10-06 18:56:13,,,,2026-10-06 18:56:13,2026-10-06 18:56:13
4831,7690511806850400276,7690511806850400276,,XBalanceANYTENSORPTE.LTD.Asia/Jakarta003,,LB-养,7,121,9月30日,,2026-10-06 18:56:13,,,,2026-10-06 18:56:13,2026-10-06 18:56:13
4832,7690511809765802005,7690511809765802005,,XBalanceANYTENSORPTE.LTD.Asia/Jakarta002,,LB-养,7,121,9月30日,,2026-10-06 18:56:13,,,,2026-10-06 18:56:13,2026-10-06 18:56:13
4833,7690511825737318421,7690511825737318421,,XBalanceANYTENSORPTE.LTD.Asia/Jakarta001,,LB-养,7,121,9月30日,,2026-10-06 18:56:13,,,,2026-10-06 18:56:13,2026-10-06 18:56:13
4834,7690511559715061780,7690511559715061780,,XBalanceADATAGROUP PTE. LTD.Asia/Jakarta005,,LB-养,7,121,9月30日,,2026-10-06 18:56:13,,,,2026-10-06 18:56:13,2026-10-06 18:56:13
4835,7690511584182992916,7690511584182992916,,XBalanceADATAGROUP PTE. LTD.Asia/Jakarta004,,LB-养,7,121,9月30日,,2026-10-06 18:56:13,,,,2026-10-06 18:56:13,2026-10-06 18:56:13
4836,7690511601750605845,7690511601750605845,,XBalanceADATAGROUP PTE. LTD.Asia/Jakarta003,,LB-养,7,121,9月30日,,2026-10-06 18:56:13,,,,2026-10-06 18:56:13,2026-10-06 18:56:13
4837,7690511617167327252,7690511617167327252,,XBalanceADATAGROUP PTE. LTD.Asia/Jakarta002,,LB-养,7,121,9月30日,,2026-10-06 18:56:13,,,,2026-10-06 18:56:13,2026-10-06 18:56:13
4838,7690511642723483668,7690511642723483668,,XBalanceADATAGROUP PTE. LTD.Asia/Jakarta001,,LB-养,7,121,9月30日,,2026-10-06 18:56:13,,,,2026-10-06 18:56:13,2026-10-06 18:56:13
4839,Nat-7686808822532653057-阿仲,Nat-7686808822532653057-阿仲,,Nat,,,,135,2026-9-18,,2026-10-06 18:56:36,yonl6283@outlook.com        bulin@2902        yvkf4785        http://query.paopaodw.com/boobar?email=yonl6283@outlook.com----yvkf4785        7686808822532653057        巴西        BRL        UTC-3,,,2026-10-06 18:56:36,2026-10-06 18:56:36
4840,Nat-7686809074189238289-阿豪,Nat-7686809074189238289-阿豪,,Nat,,,,135,2026-9-18,,2026-10-06 18:56:36,rwcb7348@outlook.com        bulin@2902        zewt4972        http://query.paopaodw.com/boobar?email=rwcb7348@outlook.com----zewt4972        7686809074189238289        巴西        BRL        UTC-3,,,2026-10-06 18:56:36,2026-10-06 18:56:36
4841,Nat-7686808989761323024-肥肥,Nat-7686808989761323024-肥肥,,Nat,,,,135,2026-9-18,,2026-10-06 18:56:36,bgwd9318@outlook.com        bulin@2902        egqx7374        http://query.paopaodw.com/boobar?email=bgwd9318@outlook.com----egqx7374        7686808989761323024        巴西        BRL        UTC-3,,,2026-10-06 18:56:36,2026-10-06 18:56:36
4842,Nat-7686812074335109136-阿仲,Nat-7686812074335109136-阿仲,,Nat,,,,135,2026-9-18,,2026-10-06 18:56:36,byjs6716@outlook.com	bulin@2902	flho2649	http://query.paopaodw.com/boobar?email=byjs6716@outlook.com----flho2649	7686812074335109136	巴西	BRL	UTC-3,,,2026-10-06 18:56:36,2026-10-06 18:56:36
4843,Nat-7686814012025077776-阿轩,Nat-7686814012025077776-阿轩,,Nat,,,,135,2026-9-18,,2026-10-06 18:56:36,pupr5743@outlook.com	bulin@2902	dgtg4829	http://query.paopaodw.com/boobar?email=pupr5743@outlook.com----dgtg4829	7686814012025077776	巴西	BRL	UTC-3,,,2026-10-06 18:56:36,2026-10-06 18:56:36
4844,Nat-7686812590196260865-六六,Nat-7686812590196260865-六六,,Nat,,,,135,2026-9-18,,2026-10-06 18:56:36,yuap7274@outlook.com	bulin@2902	lres1358	http://query.paopaodw.com/boobar?email=yuap7274@outlook.com----lres1358	7686812590196260865	巴西	BRL	UTC-3,,,2026-10-06 18:56:36,2026-10-06 18:56:36
4845,Nat-7686819488603602961-胡桃,Nat-7686819488603602961-胡桃,,Nat,,,,135,2026-9-18,,2026-10-06 18:56:36,wiur4448@outlook.com	bulin@2902	luou3827	http://query.paopaodw.com/boobar?email=wiur4448@outlook.com----luou3827	7686819488603602961	巴西	BRL	UTC-3,,,2026-10-06 18:56:36,2026-10-06 18:56:36
4846,Nat-7686817407091048465-阿豪,Nat-7686817407091048465-阿豪,,Nat,,,,135,2026-9-18,,2026-10-06 18:56:36,wons1622@outlook.com	bulin@2902	dnmh2276	http://query.paopaodw.com/boobar?email=wons1622@outlook.com----dnmh2276	7686817407091048465	巴西	BRL	UTC-3,,,2026-10-06 18:56:36,2026-10-06 18:56:36
4847,Nat-7686817937813946384-肥肥,Nat-7686817937813946384-肥肥,,Nat,,,,135,2026-9-18,,2026-10-06 18:56:36,nabj2232@outlook.com	bulin@2902	xtdz6251	http://query.paopaodw.com/boobar?email=nabj2232@outlook.com----xtdz6251	7686817937813946384	巴西	BRL	UTC-3,,,2026-10-06 18:56:36,2026-10-06 18:56:36
4848,Nat-7686819009543258129-阿轩,Nat-7686819009543258129-阿轩,,Nat,,,,135,2026-9-18,,2026-10-06 18:56:36,oqln1773@outlook.com	bulin@2902	kfni6414	http://query.paopaodw.com/boobar?email=oqln1773@outlook.com----kfni6414	7686819009543258129	巴西	BRL	UTC-3,,,2026-10-06 18:56:36,2026-10-06 18:56:36
4849,Nat-7686809654768205841-胡桃,Nat-7686809654768205841-胡桃,,Nat,,,,136,2026-9-18,,2026-10-06 18:56:36,wqnh1815@outlook.com	bulin@2902	ojxt5258	http://query.paopaodw.com/boobar?email=wqnh1815@outlook.com----ojxt5258	7686809654768205841	菲律宾	USD	UTC+7,,,2026-10-06 18:56:36,2026-10-06 18:56:36
4850,Nat-7686810545342382081-黎明,Nat-7686810545342382081-黎明,,Nat,,,,136,2026-9-18,,2026-10-06 18:56:36,irra2267@outlook.com	bulin@2902	nvfy2232	http://query.paopaodw.com/boobar?email=irra2267@outlook.com----nvfy2232	7686810545342382081	菲律宾	USD	UTC+7,,,2026-10-06 18:56:36,2026-10-06 18:56:36
4851,Nat-7686813756938158081-哈兰德,Nat-7686813756938158081-哈兰德,,Nat,,,,136,2026-9-18,,2026-10-06 18:56:36,xfvc4849@outlook.com	bulin@2902	bggc7643	http://query.paopaodw.com/boobar?email=xfvc4849@outlook.com----bggc7643	7686813756938158081	菲律宾	USD	UTC+7,,,2026-10-06 18:56:36,2026-10-06 18:56:36
4852,Nat-7686813948801925121-阿仲,Nat-7686813948801925121-阿仲,,Nat,,,,136,2026-9-18,,2026-10-06 18:56:36,nifp9417@outlook.com	bulin@2902	ewjk5975	http://query.paopaodw.com/boobar?email=nifp9417@outlook.com----ewjk5975	7686813948801925121	菲律宾	USD	UTC+7,,,2026-10-06 18:56:36,2026-10-06 18:56:36
4853,Nat-7686817718766632961-阿豪,Nat-7686817718766632961-阿豪,,Nat,,,,136,2026-9-18,,2026-10-06 18:56:36,ipie9151@outlook.com	bulin@2902	btbv7395	http://query.paopaodw.com/boobar?email=ipie9151@outlook.com----btbv7395	7686817718766632961	菲律宾	USD	UTC+7,,,2026-10-06 18:56:36,2026-10-06 18:56:36
4854,Nat-7686808826850312208-肥肥,Nat-7686808826850312208-肥肥,,Nat,,,,136,2026-9-18,,2026-10-06 18:56:36,fdie4261@outlook.com	bulin@2902	keoe5298	http://query.paopaodw.com/boobar?email=fdie4261@outlook.com----keoe5298	7686808826850312208	菲律宾	USD	UTC+7,,,2026-10-06 18:56:36,2026-10-06 18:56:36
4855,Nat-7686808921701056529-阿轩,Nat-7686808921701056529-阿轩,,Nat,,,,136,2026-9-18,,2026-10-06 18:56:36,cmxg8967@outlook.com	bulin@2902	wsbs3219	http://query.paopaodw.com/boobar?email=cmxg8967@outlook.com----wsbs3219	7686808921701056529	菲律宾	USD	UTC+7,,,2026-10-06 18:56:36,2026-10-06 18:56:36
4856,Nat-7686808991864946689-胡桃,Nat-7686808991864946689-胡桃,,Nat,,,,136,2026-9-18,,2026-10-06 18:56:36,qjee3197@outlook.com	bulin@2902	przj8514	http://query.paopaodw.com/boobar?email=qjee3197@outlook.com----przj8514	7686808991864946689	菲律宾	USD	UTC+7,,,2026-10-06 18:56:36,2026-10-06 18:56:36
4857,Nat-7686817783258136593-六六,Nat-7686817783258136593-六六,,Nat,,,,136,2026-9-18,,2026-10-06 18:56:36,zxrk6265@outlook.com	bulin@2902	mspk1747	http://query.paopaodw.com/boobar?email=zxrk6265@outlook.com----mspk1747	7686817783258136593	菲律宾	USD	UTC+7,,,2026-10-06 18:56:36,2026-10-06 18:56:36
4858,Nat-7686817884430745616-六六,Nat-7686817884430745616-六六,,Nat,,,,136,2026-9-18,,2026-10-06 18:56:36,sesd9273@outlook.com	bulin@2902	kbpp9365	http://query.paopaodw.com/boobar?email=sesd9273@outlook.com----kbpp9365	7686817884430745616	菲律宾	USD	UTC+7,,,2026-10-06 18:56:36,2026-10-06 18:56:36
4859,Nat-7688986103093575732-阿仲,Nat-7688986103093575732-阿仲,,Nat,,,,135,2026-9-24,,2026-10-06 18:56:36,hprd9712@outlook.com        bulin@2902        esqf7986        http://query.paopaodw.com/boobar?email=hprd9712@outlook.com----esqf7986        7688986103093575732        巴西        BRL        UTC-3,,,2026-10-06 18:56:36,2026-10-06 18:56:36
4860,Nat-7688980651153686534-阿轩,Nat-7688980651153686534-阿轩,,Nat,,,,135,2026-9-24,,2026-10-06 18:56:36,dldc5817@outlook.com        bulin@2902        fgoi5233        http://query.paopaodw.com/boobar?email=dldc5817@outlook.com----fgoi5233        7688980651153686534        巴西        BRL        UTC-3,,,2026-10-06 18:56:36,2026-10-06 18:56:36
4861,Nat-7688988506836434950-阿豪,Nat-7688988506836434950-阿豪,,Nat,,,,135,2026-9-24,,2026-10-06 18:56:36,pezj2999@outlook.com        bulin@2902        wbfd4956        http://query.paopaodw.com/boobar?email=pezj2999@outlook.com----wbfd4956        7688988506836434950        巴西        BRL        UTC-3,,,2026-10-06 18:56:36,2026-10-06 18:56:36
4862,Nat-7688988701447880756-肥肥,Nat-7688988701447880756-肥肥,,Nat,,,,135,2026-9-24,,2026-10-06 18:56:36,dibj6469@outlook.com        bulin@2902        wapl8397        http://query.paopaodw.com/boobar?email=dibj6469@outlook.com----wapl8397        7688988701447880756        巴西        BRL        UTC-3,,,2026-10-06 18:56:36,2026-10-06 18:56:36
4863,Nat-7688989081233047558-六六,Nat-7688989081233047558-六六,,Nat,,,,135,2026-9-24,,2026-10-06 18:56:36,ihhi9667@outlook.com        bulin@2902        nrbk5146        http://query.paopaodw.com/boobar?email=ihhi9667@outlook.com----nrbk5146        7688989081233047558        巴西        BRL        UTC-3,,,2026-10-06 18:56:36,2026-10-06 18:56:36
4864,Nat-7688982660391157761-黎明,Nat-7688982660391157761-黎明,,Nat,,,,137,2026-9-24,,2026-10-06 18:56:36,jbhq7261@outlook.com        bulin@2902        zkdq9686        http://query.paopaodw.com/boobar?email=jbhq7261@outlook.com----zkdq9686        7688982660391157761        菲律宾        USD        UTC+8,,,2026-10-06 18:56:36,2026-10-06 18:56:36
4865,Nat-7688982028523520052-胡桃,Nat-7688982028523520052-胡桃,,Nat,,,,137,2026-9-24,,2026-10-06 18:56:36,vpvy5298@outlook.com        bulin@2902        lsmf6557        http://query.paopaodw.com/boobar?email=vpvy5298@outlook.com----lsmf6557        7688982028523520052        菲律宾        USD        UTC+8,,,2026-10-06 18:56:36,2026-10-06 18:56:36
4866,Nat-7688983362809757697-阿仲,Nat-7688983362809757697-阿仲,,Nat,,,,137,2026-9-24,,2026-10-06 18:56:36,ushc1763@outlook.com        bulin@2902        aruv8699        http://query.paopaodw.com/boobar?email=ushc1763@outlook.com----aruv8699        7688983362809757697        菲律宾        USD        UTC+8,,,2026-10-06 18:56:36,2026-10-06 18:56:36
4867,Nat-7688990973792452614-阿豪,Nat-7688990973792452614-阿豪,,Nat,,,,137,2026-9-24,,2026-10-06 18:56:36,qoob5393@outlook.com        bulin@2902        lptq2424        http://query.paopaodw.com/boobar?email=qoob5393@outlook.com----lptq2424        7688990973792452614        菲律宾        USD        UTC+8,,,2026-10-06 18:56:36,2026-10-06 18:56:36
4868,Nat-7688991813025513478-肥肥,Nat-7688991813025513478-肥肥,,Nat,,,,137,2026-9-24,,2026-10-06 18:56:36,sklw3144@outlook.com        bulin@2902        pubc7862        http://query.paopaodw.com/boobar?email=sklw3144@outlook.com----pubc7862        7688991813025513478        菲律宾        USD        UTC+8,,,2026-10-06 18:56:36,2026-10-06 18:56:36
4869,菠萝头-7673785319837433873-肥肥,菠萝头-7673785319837433873-肥肥,,菠萝头,,,,135,2026-9-24,,2026-10-06 18:56:36,,,,2026-10-06 18:56:36,2026-10-06 18:56:36
4870,--,--,,,,,,,,,2026-10-06 18:56:36,,,,2026-10-06 18:56:36,2026-10-06 18:56:36
4871,300,300,,hld,,,,,,,2026-10-06 18:56:51,,,,2026-10-06 18:56:51,2026-10-06 18:56:51
4872,1000,1000,,hld,,,,,,,2026-10-06 18:56:51,,,,2026-10-06 18:56:51,2026-10-06 18:56:51
4873,6000,6000,,hld,,,,,,,2026-10-06 18:56:51,,,,2026-10-06 18:56:51,2026-10-06 18:56:51
4874,2000,2000,,hld,,,,,,,2026-10-06 18:56:51,,,,2026-10-06 18:56:51,2026-10-06 18:56:51
4875,500,500,,哈迪,,,,,,,2026-10-06 18:56:51,,,,2026-10-06 18:56:51,2026-10-06 18:56:51
4876,清退,清退,,hld,,,,,,,2026-10-06 18:56:51,,,,2026-10-06 18:56:51,2026-10-06 18:56:51
4877,扣1000,扣1000,,hld,,,,,,,2026-10-06 18:56:51,,,,2026-10-06 18:56:51,2026-10-06 18:56:51
4878,扣500,扣500,,hld,,,,,,,2026-10-06 18:56:51,,,,2026-10-06 18:56:51,2026-10-06 18:56:51
4879,3000,3000,,hld,,,,,,,2026-10-06 18:56:51,,,,2026-10-06 18:56:51,2026-10-06 18:56:51
4880,4000,4000,,hld,,,,,,,2026-10-06 18:56:51,,,,2026-10-06 18:56:51,2026-10-06 18:56:51
4881,7000,7000,,hld,,,,,,,2026-10-06 18:56:51,,,,2026-10-06 18:56:51,2026-10-06 18:56:51
4882,5000,5000,,黎明,,,,,,,2026-10-06 18:56:51,,,,2026-10-06 18:56:51,2026-10-06 18:56:51
4883,10000,10000,,LM,,,,,,,2026-10-06 18:56:51,,,,2026-10-06 18:56:51,2026-10-06 18:56:51
4884,3500,3500,,阿仲,,,,,,,2026-10-06 18:56:51,,,,2026-10-06 18:56:51,2026-10-06 18:56:51
4885,2500,2500,,阿仲,,,,,,,2026-10-06 18:56:51,,,,2026-10-06 18:56:51,2026-10-06 18:56:51
4886,600,600,,LM,,,,,,,2026-10-06 18:56:51,,,,2026-10-06 18:56:51,2026-10-06 18:56:51
4887,扣6000,扣6000,,hld,,,,,,,2026-10-06 18:56:51,,,,2026-10-06 18:56:51,2026-10-06 18:56:51
4888,50,50,,LM,,,,,,,2026-10-06 18:56:51,,,,2026-10-06 18:56:51,2026-10-06 18:56:51
4889,封禁 清退,封禁 清退,,圣阳,,,,,,,2026-10-06 18:56:51,,,,2026-10-06 18:56:51,2026-10-06 18:56:51
4890,200,200,,火锅,,,,,,,2026-10-06 18:56:51,,,,2026-10-06 18:56:51,2026-10-06 18:56:51
4891,800,800,,LM,,,,,,,2026-10-06 18:56:51,,,,2026-10-06 18:56:51,2026-10-06 18:56:51
4892,10,10,,hld,,,,,,,2026-10-06 18:56:51,,,,2026-10-06 18:56:51,2026-10-06 18:56:51
4893,100,100,,hld,,,,,,,2026-10-06 18:56:51,,,,2026-10-06 18:56:51,2026-10-06 18:56:51
4894,8000,8000,,LM,,,,,,,2026-10-06 18:56:51,,,,2026-10-06 18:56:51,2026-10-06 18:56:51
4895,扣1200,扣1200,,hld,,,,,,,2026-10-06 18:56:51,,,,2026-10-06 18:56:51,2026-10-06 18:56:51
4896,1500,1500,,肥肥,,,,,,,2026-10-06 18:56:51,,,,2026-10-06 18:56:51,2026-10-06 18:56:51
4897,回收,回收,,阿轩,,,,,,,2026-10-06 18:56:51,,,,2026-10-06 18:56:51,2026-10-06 18:56:51
4898,700,700,,LM,,,,,,,2026-10-06 18:56:51,,,,2026-10-06 18:56:51,2026-10-06 18:56:51
4899,1100,1100,,LM,,,,,,,2026-10-06 18:56:51,,,,2026-10-06 18:56:51,2026-10-06 18:56:51
4900,1300,1300,,LM,,,,,,,2026-10-06 18:56:51,,,,2026-10-06 18:56:51,2026-10-06 18:56:51
4901,1200,1200,,LM,,,,,,,2026-10-06 18:56:51,,,,2026-10-06 18:56:51,2026-10-06 18:56:51
4902,扣200,扣200,,哈兰德,,,,,,,2026-10-06 18:56:51,,,,2026-10-06 18:56:51,2026-10-06 18:56:51
4903,400,400,,hld,,,,,,,2026-10-06 18:56:51,,,,2026-10-06 18:56:51,2026-10-06 18:56:51
4904,封户清退,封户清退,,LM,,,,,,,2026-10-06 18:56:51,,,,2026-10-06 18:56:51,2026-10-06 18:56:51
4905,扣款7000,扣款7000,,LM,,,,,,,2026-10-06 18:56:51,,,,2026-10-06 18:56:51,2026-10-06 18:56:51
4906,清退及回收,清退及回收,,LM,,,,,,,2026-10-06 18:56:51,,,,2026-10-06 18:56:51,2026-10-06 18:56:51
4907,清退封户,清退封户,,LM,,,,,,,2026-10-06 18:56:51,,,,2026-10-06 18:56:51,2026-10-06 18:56:51
4908,封禁清退,封禁清退,,hld,,,,,,,2026-10-06 18:56:51,,,,2026-10-06 18:56:51,2026-10-06 18:56:51
4909,1W,1W,,LM,,,,,,,2026-10-06 18:56:51,,,,2026-10-06 18:56:51,2026-10-06 18:56:51
4910,15000,15000,,阿仲,,,,,,,2026-10-06 18:56:51,,,,2026-10-06 18:56:51,2026-10-06 18:56:51
4911,封号清零,封号清零,,LM,,,,,,,2026-10-06 18:56:51,,,,2026-10-06 18:56:51,2026-10-06 18:56:51
4912,-7000,-7000,,肥肥,,,,,,,2026-10-06 18:56:51,,,,2026-10-06 18:56:51,2026-10-06 18:56:51
4913,扣款5700,扣款5700,,阿豪,,,,,,,2026-10-06 18:56:51,,,,2026-10-06 18:56:51,2026-10-06 18:56:51
4914,扣款900,扣款900,,阿豪,,,,,,,2026-10-06 18:56:51,,,,2026-10-06 18:56:51,2026-10-06 18:56:51
4915,扣款13000,扣款13000,,阿仲,,,,,,,2026-10-06 18:56:51,,,,2026-10-06 18:56:51,2026-10-06 18:56:51
4916,2W,2W,,LM,,,,,,,2026-10-06 18:56:51,,,,2026-10-06 18:56:51,2026-10-06 18:56:51
4917,3W,3W,,黎明,,,,,,,2026-10-06 18:56:51,,,,2026-10-06 18:56:51,2026-10-06 18:56:51
4918,20000,20000,,阿豪,,,,,,,2026-10-06 18:56:51,,,,2026-10-06 18:56:51,2026-10-06 18:56:51
4919,-3600,-3600,,黎明,,,,,,,2026-10-06 18:56:51,,,,2026-10-06 18:56:51,2026-10-06 18:56:51
4920,5716,5716,,哈兰德,,,,,,,2026-10-06 18:56:51,,,,2026-10-06 18:56:51,2026-10-06 18:56:51
4921,4100,4100,,哈兰德,,,,,,,2026-10-06 18:56:51,,,,2026-10-06 18:56:51,2026-10-06 18:56:51
4922,9000,9000,,哈兰德,,,,,,,2026-10-06 18:56:51,,,,2026-10-06 18:56:51,2026-10-06 18:56:51
4923,1.5W,1.5W,,黎明,,,,,,,2026-10-06 18:56:51,,,,2026-10-06 18:56:51,2026-10-06 18:56:51
4924,-29400,-29400,,黎明,,,,,,,2026-10-06 18:56:51,,,,2026-10-06 18:56:51,2026-10-06 18:56:51
4925,3w,3w,,黎明,,,,,,,2026-10-06 18:56:51,,,,2026-10-06 18:56:51,2026-10-06 18:56:51
4926,1w,1w,,黎明,,,,,,,2026-10-06 18:56:51,,,,2026-10-06 18:56:51,2026-10-06 18:56:51
4927,1.3W,1.3W,,黎明,,,,,,,2026-10-06 18:56:51,,,,2026-10-06 18:56:51,2026-10-06 18:56:51
4928,1.5w,1.5w,,肥肥,,,,,,,2026-10-06 18:56:51,,,,2026-10-06 18:56:51,2026-10-06 18:56:51
4929,2w,2w,,肥肥,,,,,,,2026-10-06 18:56:51,,,,2026-10-06 18:56:51,2026-10-06 18:56:51
4930,扣款2w,扣款2w,,肥肥,,,,,,,2026-10-06 18:56:51,,,,2026-10-06 18:56:51,2026-10-06 18:56:51
4931,清零,清零,,黎明,,,,,,,2026-10-06 18:56:51,,,,2026-10-06 18:56:51,2026-10-06 18:56:51
4932,扣3900,扣3900,,哈兰德,,,,,,,2026-10-06 18:56:51,,,,2026-10-06 18:56:51,2026-10-06 18:56:51
4933,扣1万,扣1万,,阿轩,,,,,,,2026-10-06 18:56:51,,,,2026-10-06 18:56:51,2026-10-06 18:56:51
4934,清退回收,清退回收,,黎明,,,,,,,2026-10-06 18:56:51,,,,2026-10-06 18:56:51,2026-10-06 18:56:51
4935,扣款4000,扣款4000,,阿豪,,,,,,,2026-10-06 18:56:51,,,,2026-10-06 18:56:51,2026-10-06 18:56:51
4936,1.2W,1.2W,,黎明,,,,,,,2026-10-06 18:56:51,,,,2026-10-06 18:56:51,2026-10-06 18:56:51
4937,清空,清空,,安澜,,,,,,,2026-10-06 18:56:51,,,,2026-10-06 18:56:51,2026-10-06 18:56:51
4938,485.9,485.9,,黎明,,485.9,,138,,,2026-10-06 18:56:51,,,,2026-10-06 18:56:51,2026-10-06 18:56:51
4939,扣1300,扣1300,,阿轩,,,,,,,2026-10-06 18:56:51,,,,2026-10-06 18:56:51,2026-10-06 18:56:51
4940,扣款3000,扣款3000,,阿豪,,,,,,,2026-10-06 18:56:51,,,,2026-10-06 18:56:51,2026-10-06 18:56:51
4941,扣款1.5W,扣款1.5W,,阿豪,,,,,,,2026-10-06 18:56:51,,,,2026-10-06 18:56:51,2026-10-06 18:56:51
4942,扣款2000,扣款2000,,阿豪,,,,,,,2026-10-06 18:56:51,,,,2026-10-06 18:56:51,2026-10-06 18:56:51
4943,扣款2W,扣款2W,,阿豪,,,,,,,2026-10-06 18:56:51,,,,2026-10-06 18:56:51,2026-10-06 18:56:51
4944,扣款1万,扣款1万,,阿轩,,,,,,,2026-10-06 18:56:51,,,,2026-10-06 18:56:51,2026-10-06 18:56:51
4945,扣2.5W,扣2.5W,,阿仲,,,,,,,2026-10-06 18:56:51,,,,2026-10-06 18:56:51,2026-10-06 18:56:51
4946,扣3W,扣3W,,阿仲,,,,,,,2026-10-06 18:56:51,,,,2026-10-06 18:56:51,2026-10-06 18:56:51
4947,扣2W,扣2W,,阿仲,,,,,,,2026-10-06 18:56:51,,,,2026-10-06 18:56:51,2026-10-06 18:56:51
4948,12000,12000,,哈兰德,,,,,,,2026-10-06 18:56:51,,,,2026-10-06 18:56:51,2026-10-06 18:56:51
4949,13000,13000,,哈兰德,,,,,,,2026-10-06 18:56:51,,,,2026-10-06 18:56:51,2026-10-06 18:56:51
4950,扣款2.8w,扣款2.8w,,肥肥,,,,,,,2026-10-06 18:56:51,,,,2026-10-06 18:56:51,2026-10-06 18:56:51
4951,扣款1.3w,扣款1.3w,,肥肥,,,,,,,2026-10-06 18:56:51,,,,2026-10-06 18:56:51,2026-10-06 18:56:51
4952,扣款1W,扣款1W,,阿豪,,,,,,,2026-10-06 18:56:51,,,,2026-10-06 18:56:51,2026-10-06 18:56:51
4953,清零500,清零500,,阿轩,,-500,,139,8-24,,2026-10-06 18:56:51,,,,2026-10-06 18:56:51,2026-10-06 18:56:51
4954,扣6500,扣6500,,阿仲,,-6500,,139,8-26,,2026-10-06 18:56:51,,,,2026-10-06 18:56:51,2026-10-06 18:56:51
4955,扣860,扣860,,阿仲,,-860,,139,8-26,,2026-10-06 18:56:51,,,,2026-10-06 18:56:51,2026-10-06 18:56:51
4956,扣款9100,扣款9100,,黎明,,-9100,,139,8-27,,2026-10-06 18:56:51,,,,2026-10-06 18:56:51,2026-10-06 18:56:51
4957,19100,19100,,黎明,,19100,,139,8-27,,2026-10-06 18:56:51,,,,2026-10-06 18:56:51,2026-10-06 18:56:51
4958,7600,7600,,黎明,,7600,,139,8-27,,2026-10-06 18:56:51,,,,2026-10-06 18:56:51,2026-10-06 18:56:51
4959,15500,15500,,黎明,,15500,,139,8-27,,2026-10-06 18:56:51,,,,2026-10-06 18:56:51,2026-10-06 18:56:51
4960,5945.98,5945.98,,阿轩,,5945.98,,139,8-27,,2026-10-06 18:56:51,,,,2026-10-06 18:56:51,2026-10-06 18:56:51
4961,57800,57800,,阿仲,,57800,,139,8-27,,2026-10-06 18:56:51,,,,2026-10-06 18:56:51,2026-10-06 18:56:51
4962,113400,113400,,哈兰德,,113400,,139,8-27,,2026-10-06 18:56:51,,,,2026-10-06 18:56:51,2026-10-06 18:56:51
4963,57100,57100,,阿豪,,57100,,139,8-27,,2026-10-06 18:56:51,,,,2026-10-06 18:56:51,2026-10-06 18:56:51
4964,3200,3200,,阿仲,,3200,,139,8-27,,2026-10-06 18:56:51,,,,2026-10-06 18:56:51,2026-10-06 18:56:51
4965,7500,7500,,阿轩,,7500,,139,8-27,,2026-10-06 18:56:51,,,,2026-10-06 18:56:51,2026-10-06 18:56:51
4966,5829.64,5829.64,,阿仲,,5829.64,,139,8-27,,2026-10-06 18:56:51,,,,2026-10-06 18:56:51,2026-10-06 18:56:51
4967,1158.94,1158.94,,阿仲,,1158.94,,139,8-27,,2026-10-06 18:56:51,,,,2026-10-06 18:56:51,2026-10-06 18:56:51
4968,745.5,745.5,,阿仲,,745.5,,139,8-27,,2026-10-06 18:56:51,,,,2026-10-06 18:56:51,2026-10-06 18:56:51
4969,14611.16,14611.16,,阿仲,,14611.16,,139,8-27,,2026-10-06 18:56:51,,,,2026-10-06 18:56:51,2026-10-06 18:56:51
4970,62500,62500,,黎明,,62500,,139,8-27,,2026-10-06 18:56:51,,,,2026-10-06 18:56:51,2026-10-06 18:56:51
4971,121000,121000,,阿豪,,121000,,139,8-27,,2026-10-06 18:56:51,,,,2026-10-06 18:56:51,2026-10-06 18:56:51
4972,40300,40300,,黎明,,40300,,139,8-27,,2026-10-06 18:56:51,,,,2026-10-06 18:56:51,2026-10-06 18:56:51
4973,3569.58,3569.58,,阿豪,,3569.58,,139,8-27,,2026-10-06 18:56:51,,,,2026-10-06 18:56:51,2026-10-06 18:56:51
4974,810.44,810.44,,黎明,,810.44,,139,8-27,,2026-10-06 18:56:51,,,,2026-10-06 18:56:51,2026-10-06 18:56:51
4975,1392.07,1392.07,,肥肥,,1392.07,,139,8-27,,2026-10-06 18:56:51,,,,2026-10-06 18:56:51,2026-10-06 18:56:51
4976,31806.72,31806.72,,阿仲,,31806.72,,139,8-27,,2026-10-06 18:56:51,,,,2026-10-06 18:56:51,2026-10-06 18:56:51
4977,3778.77,3778.77,,肥肥,,3778.77,,139,8-27,,2026-10-06 18:56:51,,,,2026-10-06 18:56:51,2026-10-06 18:56:51
4978,2173.23,2173.23,,肥肥,,2173.23,,139,8-27,,2026-10-06 18:56:51,,,,2026-10-06 18:56:51,2026-10-06 18:56:51
4979,11739.82,11739.82,,阿豪,,11739.82,,139,8-27,,2026-10-06 18:56:51,,,,2026-10-06 18:56:51,2026-10-06 18:56:51
4980,10724.85,10724.85,,阿豪,,10724.85,,139,8-27,,2026-10-06 18:56:51,,,,2026-10-06 18:56:51,2026-10-06 18:56:51
4981,20500,20500,,黎明,,20500,,139,8-27,,2026-10-06 18:56:51,,,,2026-10-06 18:56:51,2026-10-06 18:56:51
4982,165100,165100,,黎明,,165100,,139,8-27,,2026-10-06 18:56:51,,,,2026-10-06 18:56:51,2026-10-06 18:56:51
4983,22500,22500,,阿豪,,22500,,139,8-27,,2026-10-06 18:56:51,,,,2026-10-06 18:56:51,2026-10-06 18:56:51
4984,101500,101500,,哈兰德,,101500,,139,8-27,,2026-10-06 18:56:51,,,,2026-10-06 18:56:51,2026-10-06 18:56:51
4985,45000,45000,,阿仲,,45000,,139,8-27,,2026-10-06 18:56:51,,,,2026-10-06 18:56:51,2026-10-06 18:56:51
4986,16000,16000,,阿仲,,16000,,139,8-27,,2026-10-06 18:56:51,,,,2026-10-06 18:56:51,2026-10-06 18:56:51
4987,17000,17000,,肥肥,,17000,,139,8-27,,2026-10-06 18:56:51,,,,2026-10-06 18:56:51,2026-10-06 18:56:51
4988,18300,18300,,肥肥,,18300,,139,8-27,,2026-10-06 18:56:51,,,,2026-10-06 18:56:51,2026-10-06 18:56:51
4989,40000,40000,,阿仲,,40000,,139,8-27,,2026-10-06 18:56:51,,,,2026-10-06 18:56:51,2026-10-06 18:56:51
4990,7855.2,7855.2,,阿仲,,7855.2,,139,8-27,,2026-10-06 18:56:51,,,,2026-10-06 18:56:51,2026-10-06 18:56:51
4991,5442.12,5442.12,,阿仲,,5442.12,,139,8-27,,2026-10-06 18:56:51,,,,2026-10-06 18:56:51,2026-10-06 18:56:51
4992,22155.21,22155.21,,阿豪,,22155.21,,139,8-27,,2026-10-06 18:56:51,,,,2026-10-06 18:56:51,2026-10-06 18:56:51
4993,26174.68,26174.68,,阿豪,,26174.68,,139,8-27,,2026-10-06 18:56:51,,,,2026-10-06 18:56:51,2026-10-06 18:56:51
4994,8619.08,8619.08,,肥肥,,8619.08,,139,8-27,,2026-10-06 18:56:51,,,,2026-10-06 18:56:51,2026-10-06 18:56:51
4995,3849.91,3849.91,,肥肥,,3849.91,,139,8-27,,2026-10-06 18:56:51,,,,2026-10-06 18:56:51,2026-10-06 18:56:51
4996,2575.42,2575.42,,阿轩,,2575.42,,139,8-27,,2026-10-06 18:56:51,,,,2026-10-06 18:56:51,2026-10-06 18:56:51
4997,7844.25,7844.25,,阿仲,,7844.25,,139,8-27,,2026-10-06 18:56:51,,,,2026-10-06 18:56:51,2026-10-06 18:56:51
4998,7744.66,7744.66,,阿仲,,7744.66,,139,8-27,,2026-10-06 18:56:51,,,,2026-10-06 18:56:51,2026-10-06 18:56:51
4999,7800,7800,,肥肥,,7800,,139,8-27,,2026-10-06 18:56:51,,,,2026-10-06 18:56:51,2026-10-06 18:56:51
5000,7300,7300,,肥肥,,7300,,139,8-27,,2026-10-06 18:56:51,,,,2026-10-06 18:56:51,2026-10-06 18:56:51
5001,25300,25300,,黎明,,25300,,139,8-27,,2026-10-06 18:56:51,,,,2026-10-06 18:56:51,2026-10-06 18:56:51
5002,30000,30000,,阿豪,,30000,,139,8-27,,2026-10-06 18:56:51,,,,2026-10-06 18:56:51,2026-10-06 18:56:51
5003,9500,9500,,哈兰德,,9500,,139,8-27,,2026-10-06 18:56:51,,,,2026-10-06 18:56:51,2026-10-06 18:56:51
5004,26500,26500,,黎明,,26500,,139,8-27,,2026-10-06 18:56:51,,,,2026-10-06 18:56:51,2026-10-06 18:56:51
5005,8500,8500,,肥肥,,8500,,139,8-27,,2026-10-06 18:56:51,,,,2026-10-06 18:56:51,2026-10-06 18:56:51
5006,14000,14000,,阿仲,,14000,,139,8-27,,2026-10-06 18:56:51,,,,2026-10-06 18:56:51,2026-10-06 18:56:51
5007,11000,11000,,阿豪,,11000,,139,8-27,,2026-10-06 18:56:51,,,,2026-10-06 18:56:51,2026-10-06 18:56:51
5008,10079.55,10079.55,,黎明,,10079.55,,139,8-27,,2026-10-06 18:56:51,,,,2026-10-06 18:56:51,2026-10-06 18:56:51
5009,23000,23000,,阿仲,,23000,,139,8-27,,2026-10-06 18:56:51,,,,2026-10-06 18:56:51,2026-10-06 18:56:51
5010,14100,14100,,肥肥,,14100,,139,8-27,,2026-10-06 18:56:51,,,,2026-10-06 18:56:51,2026-10-06 18:56:51
5011,19000,19000,,阿豪,,19000,,139,8-27,,2026-10-06 18:56:51,,,,2026-10-06 18:56:51,2026-10-06 18:56:51
5012,75000,75000,,肥肥,,75000,,139,8-27,,2026-10-06 18:56:51,,,,2026-10-06 18:56:51,2026-10-06 18:56:51
5013,12100,12100,,肥肥,,12100,,139,8-27,,2026-10-06 18:56:51,,,,2026-10-06 18:56:51,2026-10-06 18:56:51
5014,10200,10200,,阿仲,,10200,,139,8-27,,2026-10-06 18:56:51,,,,2026-10-06 18:56:51,2026-10-06 18:56:51
5015,12704.05,12704.05,,哈兰德,,12704.05,,139,8-27,,2026-10-06 18:56:51,,,,2026-10-06 18:56:51,2026-10-06 18:56:51
5016,8408.68,8408.68,,哈兰德,,8408.68,,139,8-27,,2026-10-06 18:56:51,,,,2026-10-06 18:56:51,2026-10-06 18:56:51
5017,3110.11,3110.11,,阿仲,,3110.11,,139,8-27,,2026-10-06 18:56:51,,,,2026-10-06 18:56:51,2026-10-06 18:56:51
5018,2300,2300,,肥肥,,2300,,139,8-27,,2026-10-06 18:56:51,,,,2026-10-06 18:56:51,2026-10-06 18:56:51
5019,2800,2800,,肥肥,,2800,,139,8-27,,2026-10-06 18:56:51,,,,2026-10-06 18:56:51,2026-10-06 18:56:51
5020,1800,1800,,肥肥,,1800,,139,8-27,,2026-10-06 18:56:51,,,,2026-10-06 18:56:51,2026-10-06 18:56:51
5021,3600,3600,,肥肥,,3600,,139,8-27,,2026-10-06 18:56:51,,,,2026-10-06 18:56:51,2026-10-06 18:56:51
5022,10637.85,10637.85,,肥肥,,10637.85,,139,8-27,,2026-10-06 18:56:51,,,,2026-10-06 18:56:51,2026-10-06 18:56:51
5023,2845.03,2845.03,,哈兰德,,2845.03,,139,8-27,,2026-10-06 18:56:51,,,,2026-10-06 18:56:51,2026-10-06 18:56:51
5024,22000,22000,,阿豪,,22000,,139,8-27,,2026-10-06 18:56:51,,,,2026-10-06 18:56:51,2026-10-06 18:56:51
5025,3004.3,3004.3,,阿仲,,3004.3,,139,8-27,,2026-10-06 18:56:51,,,,2026-10-06 18:56:51,2026-10-06 18:56:51
5026,3577.71,3577.71,,阿豪,,3577.71,,139,8-27,,2026-10-06 18:56:51,,,,2026-10-06 18:56:51,2026-10-06 18:56:51
5027,34661.64,34661.64,,阿豪,,34661.64,,139,8-27,,2026-10-06 18:56:51,,,,2026-10-06 18:56:51,2026-10-06 18:56:51
5028,5300,5300,,阿轩,,5300,,139,8-27,,2026-10-06 18:56:51,,,,2026-10-06 18:56:51,2026-10-06 18:56:51
5029,1568.48,1568.48,,胡桃,,1568.48,,139,8-27,,2026-10-06 18:56:51,,,,2026-10-06 18:56:51,2026-10-06 18:56:51
5030,1241.89,1241.89,,阿豪,,1241.89,,139,8-27,,2026-10-06 18:56:51,,,,2026-10-06 18:56:51,2026-10-06 18:56:51
5031,3713.84,3713.84,,胡桃,,3713.84,,139,8-27,,2026-10-06 18:56:51,,,,2026-10-06 18:56:51,2026-10-06 18:56:51
5032,5099.68,5099.68,,肥肥,,5099.68,,139,8-27,,2026-10-06 18:56:51,,,,2026-10-06 18:56:51,2026-10-06 18:56:51
5033,1996.31,1996.31,,阿仲,,1996.31,,139,8-27,,2026-10-06 18:56:51,,,,2026-10-06 18:56:51,2026-10-06 18:56:51
5034,140,140,,哈兰德,,140,,139,8-27,,2026-10-06 18:56:51,,,,2026-10-06 18:56:51,2026-10-06 18:56:51
5035,6673.81,6673.81,,阿豪,,6673.81,,139,8-27,,2026-10-06 18:56:51,,,,2026-10-06 18:56:51,2026-10-06 18:56:51
5036,21414.37,21414.37,,阿豪,,21414.37,,139,8-27,,2026-10-06 18:56:51,,,,2026-10-06 18:56:51,2026-10-06 18:56:51
5037,22330.06,22330.06,,肥肥,,22330.06,,139,8-27,,2026-10-06 18:56:51,,,,2026-10-06 18:56:51,2026-10-06 18:56:51
5038,2812.73,2812.73,,阿轩,,2812.73,,139,8-27,,2026-10-06 18:56:51,,,,2026-10-06 18:56:51,2026-10-06 18:56:51
5039,4403.21,4403.21,,六六,,4403.21,,139,8-27,,2026-10-06 18:56:51,,,,2026-10-06 18:56:51,2026-10-06 18:56:51
5040,清0不回收,清0不回收,,阿豪,,-1949.11,,139,8-29,,2026-10-06 18:56:51,,,,2026-10-06 18:56:51,2026-10-06 18:56:51
5041,扣款1400,扣款1400,,阿轩,,-1400,,139,8-29,,2026-10-06 18:56:51,,,,2026-10-06 18:56:51,2026-10-06 18:56:51
5042,封禁清零,封禁清零,,阿豪,,,,,9-2,,2026-10-06 18:56:51,,,,2026-10-06 18:56:51,2026-10-06 18:56:51
5043,20,20,,阿仲,,20,,139,9-7,,2026-10-06 18:56:51,,,,2026-10-06 18:56:51,2026-10-06 18:56:51
5044,30,30,,阿仲,,30,,139,9-7,,2026-10-06 18:56:51,,,,2026-10-06 18:56:51,2026-10-06 18:56:51
5045,350,350,,阿轩,,350,,,9-11,,2026-10-06 18:56:51,,,,2026-10-06 18:56:51,2026-10-06 18:56:51
5046,余额清零 留500,余额清零 留500,,肥肥,,,,,9-12,,2026-10-06 18:56:51,,,,2026-10-06 18:56:51,2026-10-06 18:56:51
5047,4W,4W,,阿仲,,4W,,,9-12,,2026-10-06 18:56:51,,,,2026-10-06 18:56:51,2026-10-06 18:56:51
5048,扣款2.2W,扣款2.2W,,阿豪,,-22000,,,9/19,,2026-10-06 18:56:51,,,,2026-10-06 18:56:51,2026-10-06 18:56:51
5049,扣款  留1000,扣款  留1000,,肥肥,,,,,9/21,,2026-10-06 18:56:51,,,,2026-10-06 18:56:51,2026-10-06 18:56:51
5050,9100,9100,,哈兰德,,9100,,,9/21,,2026-10-06 18:56:51,,,,2026-10-06 18:56:51,2026-10-06 18:56:51
5051,清零  留800,清零  留800,,肥肥,,-11833.5,,,9/23,,2026-10-06 18:56:51,,,,2026-10-06 18:56:51,2026-10-06 18:56:51
5052,扣款3.5W,扣款3.5W,,阿仲,,,,,9/28,,2026-10-06 18:56:51,,,,2026-10-06 18:56:51,2026-10-06 18:56:51
5053,4600,4600,,阿豪,,2000,,,9/29,,2026-10-06 18:56:51,,,,2026-10-06 18:56:51,2026-10-06 18:56:51
5054,扣4300,扣4300,,哈兰德,,-4300,,,9/30,,2026-10-06 18:56:51,,,,2026-10-06 18:56:51,2026-10-06 18:56:51
5055,扣2w,扣2w,,六六,,-20000,,,10/2,,2026-10-06 18:56:51,,,,2026-10-06 18:56:51,2026-10-06 18:56:51
5056,ANT-TT,ANT-TT,,菲律宾,,封禁,,140,2026-6-28,,2026-10-06 18:57:22,,,,2026-10-06 18:57:22,2026-10-06 18:57:22
5057,KQY-TT,KQY-TT,,菲律宾,,封禁,,140,2026-6-28,,2026-10-06 18:57:22,,,,2026-10-06 18:57:22,2026-10-06 18:57:22
5058,LB-TT,LB-TT,,巴西,,封禁,,140,2026-6-28,,2026-10-06 18:57:22,,,,2026-10-06 18:57:22,2026-10-06 18:57:22
5059,luck-TT,luck-TT,,巴西,,渠道已结算,,140,2026-6-28,,2026-10-06 18:57:22,,,,2026-10-06 18:57:22,2026-10-06 18:57:22
5060,TO30-TT,TO30-TT,,孟加拉,,渠道已结算,,140,2026-6-28,,2026-10-06 18:57:22,,,,2026-10-06 18:57:22,2026-10-06 18:57:22
5061,HMT-TT,HMT-TT,,孟加拉,,渠道已结算,,140,2026-6-28,,2026-10-06 18:57:22,,,,2026-10-06 18:57:22,2026-10-06 18:57:22
5062,C82,C82,,泰国,,渠道已结算,,140,2026-6-28,,2026-10-06 18:57:22,,,,2026-10-06 18:57:22,2026-10-06 18:57:22
5063,Faddy-TT,Faddy-TT,,巴西,,渠道已结算,,140,2026-6-28,,2026-10-06 18:57:22,,,,2026-10-06 18:57:22,2026-10-06 18:57:22
5064,TT加白户,TT加白户,,巴西,,渠道已结算,,140,2026-6-28,,2026-10-06 18:57:22,,,,2026-10-06 18:57:22,2026-10-06 18:57:22
5065,钛动2,钛动2,,巴西,,渠道已结算,,140,2026-6-28,,2026-10-06 18:57:22,,,,2026-10-06 18:57:22,2026-10-06 18:57:22
5066,air,air,,巴西,,渠道已结算,,140,2026-6-28,,2026-10-06 18:57:22,,,,2026-10-06 18:57:22,2026-10-06 18:57:22
5067,领秀文化,领秀文化,,巴西,,渠道已结算,,140,2026-6-28,,2026-10-06 18:57:22,,,,2026-10-06 18:57:22,2026-10-06 18:57:22
5068,YC-TT,YC-TT,,巴西,,渠道已结算,,140,2026-6-28,,2026-10-06 18:57:22,,,,2026-10-06 18:57:22,2026-10-06 18:57:22
5069,点魔-TT,点魔-TT,,巴西,,渠道已结算,,140,2026-6-28,,2026-10-06 18:57:22,,,,2026-10-06 18:57:22,2026-10-06 18:57:22
5070,飞书湘匯-TT,飞书湘匯-TT,,巴西,,渠道已结算,,140,2026-6-28,,2026-10-06 18:57:22,,,,2026-10-06 18:57:22,2026-10-06 18:57:22
5071,妖精-TT,妖精-TT,,巴西,,渠道已结算,,140,2026-6-28,,2026-10-06 18:57:22,,,,2026-10-06 18:57:22,2026-10-06 18:57:22
5072,橙子-TT,橙子-TT,,巴西,,渠道已结算,,140,2026-6-28,,2026-10-06 18:57:22,,,,2026-10-06 18:57:22,2026-10-06 18:57:22
5073,逸途-TT,逸途-TT,,菲律宾,,渠道已结算,,140,2026-6-28,,2026-10-06 18:57:22,,,,2026-10-06 18:57:22,2026-10-06 18:57:22
5074,李总-TT,李总-TT,,印尼,,渠道已结算,,140,2026-6-28,,2026-10-06 18:57:22,,,,2026-10-06 18:57:22,2026-10-06 18:57:22
5075,麦芽-TT,麦芽-TT,,印尼,,渠道已结算,,140,2026-6-28,,2026-10-06 18:57:22,,,,2026-10-06 18:57:22,2026-10-06 18:57:22
5076,亿帆湘匯-TT,亿帆湘匯-TT,,菲律宾/+8,,封禁,,140,2026-6-29,,2026-10-06 18:57:22,,,,2026-10-06 18:57:22,2026-10-06 18:57:22
5077,钛动湘汇-TT,钛动湘汇-TT,,墨西哥,,已解绑,,140,2026-6-29,,2026-10-06 18:57:22,,,,2026-10-06 18:57:22,2026-10-06 18:57:22
5078,脆皮鸡-TT,脆皮鸡-TT,,印尼,,户不花钱,,140,2026-6-30,,2026-10-06 18:57:22,,,,2026-10-06 18:57:22,2026-10-06 18:57:22
5079,多乐-TT,多乐-TT,,,,过不了广告,,140,2026-6-30,,2026-10-06 18:57:22,,,,2026-10-06 18:57:22,2026-10-06 18:57:22
5080,帷幄-TT,帷幄-TT,,印尼,,全版位也过不了广告,,140,2026-6-30,,2026-10-06 18:57:22,,,,2026-10-06 18:57:22,2026-10-06 18:57:22
5081,君君钛动,君君钛动,,巴西,,pwa过不了审，全版位也过不了,,140,2026-7-2,,2026-10-06 18:57:22,,,,2026-10-06 18:57:22,2026-10-06 18:57:22
5082,Carl-TT,Carl-TT,,印尼,,封禁,,140,2026-7-2,,2026-10-06 18:57:22,,,,2026-10-06 18:57:22,2026-10-06 18:57:22
5083,钛动湘匯-TT,钛动湘匯-TT,,,,封禁,,140,2026-7-3,,2026-10-06 18:57:22,,,,2026-10-06 18:57:22,2026-10-06 18:57:22
5084,MAF-TT,MAF-TT,,巴西,,拒审,,140,2026-7-13,,2026-10-06 18:57:22,,,,2026-10-06 18:57:22,2026-10-06 18:57:22
5085,土豆-TT,土豆-TT,,印尼,,封禁,,140,2026-7-13,,2026-10-06 18:57:22,,,,2026-10-06 18:57:22,2026-10-06 18:57:22
5086,LB(代),LB(代),,印尼,,全版位过不了审,,140,2026-8-3,,2026-10-06 18:57:22,,,,2026-10-06 18:57:22,2026-10-06 18:57:22
5087,黎明海外户,黎明海外户,,巴西,,全版位过不了审,,140,2026-8-10,,2026-10-06 18:57:22,,,,2026-10-06 18:57:22,2026-10-06 18:57:22
5088,亿帆湘汇,亿帆湘汇,,巴西,,封禁清零回收,,140,2026-8-17,,2026-10-06 18:57:22,,,,2026-10-06 18:57:22,2026-10-06 18:57:22
5089,路人互动-TT,路人互动-TT,,巴西,,封禁回收,,140,2026-8-29,,2026-10-06 18:57:22,,,,2026-10-06 18:57:22,2026-10-06 18:57:22
5090,LS-TT,LS-TT,,巴西,,代理回收,,140,2026-8-30,,2026-10-06 18:57:22,,,,2026-10-06 18:57:22,2026-10-06 18:57:22
5091,LB-养,LB-养,,巴西,,封禁回收,0,140,2026-9-2,,2026-10-06 18:57:22,,,,2026-10-06 18:57:22,2026-10-06 18:57:22
5092,线条-TT,线条-TT,,巴西,,封禁回收,,140,2026-9-9,,2026-10-06 18:57:22,,,,2026-10-06 18:57:22,2026-10-06 18:57:22
5093,老王-TT,老王-TT,,巴西,,代理回收,,140,2026-9-11,,2026-10-06 18:57:22,,,,2026-10-06 18:57:22,2026-10-06 18:57:22
5094,Df-TT,Df-TT,,印尼,,代理回收,,140,2026-9-15,,2026-10-06 18:57:22,,,,2026-10-06 18:57:22,2026-10-06 18:57:22
5095,ADFly-TT,ADFly-TT,,巴西,,封禁回收,,140,2026-9-19,,2026-10-06 18:57:22,,,,2026-10-06 18:57:22,2026-10-06 18:57:22
5096,原力-TT,原力-TT,,印尼,,封禁回收,,140,2026-9-21,,2026-10-06 18:57:22,,,,2026-10-06 18:57:22,2026-10-06 18:57:22
5097,Nat-TT,Nat-TT,,巴西,,封禁回收,,140,2026-09-22,,2026-10-06 18:57:22,,,,2026-10-06 18:57:22,2026-10-06 18:57:22
5098,UP-TT,UP-TT,,巴西,,封禁回收,,140,2026-09-24,,2026-10-06 18:57:22,,,,2026-10-06 18:57:22,2026-10-06 18:57:22
5099,AS-TT,AS-TT,,印尼,,封禁清零回收,,140,2026-09-25,,2026-10-06 18:57:22,,,,2026-10-06 18:57:22,2026-10-06 18:57:22
